{"type":"FeatureCollection","features":[{"type":"Feature","geometry":{"coordinates":[[[106.70069734743862,-6.256101132182184],[106.7045240997903,-6.256101132182184],[106.7045240997903,-6.252274379830503],[106.70069734743862,-6.252274379830503],[106.70069734743862,-6.256101132182184]]],"type":"Polygon"},"properties":{"ALL_POI_COUNT":0}},{"type":"Feature","geometry":{"coordinates":[[[106.69687059508695,-6.252274379830503],[106.70069734743863,-6.252274379830503],[106.70069734743863,-6.248447627478821],[106.69687059508695,-6.248447627478821],[106.69687059508695,-6.252274379830503]]],"type":"Polygon"},"properties":{"ALL_POI_COUNT":0}},{"type":"Feature","geometry":{"coordinates":[[[106.70069734743862,-6.252274379830503],[106.7045240997903,-6.252274379830503],[106.7045240997903,-6.248447627478821],[106.70069734743862,-6.248447627478821],[106.70069734743862,-6.252274379830503]]],"type":"Polygon"},"properties":{"ALL_POI_COUNT":0}},{"type":"Feature","geometry":{"coordinates":[[[106.7045240997903,-6.252274379830503],[106.70835085214199,-6.252274379830503],[106.70835085214199,-6.248447627478821],[106.7045240997903,-6.248447627478821],[106.7045240997903,-6.252274379830503]]],"type":"Polygon"},"properties":{"ALL_POI_COUNT":1}},{"type":"Feature","geometry":{"coordinates":[[[106.70835085214199,-6.252274379830503],[106.71217760449368,-6.252274379830503],[106.71217760449368,-6.248447627478821],[106.70835085214199,-6.248447627478821],[106.70835085214199,-6.252274379830503]]],"type":"Polygon"},"properties":{"ALL_POI_COUNT":0}},{"type":"Feature","geometry":{"coordinates":[[[106.71217760449368,-6.252274379830503],[106.71600435684536,-6.252274379830503],[106.71600435684536,-6.248447627478821],[106.71217760449368,-6.248447627478821],[106.71217760449368,-6.252274379830503]]],"type":"Polygon"},"properties":{"ALL_POI_COUNT":0}},{"type":"Feature","geometry":{"coordinates":[[[106.71600435684535,-6.252274379830503],[106.71983110919703,-6.252274379830503],[106.71983110919703,-6.248447627478821],[106.71600435684535,-6.248447627478821],[106.71600435684535,-6.252274379830503]]],"type":"Polygon"},"properties":{"ALL_POI_COUNT":0}},{"type":"Feature","geometry":{"coordinates":[[[106.71983110919703,-6.252274379830503],[106.72365786154872,-6.252274379830503],[106.72365786154872,-6.248447627478821],[106.71983110919703,-6.248447627478821],[106.71983110919703,-6.252274379830503]]],"type":"Polygon"},"properties":{"ALL_POI_COUNT":0}},{"type":"Feature","geometry":{"coordinates":[[[106.72365786154872,-6.252274379830503],[106.7274846139004,-6.252274379830503],[106.7274846139004,-6.248447627478821],[106.72365786154872,-6.248447627478821],[106.72365786154872,-6.252274379830503]]],"type":"Polygon"},"properties":{"ALL_POI_COUNT":0}},{"type":"Feature","geometry":{"coordinates":[[[106.7274846139004,-6.252274379830503],[106.73131136625209,-6.252274379830503],[106.73131136625209,-6.248447627478821],[106.7274846139004,-6.248447627478821],[106.7274846139004,-6.252274379830503]]],"type":"Polygon"},"properties":{"ALL_POI_COUNT":0}},{"type":"Feature","geometry":{"coordinates":[[[106.73131136625207,-6.252274379830503],[106.73513811860376,-6.252274379830503],[106.73513811860376,-6.248447627478821],[106.73131136625207,-6.248447627478821],[106.73131136625207,-6.252274379830503]]],"type":"Polygon"},"properties":{"ALL_POI_COUNT":0}},{"type":"Feature","geometry":{"coordinates":[[[106.73513811860376,-6.252274379830503],[106.73896487095544,-6.252274379830503],[106.73896487095544,-6.248447627478821],[106.73513811860376,-6.248447627478821],[106.73513811860376,-6.252274379830503]]],"type":"Polygon"},"properties":{"ALL_POI_COUNT":0}},{"type":"Feature","geometry":{"coordinates":[[[106.73896487095544,-6.252274379830503],[106.74279162330713,-6.252274379830503],[106.74279162330713,-6.248447627478821],[106.73896487095544,-6.248447627478821],[106.73896487095544,-6.252274379830503]]],"type":"Polygon"},"properties":{"ALL_POI_COUNT":0}},{"type":"Feature","geometry":{"coordinates":[[[106.74279162330713,-6.252274379830503],[106.74661837565881,-6.252274379830503],[106.74661837565881,-6.248447627478821],[106.74279162330713,-6.248447627478821],[106.74279162330713,-6.252274379830503]]],"type":"Polygon"},"properties":{"ALL_POI_COUNT":0}},{"type":"Feature","geometry":{"coordinates":[[[106.69687059508695,-6.248447627478821],[106.70069734743863,-6.248447627478821],[106.70069734743863,-6.24462087512714],[106.69687059508695,-6.24462087512714],[106.69687059508695,-6.248447627478821]]],"type":"Polygon"},"properties":{"ALL_POI_COUNT":0}},{"type":"Feature","geometry":{"coordinates":[[[106.70069734743862,-6.248447627478821],[106.7045240997903,-6.248447627478821],[106.7045240997903,-6.24462087512714],[106.70069734743862,-6.24462087512714],[106.70069734743862,-6.248447627478821]]],"type":"Polygon"},"properties":{"ALL_POI_COUNT":0}},{"type":"Feature","geometry":{"coordinates":[[[106.7045240997903,-6.248447627478821],[106.70835085214199,-6.248447627478821],[106.70835085214199,-6.24462087512714],[106.7045240997903,-6.24462087512714],[106.7045240997903,-6.248447627478821]]],"type":"Polygon"},"properties":{"ALL_POI_COUNT":0}},{"type":"Feature","geometry":{"coordinates":[[[106.70835085214199,-6.248447627478821],[106.71217760449368,-6.248447627478821],[106.71217760449368,-6.24462087512714],[106.70835085214199,-6.24462087512714],[106.70835085214199,-6.248447627478821]]],"type":"Polygon"},"properties":{"ALL_POI_COUNT":0}},{"type":"Feature","geometry":{"coordinates":[[[106.71217760449368,-6.248447627478821],[106.71600435684536,-6.248447627478821],[106.71600435684536,-6.24462087512714],[106.71217760449368,-6.24462087512714],[106.71217760449368,-6.248447627478821]]],"type":"Polygon"},"properties":{"ALL_POI_COUNT":0}},{"type":"Feature","geometry":{"coordinates":[[[106.71600435684535,-6.248447627478821],[106.71983110919703,-6.248447627478821],[106.71983110919703,-6.24462087512714],[106.71600435684535,-6.24462087512714],[106.71600435684535,-6.248447627478821]]],"type":"Polygon"},"properties":{"ALL_POI_COUNT":0}},{"type":"Feature","geometry":{"coordinates":[[[106.71983110919703,-6.248447627478821],[106.72365786154872,-6.248447627478821],[106.72365786154872,-6.24462087512714],[106.71983110919703,-6.24462087512714],[106.71983110919703,-6.248447627478821]]],"type":"Polygon"},"properties":{"ALL_POI_COUNT":0}},{"type":"Feature","geometry":{"coordinates":[[[106.72365786154872,-6.248447627478821],[106.7274846139004,-6.248447627478821],[106.7274846139004,-6.24462087512714],[106.72365786154872,-6.24462087512714],[106.72365786154872,-6.248447627478821]]],"type":"Polygon"},"properties":{"ALL_POI_COUNT":0}},{"type":"Feature","geometry":{"coordinates":[[[106.7274846139004,-6.248447627478821],[106.73131136625209,-6.248447627478821],[106.73131136625209,-6.24462087512714],[106.7274846139004,-6.24462087512714],[106.7274846139004,-6.248447627478821]]],"type":"Polygon"},"properties":{"ALL_POI_COUNT":0}},{"type":"Feature","geometry":{"coordinates":[[[106.73131136625207,-6.248447627478821],[106.73513811860376,-6.248447627478821],[106.73513811860376,-6.24462087512714],[106.73131136625207,-6.24462087512714],[106.73131136625207,-6.248447627478821]]],"type":"Polygon"},"properties":{"ALL_POI_COUNT":1}},{"type":"Feature","geometry":{"coordinates":[[[106.73513811860376,-6.248447627478821],[106.73896487095544,-6.248447627478821],[106.73896487095544,-6.24462087512714],[106.73513811860376,-6.24462087512714],[106.73513811860376,-6.248447627478821]]],"type":"Polygon"},"properties":{"ALL_POI_COUNT":0}},{"type":"Feature","geometry":{"coordinates":[[[106.73896487095544,-6.248447627478821],[106.74279162330713,-6.248447627478821],[106.74279162330713,-6.24462087512714],[106.73896487095544,-6.24462087512714],[106.73896487095544,-6.248447627478821]]],"type":"Polygon"},"properties":{"ALL_POI_COUNT":0}},{"type":"Feature","geometry":{"coordinates":[[[106.74279162330713,-6.248447627478821],[106.74661837565881,-6.248447627478821],[106.74661837565881,-6.24462087512714],[106.74279162330713,-6.24462087512714],[106.74279162330713,-6.248447627478821]]],"type":"Polygon"},"properties":{"ALL_POI_COUNT":0}},{"type":"Feature","geometry":{"coordinates":[[[106.68921709038358,-6.24462087512714],[106.69304384273526,-6.24462087512714],[106.69304384273526,-6.240794122775458],[106.68921709038358,-6.240794122775458],[106.68921709038358,-6.24462087512714]]],"type":"Polygon"},"properties":{"ALL_POI_COUNT":0}},{"type":"Feature","geometry":{"coordinates":[[[106.69304384273526,-6.24462087512714],[106.69687059508695,-6.24462087512714],[106.69687059508695,-6.240794122775458],[106.69304384273526,-6.240794122775458],[106.69304384273526,-6.24462087512714]]],"type":"Polygon"},"properties":{"ALL_POI_COUNT":0}},{"type":"Feature","geometry":{"coordinates":[[[106.69687059508695,-6.24462087512714],[106.70069734743863,-6.24462087512714],[106.70069734743863,-6.240794122775458],[106.69687059508695,-6.240794122775458],[106.69687059508695,-6.24462087512714]]],"type":"Polygon"},"properties":{"ALL_POI_COUNT":0}},{"type":"Feature","geometry":{"coordinates":[[[106.70069734743862,-6.24462087512714],[106.7045240997903,-6.24462087512714],[106.7045240997903,-6.240794122775458],[106.70069734743862,-6.240794122775458],[106.70069734743862,-6.24462087512714]]],"type":"Polygon"},"properties":{"ALL_POI_COUNT":1}},{"type":"Feature","geometry":{"coordinates":[[[106.7045240997903,-6.24462087512714],[106.70835085214199,-6.24462087512714],[106.70835085214199,-6.240794122775458],[106.7045240997903,-6.240794122775458],[106.7045240997903,-6.24462087512714]]],"type":"Polygon"},"properties":{"ALL_POI_COUNT":0}},{"type":"Feature","geometry":{"coordinates":[[[106.70835085214199,-6.24462087512714],[106.71217760449368,-6.24462087512714],[106.71217760449368,-6.240794122775458],[106.70835085214199,-6.240794122775458],[106.70835085214199,-6.24462087512714]]],"type":"Polygon"},"properties":{"ALL_POI_COUNT":0}},{"type":"Feature","geometry":{"coordinates":[[[106.71217760449368,-6.24462087512714],[106.71600435684536,-6.24462087512714],[106.71600435684536,-6.240794122775458],[106.71217760449368,-6.240794122775458],[106.71217760449368,-6.24462087512714]]],"type":"Polygon"},"properties":{"ALL_POI_COUNT":0}},{"type":"Feature","geometry":{"coordinates":[[[106.71600435684535,-6.24462087512714],[106.71983110919703,-6.24462087512714],[106.71983110919703,-6.240794122775458],[106.71600435684535,-6.240794122775458],[106.71600435684535,-6.24462087512714]]],"type":"Polygon"},"properties":{"ALL_POI_COUNT":0}},{"type":"Feature","geometry":{"coordinates":[[[106.71983110919703,-6.24462087512714],[106.72365786154872,-6.24462087512714],[106.72365786154872,-6.240794122775458],[106.71983110919703,-6.240794122775458],[106.71983110919703,-6.24462087512714]]],"type":"Polygon"},"properties":{"ALL_POI_COUNT":0}},{"type":"Feature","geometry":{"coordinates":[[[106.72365786154872,-6.24462087512714],[106.7274846139004,-6.24462087512714],[106.7274846139004,-6.240794122775458],[106.72365786154872,-6.240794122775458],[106.72365786154872,-6.24462087512714]]],"type":"Polygon"},"properties":{"ALL_POI_COUNT":0}},{"type":"Feature","geometry":{"coordinates":[[[106.7274846139004,-6.24462087512714],[106.73131136625209,-6.24462087512714],[106.73131136625209,-6.240794122775458],[106.7274846139004,-6.240794122775458],[106.7274846139004,-6.24462087512714]]],"type":"Polygon"},"properties":{"ALL_POI_COUNT":0}},{"type":"Feature","geometry":{"coordinates":[[[106.73131136625207,-6.24462087512714],[106.73513811860376,-6.24462087512714],[106.73513811860376,-6.240794122775458],[106.73131136625207,-6.240794122775458],[106.73131136625207,-6.24462087512714]]],"type":"Polygon"},"properties":{"ALL_POI_COUNT":0}},{"type":"Feature","geometry":{"coordinates":[[[106.73513811860376,-6.24462087512714],[106.73896487095544,-6.24462087512714],[106.73896487095544,-6.240794122775458],[106.73513811860376,-6.240794122775458],[106.73513811860376,-6.24462087512714]]],"type":"Polygon"},"properties":{"ALL_POI_COUNT":0}},{"type":"Feature","geometry":{"coordinates":[[[106.73896487095544,-6.24462087512714],[106.74279162330713,-6.24462087512714],[106.74279162330713,-6.240794122775458],[106.73896487095544,-6.240794122775458],[106.73896487095544,-6.24462087512714]]],"type":"Polygon"},"properties":{"ALL_POI_COUNT":0}},{"type":"Feature","geometry":{"coordinates":[[[106.74279162330713,-6.24462087512714],[106.74661837565881,-6.24462087512714],[106.74661837565881,-6.240794122775458],[106.74279162330713,-6.240794122775458],[106.74279162330713,-6.24462087512714]]],"type":"Polygon"},"properties":{"ALL_POI_COUNT":0}},{"type":"Feature","geometry":{"coordinates":[[[106.68921709038358,-6.240794122775458],[106.69304384273526,-6.240794122775458],[106.69304384273526,-6.236967370423777],[106.68921709038358,-6.236967370423777],[106.68921709038358,-6.240794122775458]]],"type":"Polygon"},"properties":{"ALL_POI_COUNT":0}},{"type":"Feature","geometry":{"coordinates":[[[106.69304384273526,-6.240794122775458],[106.69687059508695,-6.240794122775458],[106.69687059508695,-6.236967370423777],[106.69304384273526,-6.236967370423777],[106.69304384273526,-6.240794122775458]]],"type":"Polygon"},"properties":{"ALL_POI_COUNT":0}},{"type":"Feature","geometry":{"coordinates":[[[106.69687059508695,-6.240794122775458],[106.70069734743863,-6.240794122775458],[106.70069734743863,-6.236967370423777],[106.69687059508695,-6.236967370423777],[106.69687059508695,-6.240794122775458]]],"type":"Polygon"},"properties":{"ALL_POI_COUNT":0}},{"type":"Feature","geometry":{"coordinates":[[[106.70069734743862,-6.240794122775458],[106.7045240997903,-6.240794122775458],[106.7045240997903,-6.236967370423777],[106.70069734743862,-6.236967370423777],[106.70069734743862,-6.240794122775458]]],"type":"Polygon"},"properties":{"ALL_POI_COUNT":0}},{"type":"Feature","geometry":{"coordinates":[[[106.7045240997903,-6.240794122775458],[106.70835085214199,-6.240794122775458],[106.70835085214199,-6.236967370423777],[106.7045240997903,-6.236967370423777],[106.7045240997903,-6.240794122775458]]],"type":"Polygon"},"properties":{"ALL_POI_COUNT":0}},{"type":"Feature","geometry":{"coordinates":[[[106.70835085214199,-6.240794122775458],[106.71217760449368,-6.240794122775458],[106.71217760449368,-6.236967370423777],[106.70835085214199,-6.236967370423777],[106.70835085214199,-6.240794122775458]]],"type":"Polygon"},"properties":{"ALL_POI_COUNT":0}},{"type":"Feature","geometry":{"coordinates":[[[106.71217760449368,-6.240794122775458],[106.71600435684536,-6.240794122775458],[106.71600435684536,-6.236967370423777],[106.71217760449368,-6.236967370423777],[106.71217760449368,-6.240794122775458]]],"type":"Polygon"},"properties":{"ALL_POI_COUNT":0}},{"type":"Feature","geometry":{"coordinates":[[[106.71600435684535,-6.240794122775458],[106.71983110919703,-6.240794122775458],[106.71983110919703,-6.236967370423777],[106.71600435684535,-6.236967370423777],[106.71600435684535,-6.240794122775458]]],"type":"Polygon"},"properties":{"ALL_POI_COUNT":0}},{"type":"Feature","geometry":{"coordinates":[[[106.71983110919703,-6.240794122775458],[106.72365786154872,-6.240794122775458],[106.72365786154872,-6.236967370423777],[106.71983110919703,-6.236967370423777],[106.71983110919703,-6.240794122775458]]],"type":"Polygon"},"properties":{"ALL_POI_COUNT":0}},{"type":"Feature","geometry":{"coordinates":[[[106.72365786154872,-6.240794122775458],[106.7274846139004,-6.240794122775458],[106.7274846139004,-6.236967370423777],[106.72365786154872,-6.236967370423777],[106.72365786154872,-6.240794122775458]]],"type":"Polygon"},"properties":{"ALL_POI_COUNT":0}},{"type":"Feature","geometry":{"coordinates":[[[106.7274846139004,-6.240794122775458],[106.73131136625209,-6.240794122775458],[106.73131136625209,-6.236967370423777],[106.7274846139004,-6.236967370423777],[106.7274846139004,-6.240794122775458]]],"type":"Polygon"},"properties":{"ALL_POI_COUNT":0}},{"type":"Feature","geometry":{"coordinates":[[[106.73131136625207,-6.240794122775458],[106.73513811860376,-6.240794122775458],[106.73513811860376,-6.236967370423777],[106.73131136625207,-6.236967370423777],[106.73131136625207,-6.240794122775458]]],"type":"Polygon"},"properties":{"ALL_POI_COUNT":0}},{"type":"Feature","geometry":{"coordinates":[[[106.73513811860376,-6.240794122775458],[106.73896487095544,-6.240794122775458],[106.73896487095544,-6.236967370423777],[106.73513811860376,-6.236967370423777],[106.73513811860376,-6.240794122775458]]],"type":"Polygon"},"properties":{"ALL_POI_COUNT":0}},{"type":"Feature","geometry":{"coordinates":[[[106.73896487095544,-6.240794122775458],[106.74279162330713,-6.240794122775458],[106.74279162330713,-6.236967370423777],[106.73896487095544,-6.236967370423777],[106.73896487095544,-6.240794122775458]]],"type":"Polygon"},"properties":{"ALL_POI_COUNT":0}},{"type":"Feature","geometry":{"coordinates":[[[106.74279162330713,-6.240794122775458],[106.74661837565881,-6.240794122775458],[106.74661837565881,-6.236967370423777],[106.74279162330713,-6.236967370423777],[106.74279162330713,-6.240794122775458]]],"type":"Polygon"},"properties":{"ALL_POI_COUNT":0}},{"type":"Feature","geometry":{"coordinates":[[[106.68921709038358,-6.236967370423777],[106.69304384273526,-6.236967370423777],[106.69304384273526,-6.233140618072095],[106.68921709038358,-6.233140618072095],[106.68921709038358,-6.236967370423777]]],"type":"Polygon"},"properties":{"ALL_POI_COUNT":0}},{"type":"Feature","geometry":{"coordinates":[[[106.69304384273526,-6.236967370423777],[106.69687059508695,-6.236967370423777],[106.69687059508695,-6.233140618072095],[106.69304384273526,-6.233140618072095],[106.69304384273526,-6.236967370423777]]],"type":"Polygon"},"properties":{"ALL_POI_COUNT":0}},{"type":"Feature","geometry":{"coordinates":[[[106.69687059508695,-6.236967370423777],[106.70069734743863,-6.236967370423777],[106.70069734743863,-6.233140618072095],[106.69687059508695,-6.233140618072095],[106.69687059508695,-6.236967370423777]]],"type":"Polygon"},"properties":{"ALL_POI_COUNT":0}},{"type":"Feature","geometry":{"coordinates":[[[106.70069734743862,-6.236967370423777],[106.7045240997903,-6.236967370423777],[106.7045240997903,-6.233140618072095],[106.70069734743862,-6.233140618072095],[106.70069734743862,-6.236967370423777]]],"type":"Polygon"},"properties":{"ALL_POI_COUNT":0}},{"type":"Feature","geometry":{"coordinates":[[[106.7045240997903,-6.236967370423777],[106.70835085214199,-6.236967370423777],[106.70835085214199,-6.233140618072095],[106.7045240997903,-6.233140618072095],[106.7045240997903,-6.236967370423777]]],"type":"Polygon"},"properties":{"ALL_POI_COUNT":0}},{"type":"Feature","geometry":{"coordinates":[[[106.70835085214199,-6.236967370423777],[106.71217760449368,-6.236967370423777],[106.71217760449368,-6.233140618072095],[106.70835085214199,-6.233140618072095],[106.70835085214199,-6.236967370423777]]],"type":"Polygon"},"properties":{"ALL_POI_COUNT":0}},{"type":"Feature","geometry":{"coordinates":[[[106.71217760449368,-6.236967370423777],[106.71600435684536,-6.236967370423777],[106.71600435684536,-6.233140618072095],[106.71217760449368,-6.233140618072095],[106.71217760449368,-6.236967370423777]]],"type":"Polygon"},"properties":{"ALL_POI_COUNT":0}},{"type":"Feature","geometry":{"coordinates":[[[106.71600435684535,-6.236967370423777],[106.71983110919703,-6.236967370423777],[106.71983110919703,-6.233140618072095],[106.71600435684535,-6.233140618072095],[106.71600435684535,-6.236967370423777]]],"type":"Polygon"},"properties":{"ALL_POI_COUNT":1}},{"type":"Feature","geometry":{"coordinates":[[[106.71983110919703,-6.236967370423777],[106.72365786154872,-6.236967370423777],[106.72365786154872,-6.233140618072095],[106.71983110919703,-6.233140618072095],[106.71983110919703,-6.236967370423777]]],"type":"Polygon"},"properties":{"ALL_POI_COUNT":0}},{"type":"Feature","geometry":{"coordinates":[[[106.72365786154872,-6.236967370423777],[106.7274846139004,-6.236967370423777],[106.7274846139004,-6.233140618072095],[106.72365786154872,-6.233140618072095],[106.72365786154872,-6.236967370423777]]],"type":"Polygon"},"properties":{"ALL_POI_COUNT":0}},{"type":"Feature","geometry":{"coordinates":[[[106.7274846139004,-6.236967370423777],[106.73131136625209,-6.236967370423777],[106.73131136625209,-6.233140618072095],[106.7274846139004,-6.233140618072095],[106.7274846139004,-6.236967370423777]]],"type":"Polygon"},"properties":{"ALL_POI_COUNT":0}},{"type":"Feature","geometry":{"coordinates":[[[106.73131136625207,-6.236967370423777],[106.73513811860376,-6.236967370423777],[106.73513811860376,-6.233140618072095],[106.73131136625207,-6.233140618072095],[106.73131136625207,-6.236967370423777]]],"type":"Polygon"},"properties":{"ALL_POI_COUNT":0}},{"type":"Feature","geometry":{"coordinates":[[[106.73513811860376,-6.236967370423777],[106.73896487095544,-6.236967370423777],[106.73896487095544,-6.233140618072095],[106.73513811860376,-6.233140618072095],[106.73513811860376,-6.236967370423777]]],"type":"Polygon"},"properties":{"ALL_POI_COUNT":0}},{"type":"Feature","geometry":{"coordinates":[[[106.73896487095544,-6.236967370423777],[106.74279162330713,-6.236967370423777],[106.74279162330713,-6.233140618072095],[106.73896487095544,-6.233140618072095],[106.73896487095544,-6.236967370423777]]],"type":"Polygon"},"properties":{"ALL_POI_COUNT":0}},{"type":"Feature","geometry":{"coordinates":[[[106.68921709038358,-6.233140618072095],[106.69304384273526,-6.233140618072095],[106.69304384273526,-6.229313865720414],[106.68921709038358,-6.229313865720414],[106.68921709038358,-6.233140618072095]]],"type":"Polygon"},"properties":{"ALL_POI_COUNT":0}},{"type":"Feature","geometry":{"coordinates":[[[106.69304384273526,-6.233140618072095],[106.69687059508695,-6.233140618072095],[106.69687059508695,-6.229313865720414],[106.69304384273526,-6.229313865720414],[106.69304384273526,-6.233140618072095]]],"type":"Polygon"},"properties":{"ALL_POI_COUNT":0}},{"type":"Feature","geometry":{"coordinates":[[[106.69687059508695,-6.233140618072095],[106.70069734743863,-6.233140618072095],[106.70069734743863,-6.229313865720414],[106.69687059508695,-6.229313865720414],[106.69687059508695,-6.233140618072095]]],"type":"Polygon"},"properties":{"ALL_POI_COUNT":0}},{"type":"Feature","geometry":{"coordinates":[[[106.70069734743862,-6.233140618072095],[106.7045240997903,-6.233140618072095],[106.7045240997903,-6.229313865720414],[106.70069734743862,-6.229313865720414],[106.70069734743862,-6.233140618072095]]],"type":"Polygon"},"properties":{"ALL_POI_COUNT":0}},{"type":"Feature","geometry":{"coordinates":[[[106.7045240997903,-6.233140618072095],[106.70835085214199,-6.233140618072095],[106.70835085214199,-6.229313865720414],[106.7045240997903,-6.229313865720414],[106.7045240997903,-6.233140618072095]]],"type":"Polygon"},"properties":{"ALL_POI_COUNT":0}},{"type":"Feature","geometry":{"coordinates":[[[106.70835085214199,-6.233140618072095],[106.71217760449368,-6.233140618072095],[106.71217760449368,-6.229313865720414],[106.70835085214199,-6.229313865720414],[106.70835085214199,-6.233140618072095]]],"type":"Polygon"},"properties":{"ALL_POI_COUNT":0}},{"type":"Feature","geometry":{"coordinates":[[[106.71217760449368,-6.233140618072095],[106.71600435684536,-6.233140618072095],[106.71600435684536,-6.229313865720414],[106.71217760449368,-6.229313865720414],[106.71217760449368,-6.233140618072095]]],"type":"Polygon"},"properties":{"ALL_POI_COUNT":0}},{"type":"Feature","geometry":{"coordinates":[[[106.71600435684535,-6.233140618072095],[106.71983110919703,-6.233140618072095],[106.71983110919703,-6.229313865720414],[106.71600435684535,-6.229313865720414],[106.71600435684535,-6.233140618072095]]],"type":"Polygon"},"properties":{"ALL_POI_COUNT":0}},{"type":"Feature","geometry":{"coordinates":[[[106.71983110919703,-6.233140618072095],[106.72365786154872,-6.233140618072095],[106.72365786154872,-6.229313865720414],[106.71983110919703,-6.229313865720414],[106.71983110919703,-6.233140618072095]]],"type":"Polygon"},"properties":{"ALL_POI_COUNT":0}},{"type":"Feature","geometry":{"coordinates":[[[106.72365786154872,-6.233140618072095],[106.7274846139004,-6.233140618072095],[106.7274846139004,-6.229313865720414],[106.72365786154872,-6.229313865720414],[106.72365786154872,-6.233140618072095]]],"type":"Polygon"},"properties":{"ALL_POI_COUNT":0}},{"type":"Feature","geometry":{"coordinates":[[[106.7274846139004,-6.233140618072095],[106.73131136625209,-6.233140618072095],[106.73131136625209,-6.229313865720414],[106.7274846139004,-6.229313865720414],[106.7274846139004,-6.233140618072095]]],"type":"Polygon"},"properties":{"ALL_POI_COUNT":0}},{"type":"Feature","geometry":{"coordinates":[[[106.73131136625207,-6.233140618072095],[106.73513811860376,-6.233140618072095],[106.73513811860376,-6.229313865720414],[106.73131136625207,-6.229313865720414],[106.73131136625207,-6.233140618072095]]],"type":"Polygon"},"properties":{"ALL_POI_COUNT":0}},{"type":"Feature","geometry":{"coordinates":[[[106.73513811860376,-6.233140618072095],[106.73896487095544,-6.233140618072095],[106.73896487095544,-6.229313865720414],[106.73513811860376,-6.229313865720414],[106.73513811860376,-6.233140618072095]]],"type":"Polygon"},"properties":{"ALL_POI_COUNT":0}},{"type":"Feature","geometry":{"coordinates":[[[106.73896487095544,-6.233140618072095],[106.74279162330713,-6.233140618072095],[106.74279162330713,-6.229313865720414],[106.73896487095544,-6.229313865720414],[106.73896487095544,-6.233140618072095]]],"type":"Polygon"},"properties":{"ALL_POI_COUNT":0}},{"type":"Feature","geometry":{"coordinates":[[[106.74279162330713,-6.233140618072095],[106.74661837565881,-6.233140618072095],[106.74661837565881,-6.229313865720414],[106.74279162330713,-6.229313865720414],[106.74279162330713,-6.233140618072095]]],"type":"Polygon"},"properties":{"ALL_POI_COUNT":0}},{"type":"Feature","geometry":{"coordinates":[[[106.63564255746005,-6.229313865720414],[106.63946930981173,-6.229313865720414],[106.63946930981173,-6.225487113368732],[106.63564255746005,-6.225487113368732],[106.63564255746005,-6.229313865720414]]],"type":"Polygon"},"properties":{"ALL_POI_COUNT":0}},{"type":"Feature","geometry":{"coordinates":[[[106.63946930981172,-6.229313865720414],[106.6432960621634,-6.229313865720414],[106.6432960621634,-6.225487113368732],[106.63946930981172,-6.225487113368732],[106.63946930981172,-6.229313865720414]]],"type":"Polygon"},"properties":{"ALL_POI_COUNT":0}},{"type":"Feature","geometry":{"coordinates":[[[106.6432960621634,-6.229313865720414],[106.64712281451509,-6.229313865720414],[106.64712281451509,-6.225487113368732],[106.6432960621634,-6.225487113368732],[106.6432960621634,-6.229313865720414]]],"type":"Polygon"},"properties":{"ALL_POI_COUNT":0}},{"type":"Feature","geometry":{"coordinates":[[[106.64712281451509,-6.229313865720414],[106.65094956686677,-6.229313865720414],[106.65094956686677,-6.225487113368732],[106.64712281451509,-6.225487113368732],[106.64712281451509,-6.229313865720414]]],"type":"Polygon"},"properties":{"ALL_POI_COUNT":0}},{"type":"Feature","geometry":{"coordinates":[[[106.65094956686677,-6.229313865720414],[106.65477631921846,-6.229313865720414],[106.65477631921846,-6.225487113368732],[106.65094956686677,-6.225487113368732],[106.65094956686677,-6.229313865720414]]],"type":"Polygon"},"properties":{"ALL_POI_COUNT":1}},{"type":"Feature","geometry":{"coordinates":[[[106.65477631921844,-6.229313865720414],[106.65860307157013,-6.229313865720414],[106.65860307157013,-6.225487113368732],[106.65477631921844,-6.225487113368732],[106.65477631921844,-6.229313865720414]]],"type":"Polygon"},"properties":{"ALL_POI_COUNT":0}},{"type":"Feature","geometry":{"coordinates":[[[106.65860307157013,-6.229313865720414],[106.66242982392181,-6.229313865720414],[106.66242982392181,-6.225487113368732],[106.65860307157013,-6.225487113368732],[106.65860307157013,-6.229313865720414]]],"type":"Polygon"},"properties":{"ALL_POI_COUNT":0}},{"type":"Feature","geometry":{"coordinates":[[[106.66242982392181,-6.229313865720414],[106.6662565762735,-6.229313865720414],[106.6662565762735,-6.225487113368732],[106.66242982392181,-6.225487113368732],[106.66242982392181,-6.229313865720414]]],"type":"Polygon"},"properties":{"ALL_POI_COUNT":0}},{"type":"Feature","geometry":{"coordinates":[[[106.6662565762735,-6.229313865720414],[106.67008332862518,-6.229313865720414],[106.67008332862518,-6.225487113368732],[106.6662565762735,-6.225487113368732],[106.6662565762735,-6.229313865720414]]],"type":"Polygon"},"properties":{"ALL_POI_COUNT":0}},{"type":"Feature","geometry":{"coordinates":[[[106.67008332862517,-6.229313865720414],[106.67391008097685,-6.229313865720414],[106.67391008097685,-6.225487113368732],[106.67008332862517,-6.225487113368732],[106.67008332862517,-6.229313865720414]]],"type":"Polygon"},"properties":{"ALL_POI_COUNT":0}},{"type":"Feature","geometry":{"coordinates":[[[106.67391008097685,-6.229313865720414],[106.67773683332854,-6.229313865720414],[106.67773683332854,-6.225487113368732],[106.67391008097685,-6.225487113368732],[106.67391008097685,-6.229313865720414]]],"type":"Polygon"},"properties":{"ALL_POI_COUNT":0}},{"type":"Feature","geometry":{"coordinates":[[[106.67773683332854,-6.229313865720414],[106.68156358568022,-6.229313865720414],[106.68156358568022,-6.225487113368732],[106.67773683332854,-6.225487113368732],[106.67773683332854,-6.229313865720414]]],"type":"Polygon"},"properties":{"ALL_POI_COUNT":0}},{"type":"Feature","geometry":{"coordinates":[[[106.68156358568022,-6.229313865720414],[106.68539033803191,-6.229313865720414],[106.68539033803191,-6.225487113368732],[106.68156358568022,-6.225487113368732],[106.68156358568022,-6.229313865720414]]],"type":"Polygon"},"properties":{"ALL_POI_COUNT":0}},{"type":"Feature","geometry":{"coordinates":[[[106.6853903380319,-6.229313865720414],[106.68921709038358,-6.229313865720414],[106.68921709038358,-6.225487113368732],[106.6853903380319,-6.225487113368732],[106.6853903380319,-6.229313865720414]]],"type":"Polygon"},"properties":{"ALL_POI_COUNT":0}},{"type":"Feature","geometry":{"coordinates":[[[106.68921709038358,-6.229313865720414],[106.69304384273526,-6.229313865720414],[106.69304384273526,-6.225487113368732],[106.68921709038358,-6.225487113368732],[106.68921709038358,-6.229313865720414]]],"type":"Polygon"},"properties":{"ALL_POI_COUNT":0}},{"type":"Feature","geometry":{"coordinates":[[[106.69304384273526,-6.229313865720414],[106.69687059508695,-6.229313865720414],[106.69687059508695,-6.225487113368732],[106.69304384273526,-6.225487113368732],[106.69304384273526,-6.229313865720414]]],"type":"Polygon"},"properties":{"ALL_POI_COUNT":0}},{"type":"Feature","geometry":{"coordinates":[[[106.69687059508695,-6.229313865720414],[106.70069734743863,-6.229313865720414],[106.70069734743863,-6.225487113368732],[106.69687059508695,-6.225487113368732],[106.69687059508695,-6.229313865720414]]],"type":"Polygon"},"properties":{"ALL_POI_COUNT":0}},{"type":"Feature","geometry":{"coordinates":[[[106.70069734743862,-6.229313865720414],[106.7045240997903,-6.229313865720414],[106.7045240997903,-6.225487113368732],[106.70069734743862,-6.225487113368732],[106.70069734743862,-6.229313865720414]]],"type":"Polygon"},"properties":{"ALL_POI_COUNT":0}},{"type":"Feature","geometry":{"coordinates":[[[106.7045240997903,-6.229313865720414],[106.70835085214199,-6.229313865720414],[106.70835085214199,-6.225487113368732],[106.7045240997903,-6.225487113368732],[106.7045240997903,-6.229313865720414]]],"type":"Polygon"},"properties":{"ALL_POI_COUNT":0}},{"type":"Feature","geometry":{"coordinates":[[[106.70835085214199,-6.229313865720414],[106.71217760449368,-6.229313865720414],[106.71217760449368,-6.225487113368732],[106.70835085214199,-6.225487113368732],[106.70835085214199,-6.229313865720414]]],"type":"Polygon"},"properties":{"ALL_POI_COUNT":0}},{"type":"Feature","geometry":{"coordinates":[[[106.71217760449368,-6.229313865720414],[106.71600435684536,-6.229313865720414],[106.71600435684536,-6.225487113368732],[106.71217760449368,-6.225487113368732],[106.71217760449368,-6.229313865720414]]],"type":"Polygon"},"properties":{"ALL_POI_COUNT":0}},{"type":"Feature","geometry":{"coordinates":[[[106.71600435684535,-6.229313865720414],[106.71983110919703,-6.229313865720414],[106.71983110919703,-6.225487113368732],[106.71600435684535,-6.225487113368732],[106.71600435684535,-6.229313865720414]]],"type":"Polygon"},"properties":{"ALL_POI_COUNT":0}},{"type":"Feature","geometry":{"coordinates":[[[106.71983110919703,-6.229313865720414],[106.72365786154872,-6.229313865720414],[106.72365786154872,-6.225487113368732],[106.71983110919703,-6.225487113368732],[106.71983110919703,-6.229313865720414]]],"type":"Polygon"},"properties":{"ALL_POI_COUNT":0}},{"type":"Feature","geometry":{"coordinates":[[[106.72365786154872,-6.229313865720414],[106.7274846139004,-6.229313865720414],[106.7274846139004,-6.225487113368732],[106.72365786154872,-6.225487113368732],[106.72365786154872,-6.229313865720414]]],"type":"Polygon"},"properties":{"ALL_POI_COUNT":0}},{"type":"Feature","geometry":{"coordinates":[[[106.7274846139004,-6.229313865720414],[106.73131136625209,-6.229313865720414],[106.73131136625209,-6.225487113368732],[106.7274846139004,-6.225487113368732],[106.7274846139004,-6.229313865720414]]],"type":"Polygon"},"properties":{"ALL_POI_COUNT":0}},{"type":"Feature","geometry":{"coordinates":[[[106.73131136625207,-6.229313865720414],[106.73513811860376,-6.229313865720414],[106.73513811860376,-6.225487113368732],[106.73131136625207,-6.225487113368732],[106.73131136625207,-6.229313865720414]]],"type":"Polygon"},"properties":{"ALL_POI_COUNT":1}},{"type":"Feature","geometry":{"coordinates":[[[106.73513811860376,-6.229313865720414],[106.73896487095544,-6.229313865720414],[106.73896487095544,-6.225487113368732],[106.73513811860376,-6.225487113368732],[106.73513811860376,-6.229313865720414]]],"type":"Polygon"},"properties":{"ALL_POI_COUNT":0}},{"type":"Feature","geometry":{"coordinates":[[[106.73896487095544,-6.229313865720414],[106.74279162330713,-6.229313865720414],[106.74279162330713,-6.225487113368732],[106.73896487095544,-6.225487113368732],[106.73896487095544,-6.229313865720414]]],"type":"Polygon"},"properties":{"ALL_POI_COUNT":0}},{"type":"Feature","geometry":{"coordinates":[[[106.61268204334995,-6.225487113368732],[106.61650879570163,-6.225487113368732],[106.61650879570163,-6.221660361017051],[106.61268204334995,-6.221660361017051],[106.61268204334995,-6.225487113368732]]],"type":"Polygon"},"properties":{"ALL_POI_COUNT":0}},{"type":"Feature","geometry":{"coordinates":[[[106.61650879570163,-6.225487113368732],[106.62033554805332,-6.225487113368732],[106.62033554805332,-6.221660361017051],[106.61650879570163,-6.221660361017051],[106.61650879570163,-6.225487113368732]]],"type":"Polygon"},"properties":{"ALL_POI_COUNT":0}},{"type":"Feature","geometry":{"coordinates":[[[106.62033554805332,-6.225487113368732],[106.624162300405,-6.225487113368732],[106.624162300405,-6.221660361017051],[106.62033554805332,-6.221660361017051],[106.62033554805332,-6.225487113368732]]],"type":"Polygon"},"properties":{"ALL_POI_COUNT":0}},{"type":"Feature","geometry":{"coordinates":[[[106.62416230040499,-6.225487113368732],[106.62798905275667,-6.225487113368732],[106.62798905275667,-6.221660361017051],[106.62416230040499,-6.221660361017051],[106.62416230040499,-6.225487113368732]]],"type":"Polygon"},"properties":{"ALL_POI_COUNT":0}},{"type":"Feature","geometry":{"coordinates":[[[106.62798905275667,-6.225487113368732],[106.63181580510836,-6.225487113368732],[106.63181580510836,-6.221660361017051],[106.62798905275667,-6.221660361017051],[106.62798905275667,-6.225487113368732]]],"type":"Polygon"},"properties":{"ALL_POI_COUNT":0}},{"type":"Feature","geometry":{"coordinates":[[[106.63181580510836,-6.225487113368732],[106.63564255746005,-6.225487113368732],[106.63564255746005,-6.221660361017051],[106.63181580510836,-6.221660361017051],[106.63181580510836,-6.225487113368732]]],"type":"Polygon"},"properties":{"ALL_POI_COUNT":0}},{"type":"Feature","geometry":{"coordinates":[[[106.63564255746005,-6.225487113368732],[106.63946930981173,-6.225487113368732],[106.63946930981173,-6.221660361017051],[106.63564255746005,-6.221660361017051],[106.63564255746005,-6.225487113368732]]],"type":"Polygon"},"properties":{"ALL_POI_COUNT":0}},{"type":"Feature","geometry":{"coordinates":[[[106.63946930981172,-6.225487113368732],[106.6432960621634,-6.225487113368732],[106.6432960621634,-6.221660361017051],[106.63946930981172,-6.221660361017051],[106.63946930981172,-6.225487113368732]]],"type":"Polygon"},"properties":{"ALL_POI_COUNT":0}},{"type":"Feature","geometry":{"coordinates":[[[106.6432960621634,-6.225487113368732],[106.64712281451509,-6.225487113368732],[106.64712281451509,-6.221660361017051],[106.6432960621634,-6.221660361017051],[106.6432960621634,-6.225487113368732]]],"type":"Polygon"},"properties":{"ALL_POI_COUNT":0}},{"type":"Feature","geometry":{"coordinates":[[[106.64712281451509,-6.225487113368732],[106.65094956686677,-6.225487113368732],[106.65094956686677,-6.221660361017051],[106.64712281451509,-6.221660361017051],[106.64712281451509,-6.225487113368732]]],"type":"Polygon"},"properties":{"ALL_POI_COUNT":0}},{"type":"Feature","geometry":{"coordinates":[[[106.65094956686677,-6.225487113368732],[106.65477631921846,-6.225487113368732],[106.65477631921846,-6.221660361017051],[106.65094956686677,-6.221660361017051],[106.65094956686677,-6.225487113368732]]],"type":"Polygon"},"properties":{"ALL_POI_COUNT":0}},{"type":"Feature","geometry":{"coordinates":[[[106.65477631921844,-6.225487113368732],[106.65860307157013,-6.225487113368732],[106.65860307157013,-6.221660361017051],[106.65477631921844,-6.221660361017051],[106.65477631921844,-6.225487113368732]]],"type":"Polygon"},"properties":{"ALL_POI_COUNT":1}},{"type":"Feature","geometry":{"coordinates":[[[106.65860307157013,-6.225487113368732],[106.66242982392181,-6.225487113368732],[106.66242982392181,-6.221660361017051],[106.65860307157013,-6.221660361017051],[106.65860307157013,-6.225487113368732]]],"type":"Polygon"},"properties":{"ALL_POI_COUNT":0}},{"type":"Feature","geometry":{"coordinates":[[[106.66242982392181,-6.225487113368732],[106.6662565762735,-6.225487113368732],[106.6662565762735,-6.221660361017051],[106.66242982392181,-6.221660361017051],[106.66242982392181,-6.225487113368732]]],"type":"Polygon"},"properties":{"ALL_POI_COUNT":0}},{"type":"Feature","geometry":{"coordinates":[[[106.6662565762735,-6.225487113368732],[106.67008332862518,-6.225487113368732],[106.67008332862518,-6.221660361017051],[106.6662565762735,-6.221660361017051],[106.6662565762735,-6.225487113368732]]],"type":"Polygon"},"properties":{"ALL_POI_COUNT":0}},{"type":"Feature","geometry":{"coordinates":[[[106.67008332862517,-6.225487113368732],[106.67391008097685,-6.225487113368732],[106.67391008097685,-6.221660361017051],[106.67008332862517,-6.221660361017051],[106.67008332862517,-6.225487113368732]]],"type":"Polygon"},"properties":{"ALL_POI_COUNT":0}},{"type":"Feature","geometry":{"coordinates":[[[106.67391008097685,-6.225487113368732],[106.67773683332854,-6.225487113368732],[106.67773683332854,-6.221660361017051],[106.67391008097685,-6.221660361017051],[106.67391008097685,-6.225487113368732]]],"type":"Polygon"},"properties":{"ALL_POI_COUNT":0}},{"type":"Feature","geometry":{"coordinates":[[[106.67773683332854,-6.225487113368732],[106.68156358568022,-6.225487113368732],[106.68156358568022,-6.221660361017051],[106.67773683332854,-6.221660361017051],[106.67773683332854,-6.225487113368732]]],"type":"Polygon"},"properties":{"ALL_POI_COUNT":0}},{"type":"Feature","geometry":{"coordinates":[[[106.68156358568022,-6.225487113368732],[106.68539033803191,-6.225487113368732],[106.68539033803191,-6.221660361017051],[106.68156358568022,-6.221660361017051],[106.68156358568022,-6.225487113368732]]],"type":"Polygon"},"properties":{"ALL_POI_COUNT":0}},{"type":"Feature","geometry":{"coordinates":[[[106.6853903380319,-6.225487113368732],[106.68921709038358,-6.225487113368732],[106.68921709038358,-6.221660361017051],[106.6853903380319,-6.221660361017051],[106.6853903380319,-6.225487113368732]]],"type":"Polygon"},"properties":{"ALL_POI_COUNT":0}},{"type":"Feature","geometry":{"coordinates":[[[106.68921709038358,-6.225487113368732],[106.69304384273526,-6.225487113368732],[106.69304384273526,-6.221660361017051],[106.68921709038358,-6.221660361017051],[106.68921709038358,-6.225487113368732]]],"type":"Polygon"},"properties":{"ALL_POI_COUNT":0}},{"type":"Feature","geometry":{"coordinates":[[[106.69304384273526,-6.225487113368732],[106.69687059508695,-6.225487113368732],[106.69687059508695,-6.221660361017051],[106.69304384273526,-6.221660361017051],[106.69304384273526,-6.225487113368732]]],"type":"Polygon"},"properties":{"ALL_POI_COUNT":0}},{"type":"Feature","geometry":{"coordinates":[[[106.69687059508695,-6.225487113368732],[106.70069734743863,-6.225487113368732],[106.70069734743863,-6.221660361017051],[106.69687059508695,-6.221660361017051],[106.69687059508695,-6.225487113368732]]],"type":"Polygon"},"properties":{"ALL_POI_COUNT":0}},{"type":"Feature","geometry":{"coordinates":[[[106.70069734743862,-6.225487113368732],[106.7045240997903,-6.225487113368732],[106.7045240997903,-6.221660361017051],[106.70069734743862,-6.221660361017051],[106.70069734743862,-6.225487113368732]]],"type":"Polygon"},"properties":{"ALL_POI_COUNT":0}},{"type":"Feature","geometry":{"coordinates":[[[106.7045240997903,-6.225487113368732],[106.70835085214199,-6.225487113368732],[106.70835085214199,-6.221660361017051],[106.7045240997903,-6.221660361017051],[106.7045240997903,-6.225487113368732]]],"type":"Polygon"},"properties":{"ALL_POI_COUNT":0}},{"type":"Feature","geometry":{"coordinates":[[[106.70835085214199,-6.225487113368732],[106.71217760449368,-6.225487113368732],[106.71217760449368,-6.221660361017051],[106.70835085214199,-6.221660361017051],[106.70835085214199,-6.225487113368732]]],"type":"Polygon"},"properties":{"ALL_POI_COUNT":0}},{"type":"Feature","geometry":{"coordinates":[[[106.71217760449368,-6.225487113368732],[106.71600435684536,-6.225487113368732],[106.71600435684536,-6.221660361017051],[106.71217760449368,-6.221660361017051],[106.71217760449368,-6.225487113368732]]],"type":"Polygon"},"properties":{"ALL_POI_COUNT":0}},{"type":"Feature","geometry":{"coordinates":[[[106.71600435684535,-6.225487113368732],[106.71983110919703,-6.225487113368732],[106.71983110919703,-6.221660361017051],[106.71600435684535,-6.221660361017051],[106.71600435684535,-6.225487113368732]]],"type":"Polygon"},"properties":{"ALL_POI_COUNT":0}},{"type":"Feature","geometry":{"coordinates":[[[106.73131136625207,-6.225487113368732],[106.73513811860376,-6.225487113368732],[106.73513811860376,-6.221660361017051],[106.73131136625207,-6.221660361017051],[106.73131136625207,-6.225487113368732]]],"type":"Polygon"},"properties":{"ALL_POI_COUNT":0}},{"type":"Feature","geometry":{"coordinates":[[[106.73513811860376,-6.225487113368732],[106.73896487095544,-6.225487113368732],[106.73896487095544,-6.221660361017051],[106.73513811860376,-6.221660361017051],[106.73513811860376,-6.225487113368732]]],"type":"Polygon"},"properties":{"ALL_POI_COUNT":0}},{"type":"Feature","geometry":{"coordinates":[[[106.5820680245365,-6.221660361017051],[106.58589477688818,-6.221660361017051],[106.58589477688818,-6.217833608665369],[106.5820680245365,-6.217833608665369],[106.5820680245365,-6.221660361017051]]],"type":"Polygon"},"properties":{"ALL_POI_COUNT":0}},{"type":"Feature","geometry":{"coordinates":[[[106.58589477688818,-6.221660361017051],[106.58972152923987,-6.221660361017051],[106.58972152923987,-6.217833608665369],[106.58589477688818,-6.217833608665369],[106.58589477688818,-6.221660361017051]]],"type":"Polygon"},"properties":{"ALL_POI_COUNT":0}},{"type":"Feature","geometry":{"coordinates":[[[106.58972152923987,-6.221660361017051],[106.59354828159155,-6.221660361017051],[106.59354828159155,-6.217833608665369],[106.58972152923987,-6.217833608665369],[106.58972152923987,-6.221660361017051]]],"type":"Polygon"},"properties":{"ALL_POI_COUNT":0}},{"type":"Feature","geometry":{"coordinates":[[[106.60885529099826,-6.221660361017051],[106.61268204334995,-6.221660361017051],[106.61268204334995,-6.217833608665369],[106.60885529099826,-6.217833608665369],[106.60885529099826,-6.221660361017051]]],"type":"Polygon"},"properties":{"ALL_POI_COUNT":0}},{"type":"Feature","geometry":{"coordinates":[[[106.61268204334995,-6.221660361017051],[106.61650879570163,-6.221660361017051],[106.61650879570163,-6.217833608665369],[106.61268204334995,-6.217833608665369],[106.61268204334995,-6.221660361017051]]],"type":"Polygon"},"properties":{"ALL_POI_COUNT":0}},{"type":"Feature","geometry":{"coordinates":[[[106.61650879570163,-6.221660361017051],[106.62033554805332,-6.221660361017051],[106.62033554805332,-6.217833608665369],[106.61650879570163,-6.217833608665369],[106.61650879570163,-6.221660361017051]]],"type":"Polygon"},"properties":{"ALL_POI_COUNT":0}},{"type":"Feature","geometry":{"coordinates":[[[106.62033554805332,-6.221660361017051],[106.624162300405,-6.221660361017051],[106.624162300405,-6.217833608665369],[106.62033554805332,-6.217833608665369],[106.62033554805332,-6.221660361017051]]],"type":"Polygon"},"properties":{"ALL_POI_COUNT":0}},{"type":"Feature","geometry":{"coordinates":[[[106.62416230040499,-6.221660361017051],[106.62798905275667,-6.221660361017051],[106.62798905275667,-6.217833608665369],[106.62416230040499,-6.217833608665369],[106.62416230040499,-6.221660361017051]]],"type":"Polygon"},"properties":{"ALL_POI_COUNT":0}},{"type":"Feature","geometry":{"coordinates":[[[106.62798905275667,-6.221660361017051],[106.63181580510836,-6.221660361017051],[106.63181580510836,-6.217833608665369],[106.62798905275667,-6.217833608665369],[106.62798905275667,-6.221660361017051]]],"type":"Polygon"},"properties":{"ALL_POI_COUNT":0}},{"type":"Feature","geometry":{"coordinates":[[[106.63181580510836,-6.221660361017051],[106.63564255746005,-6.221660361017051],[106.63564255746005,-6.217833608665369],[106.63181580510836,-6.217833608665369],[106.63181580510836,-6.221660361017051]]],"type":"Polygon"},"properties":{"ALL_POI_COUNT":0}},{"type":"Feature","geometry":{"coordinates":[[[106.63564255746005,-6.221660361017051],[106.63946930981173,-6.221660361017051],[106.63946930981173,-6.217833608665369],[106.63564255746005,-6.217833608665369],[106.63564255746005,-6.221660361017051]]],"type":"Polygon"},"properties":{"ALL_POI_COUNT":0}},{"type":"Feature","geometry":{"coordinates":[[[106.63946930981172,-6.221660361017051],[106.6432960621634,-6.221660361017051],[106.6432960621634,-6.217833608665369],[106.63946930981172,-6.217833608665369],[106.63946930981172,-6.221660361017051]]],"type":"Polygon"},"properties":{"ALL_POI_COUNT":0}},{"type":"Feature","geometry":{"coordinates":[[[106.6432960621634,-6.221660361017051],[106.64712281451509,-6.221660361017051],[106.64712281451509,-6.217833608665369],[106.6432960621634,-6.217833608665369],[106.6432960621634,-6.221660361017051]]],"type":"Polygon"},"properties":{"ALL_POI_COUNT":0}},{"type":"Feature","geometry":{"coordinates":[[[106.64712281451509,-6.221660361017051],[106.65094956686677,-6.221660361017051],[106.65094956686677,-6.217833608665369],[106.64712281451509,-6.217833608665369],[106.64712281451509,-6.221660361017051]]],"type":"Polygon"},"properties":{"ALL_POI_COUNT":0}},{"type":"Feature","geometry":{"coordinates":[[[106.65094956686677,-6.221660361017051],[106.65477631921846,-6.221660361017051],[106.65477631921846,-6.217833608665369],[106.65094956686677,-6.217833608665369],[106.65094956686677,-6.221660361017051]]],"type":"Polygon"},"properties":{"ALL_POI_COUNT":0}},{"type":"Feature","geometry":{"coordinates":[[[106.65477631921844,-6.221660361017051],[106.65860307157013,-6.221660361017051],[106.65860307157013,-6.217833608665369],[106.65477631921844,-6.217833608665369],[106.65477631921844,-6.221660361017051]]],"type":"Polygon"},"properties":{"ALL_POI_COUNT":0}},{"type":"Feature","geometry":{"coordinates":[[[106.65860307157013,-6.221660361017051],[106.66242982392181,-6.221660361017051],[106.66242982392181,-6.217833608665369],[106.65860307157013,-6.217833608665369],[106.65860307157013,-6.221660361017051]]],"type":"Polygon"},"properties":{"ALL_POI_COUNT":1}},{"type":"Feature","geometry":{"coordinates":[[[106.66242982392181,-6.221660361017051],[106.6662565762735,-6.221660361017051],[106.6662565762735,-6.217833608665369],[106.66242982392181,-6.217833608665369],[106.66242982392181,-6.221660361017051]]],"type":"Polygon"},"properties":{"ALL_POI_COUNT":0}},{"type":"Feature","geometry":{"coordinates":[[[106.6662565762735,-6.221660361017051],[106.67008332862518,-6.221660361017051],[106.67008332862518,-6.217833608665369],[106.6662565762735,-6.217833608665369],[106.6662565762735,-6.221660361017051]]],"type":"Polygon"},"properties":{"ALL_POI_COUNT":0}},{"type":"Feature","geometry":{"coordinates":[[[106.67008332862517,-6.221660361017051],[106.67391008097685,-6.221660361017051],[106.67391008097685,-6.217833608665369],[106.67008332862517,-6.217833608665369],[106.67008332862517,-6.221660361017051]]],"type":"Polygon"},"properties":{"ALL_POI_COUNT":0}},{"type":"Feature","geometry":{"coordinates":[[[106.67391008097685,-6.221660361017051],[106.67773683332854,-6.221660361017051],[106.67773683332854,-6.217833608665369],[106.67391008097685,-6.217833608665369],[106.67391008097685,-6.221660361017051]]],"type":"Polygon"},"properties":{"ALL_POI_COUNT":0}},{"type":"Feature","geometry":{"coordinates":[[[106.67773683332854,-6.221660361017051],[106.68156358568022,-6.221660361017051],[106.68156358568022,-6.217833608665369],[106.67773683332854,-6.217833608665369],[106.67773683332854,-6.221660361017051]]],"type":"Polygon"},"properties":{"ALL_POI_COUNT":0}},{"type":"Feature","geometry":{"coordinates":[[[106.68156358568022,-6.221660361017051],[106.68539033803191,-6.221660361017051],[106.68539033803191,-6.217833608665369],[106.68156358568022,-6.217833608665369],[106.68156358568022,-6.221660361017051]]],"type":"Polygon"},"properties":{"ALL_POI_COUNT":0}},{"type":"Feature","geometry":{"coordinates":[[[106.6853903380319,-6.221660361017051],[106.68921709038358,-6.221660361017051],[106.68921709038358,-6.217833608665369],[106.6853903380319,-6.217833608665369],[106.6853903380319,-6.221660361017051]]],"type":"Polygon"},"properties":{"ALL_POI_COUNT":0}},{"type":"Feature","geometry":{"coordinates":[[[106.68921709038358,-6.221660361017051],[106.69304384273526,-6.221660361017051],[106.69304384273526,-6.217833608665369],[106.68921709038358,-6.217833608665369],[106.68921709038358,-6.221660361017051]]],"type":"Polygon"},"properties":{"ALL_POI_COUNT":2}},{"type":"Feature","geometry":{"coordinates":[[[106.69304384273526,-6.221660361017051],[106.69687059508695,-6.221660361017051],[106.69687059508695,-6.217833608665369],[106.69304384273526,-6.217833608665369],[106.69304384273526,-6.221660361017051]]],"type":"Polygon"},"properties":{"ALL_POI_COUNT":1}},{"type":"Feature","geometry":{"coordinates":[[[106.69687059508695,-6.221660361017051],[106.70069734743863,-6.221660361017051],[106.70069734743863,-6.217833608665369],[106.69687059508695,-6.217833608665369],[106.69687059508695,-6.221660361017051]]],"type":"Polygon"},"properties":{"ALL_POI_COUNT":0}},{"type":"Feature","geometry":{"coordinates":[[[106.70069734743862,-6.221660361017051],[106.7045240997903,-6.221660361017051],[106.7045240997903,-6.217833608665369],[106.70069734743862,-6.217833608665369],[106.70069734743862,-6.221660361017051]]],"type":"Polygon"},"properties":{"ALL_POI_COUNT":0}},{"type":"Feature","geometry":{"coordinates":[[[106.7045240997903,-6.221660361017051],[106.70835085214199,-6.221660361017051],[106.70835085214199,-6.217833608665369],[106.7045240997903,-6.217833608665369],[106.7045240997903,-6.221660361017051]]],"type":"Polygon"},"properties":{"ALL_POI_COUNT":1}},{"type":"Feature","geometry":{"coordinates":[[[106.70835085214199,-6.221660361017051],[106.71217760449368,-6.221660361017051],[106.71217760449368,-6.217833608665369],[106.70835085214199,-6.217833608665369],[106.70835085214199,-6.221660361017051]]],"type":"Polygon"},"properties":{"ALL_POI_COUNT":0}},{"type":"Feature","geometry":{"coordinates":[[[106.71217760449368,-6.221660361017051],[106.71600435684536,-6.221660361017051],[106.71600435684536,-6.217833608665369],[106.71217760449368,-6.217833608665369],[106.71217760449368,-6.221660361017051]]],"type":"Polygon"},"properties":{"ALL_POI_COUNT":0}},{"type":"Feature","geometry":{"coordinates":[[[106.71600435684535,-6.221660361017051],[106.71983110919703,-6.221660361017051],[106.71983110919703,-6.217833608665369],[106.71600435684535,-6.217833608665369],[106.71600435684535,-6.221660361017051]]],"type":"Polygon"},"properties":{"ALL_POI_COUNT":0}},{"type":"Feature","geometry":{"coordinates":[[[106.5820680245365,-6.2178336086653685],[106.58589477688818,-6.2178336086653685],[106.58589477688818,-6.214006856313687],[106.5820680245365,-6.214006856313687],[106.5820680245365,-6.2178336086653685]]],"type":"Polygon"},"properties":{"ALL_POI_COUNT":0}},{"type":"Feature","geometry":{"coordinates":[[[106.58589477688818,-6.2178336086653685],[106.58972152923987,-6.2178336086653685],[106.58972152923987,-6.214006856313687],[106.58589477688818,-6.214006856313687],[106.58589477688818,-6.2178336086653685]]],"type":"Polygon"},"properties":{"ALL_POI_COUNT":0}},{"type":"Feature","geometry":{"coordinates":[[[106.58972152923987,-6.2178336086653685],[106.59354828159155,-6.2178336086653685],[106.59354828159155,-6.214006856313687],[106.58972152923987,-6.214006856313687],[106.58972152923987,-6.2178336086653685]]],"type":"Polygon"},"properties":{"ALL_POI_COUNT":0}},{"type":"Feature","geometry":{"coordinates":[[[106.61268204334995,-6.2178336086653685],[106.61650879570163,-6.2178336086653685],[106.61650879570163,-6.214006856313687],[106.61268204334995,-6.214006856313687],[106.61268204334995,-6.2178336086653685]]],"type":"Polygon"},"properties":{"ALL_POI_COUNT":0}},{"type":"Feature","geometry":{"coordinates":[[[106.61650879570163,-6.2178336086653685],[106.62033554805332,-6.2178336086653685],[106.62033554805332,-6.214006856313687],[106.61650879570163,-6.214006856313687],[106.61650879570163,-6.2178336086653685]]],"type":"Polygon"},"properties":{"ALL_POI_COUNT":0}},{"type":"Feature","geometry":{"coordinates":[[[106.62033554805332,-6.2178336086653685],[106.624162300405,-6.2178336086653685],[106.624162300405,-6.214006856313687],[106.62033554805332,-6.214006856313687],[106.62033554805332,-6.2178336086653685]]],"type":"Polygon"},"properties":{"ALL_POI_COUNT":0}},{"type":"Feature","geometry":{"coordinates":[[[106.62416230040499,-6.2178336086653685],[106.62798905275667,-6.2178336086653685],[106.62798905275667,-6.214006856313687],[106.62416230040499,-6.214006856313687],[106.62416230040499,-6.2178336086653685]]],"type":"Polygon"},"properties":{"ALL_POI_COUNT":0}},{"type":"Feature","geometry":{"coordinates":[[[106.62798905275667,-6.2178336086653685],[106.63181580510836,-6.2178336086653685],[106.63181580510836,-6.214006856313687],[106.62798905275667,-6.214006856313687],[106.62798905275667,-6.2178336086653685]]],"type":"Polygon"},"properties":{"ALL_POI_COUNT":0}},{"type":"Feature","geometry":{"coordinates":[[[106.63181580510836,-6.2178336086653685],[106.63564255746005,-6.2178336086653685],[106.63564255746005,-6.214006856313687],[106.63181580510836,-6.214006856313687],[106.63181580510836,-6.2178336086653685]]],"type":"Polygon"},"properties":{"ALL_POI_COUNT":0}},{"type":"Feature","geometry":{"coordinates":[[[106.63564255746005,-6.2178336086653685],[106.63946930981173,-6.2178336086653685],[106.63946930981173,-6.214006856313687],[106.63564255746005,-6.214006856313687],[106.63564255746005,-6.2178336086653685]]],"type":"Polygon"},"properties":{"ALL_POI_COUNT":0}},{"type":"Feature","geometry":{"coordinates":[[[106.63946930981172,-6.2178336086653685],[106.6432960621634,-6.2178336086653685],[106.6432960621634,-6.214006856313687],[106.63946930981172,-6.214006856313687],[106.63946930981172,-6.2178336086653685]]],"type":"Polygon"},"properties":{"ALL_POI_COUNT":0}},{"type":"Feature","geometry":{"coordinates":[[[106.6432960621634,-6.2178336086653685],[106.64712281451509,-6.2178336086653685],[106.64712281451509,-6.214006856313687],[106.6432960621634,-6.214006856313687],[106.6432960621634,-6.2178336086653685]]],"type":"Polygon"},"properties":{"ALL_POI_COUNT":0}},{"type":"Feature","geometry":{"coordinates":[[[106.64712281451509,-6.2178336086653685],[106.65094956686677,-6.2178336086653685],[106.65094956686677,-6.214006856313687],[106.64712281451509,-6.214006856313687],[106.64712281451509,-6.2178336086653685]]],"type":"Polygon"},"properties":{"ALL_POI_COUNT":0}},{"type":"Feature","geometry":{"coordinates":[[[106.65094956686677,-6.2178336086653685],[106.65477631921846,-6.2178336086653685],[106.65477631921846,-6.214006856313687],[106.65094956686677,-6.214006856313687],[106.65094956686677,-6.2178336086653685]]],"type":"Polygon"},"properties":{"ALL_POI_COUNT":0}},{"type":"Feature","geometry":{"coordinates":[[[106.65477631921844,-6.2178336086653685],[106.65860307157013,-6.2178336086653685],[106.65860307157013,-6.214006856313687],[106.65477631921844,-6.214006856313687],[106.65477631921844,-6.2178336086653685]]],"type":"Polygon"},"properties":{"ALL_POI_COUNT":0}},{"type":"Feature","geometry":{"coordinates":[[[106.65860307157013,-6.2178336086653685],[106.66242982392181,-6.2178336086653685],[106.66242982392181,-6.214006856313687],[106.65860307157013,-6.214006856313687],[106.65860307157013,-6.2178336086653685]]],"type":"Polygon"},"properties":{"ALL_POI_COUNT":0}},{"type":"Feature","geometry":{"coordinates":[[[106.66242982392181,-6.2178336086653685],[106.6662565762735,-6.2178336086653685],[106.6662565762735,-6.214006856313687],[106.66242982392181,-6.214006856313687],[106.66242982392181,-6.2178336086653685]]],"type":"Polygon"},"properties":{"ALL_POI_COUNT":0}},{"type":"Feature","geometry":{"coordinates":[[[106.6662565762735,-6.2178336086653685],[106.67008332862518,-6.2178336086653685],[106.67008332862518,-6.214006856313687],[106.6662565762735,-6.214006856313687],[106.6662565762735,-6.2178336086653685]]],"type":"Polygon"},"properties":{"ALL_POI_COUNT":0}},{"type":"Feature","geometry":{"coordinates":[[[106.67008332862517,-6.2178336086653685],[106.67391008097685,-6.2178336086653685],[106.67391008097685,-6.214006856313687],[106.67008332862517,-6.214006856313687],[106.67008332862517,-6.2178336086653685]]],"type":"Polygon"},"properties":{"ALL_POI_COUNT":0}},{"type":"Feature","geometry":{"coordinates":[[[106.67391008097685,-6.2178336086653685],[106.67773683332854,-6.2178336086653685],[106.67773683332854,-6.214006856313687],[106.67391008097685,-6.214006856313687],[106.67391008097685,-6.2178336086653685]]],"type":"Polygon"},"properties":{"ALL_POI_COUNT":0}},{"type":"Feature","geometry":{"coordinates":[[[106.67773683332854,-6.2178336086653685],[106.68156358568022,-6.2178336086653685],[106.68156358568022,-6.214006856313687],[106.67773683332854,-6.214006856313687],[106.67773683332854,-6.2178336086653685]]],"type":"Polygon"},"properties":{"ALL_POI_COUNT":0}},{"type":"Feature","geometry":{"coordinates":[[[106.68156358568022,-6.2178336086653685],[106.68539033803191,-6.2178336086653685],[106.68539033803191,-6.214006856313687],[106.68156358568022,-6.214006856313687],[106.68156358568022,-6.2178336086653685]]],"type":"Polygon"},"properties":{"ALL_POI_COUNT":0}},{"type":"Feature","geometry":{"coordinates":[[[106.6853903380319,-6.2178336086653685],[106.68921709038358,-6.2178336086653685],[106.68921709038358,-6.214006856313687],[106.6853903380319,-6.214006856313687],[106.6853903380319,-6.2178336086653685]]],"type":"Polygon"},"properties":{"ALL_POI_COUNT":0}},{"type":"Feature","geometry":{"coordinates":[[[106.68921709038358,-6.2178336086653685],[106.69304384273526,-6.2178336086653685],[106.69304384273526,-6.214006856313687],[106.68921709038358,-6.214006856313687],[106.68921709038358,-6.2178336086653685]]],"type":"Polygon"},"properties":{"ALL_POI_COUNT":0}},{"type":"Feature","geometry":{"coordinates":[[[106.69304384273526,-6.2178336086653685],[106.69687059508695,-6.2178336086653685],[106.69687059508695,-6.214006856313687],[106.69304384273526,-6.214006856313687],[106.69304384273526,-6.2178336086653685]]],"type":"Polygon"},"properties":{"ALL_POI_COUNT":1}},{"type":"Feature","geometry":{"coordinates":[[[106.69687059508695,-6.2178336086653685],[106.70069734743863,-6.2178336086653685],[106.70069734743863,-6.214006856313687],[106.69687059508695,-6.214006856313687],[106.69687059508695,-6.2178336086653685]]],"type":"Polygon"},"properties":{"ALL_POI_COUNT":1}},{"type":"Feature","geometry":{"coordinates":[[[106.70069734743862,-6.2178336086653685],[106.7045240997903,-6.2178336086653685],[106.7045240997903,-6.214006856313687],[106.70069734743862,-6.214006856313687],[106.70069734743862,-6.2178336086653685]]],"type":"Polygon"},"properties":{"ALL_POI_COUNT":0}},{"type":"Feature","geometry":{"coordinates":[[[106.7045240997903,-6.2178336086653685],[106.70835085214199,-6.2178336086653685],[106.70835085214199,-6.214006856313687],[106.7045240997903,-6.214006856313687],[106.7045240997903,-6.2178336086653685]]],"type":"Polygon"},"properties":{"ALL_POI_COUNT":0}},{"type":"Feature","geometry":{"coordinates":[[[106.70835085214199,-6.2178336086653685],[106.71217760449368,-6.2178336086653685],[106.71217760449368,-6.214006856313687],[106.70835085214199,-6.214006856313687],[106.70835085214199,-6.2178336086653685]]],"type":"Polygon"},"properties":{"ALL_POI_COUNT":0}},{"type":"Feature","geometry":{"coordinates":[[[106.71217760449368,-6.2178336086653685],[106.71600435684536,-6.2178336086653685],[106.71600435684536,-6.214006856313687],[106.71217760449368,-6.214006856313687],[106.71217760449368,-6.2178336086653685]]],"type":"Polygon"},"properties":{"ALL_POI_COUNT":0}},{"type":"Feature","geometry":{"coordinates":[[[106.71600435684535,-6.2178336086653685],[106.71983110919703,-6.2178336086653685],[106.71983110919703,-6.214006856313687],[106.71600435684535,-6.214006856313687],[106.71600435684535,-6.2178336086653685]]],"type":"Polygon"},"properties":{"ALL_POI_COUNT":0}},{"type":"Feature","geometry":{"coordinates":[[[106.57058776748146,-6.214006856313687],[106.57441451983314,-6.214006856313687],[106.57441451983314,-6.2101801039620055],[106.57058776748146,-6.2101801039620055],[106.57058776748146,-6.214006856313687]]],"type":"Polygon"},"properties":{"ALL_POI_COUNT":0}},{"type":"Feature","geometry":{"coordinates":[[[106.57441451983314,-6.214006856313687],[106.57824127218483,-6.214006856313687],[106.57824127218483,-6.2101801039620055],[106.57441451983314,-6.2101801039620055],[106.57441451983314,-6.214006856313687]]],"type":"Polygon"},"properties":{"ALL_POI_COUNT":0}},{"type":"Feature","geometry":{"coordinates":[[[106.57824127218481,-6.214006856313687],[106.5820680245365,-6.214006856313687],[106.5820680245365,-6.2101801039620055],[106.57824127218481,-6.2101801039620055],[106.57824127218481,-6.214006856313687]]],"type":"Polygon"},"properties":{"ALL_POI_COUNT":0}},{"type":"Feature","geometry":{"coordinates":[[[106.5820680245365,-6.214006856313687],[106.58589477688818,-6.214006856313687],[106.58589477688818,-6.2101801039620055],[106.5820680245365,-6.2101801039620055],[106.5820680245365,-6.214006856313687]]],"type":"Polygon"},"properties":{"ALL_POI_COUNT":0}},{"type":"Feature","geometry":{"coordinates":[[[106.58589477688818,-6.214006856313687],[106.58972152923987,-6.214006856313687],[106.58972152923987,-6.2101801039620055],[106.58589477688818,-6.2101801039620055],[106.58589477688818,-6.214006856313687]]],"type":"Polygon"},"properties":{"ALL_POI_COUNT":0}},{"type":"Feature","geometry":{"coordinates":[[[106.58972152923987,-6.214006856313687],[106.59354828159155,-6.214006856313687],[106.59354828159155,-6.2101801039620055],[106.58972152923987,-6.2101801039620055],[106.58972152923987,-6.214006856313687]]],"type":"Polygon"},"properties":{"ALL_POI_COUNT":0}},{"type":"Feature","geometry":{"coordinates":[[[106.60120178629491,-6.214006856313687],[106.6050285386466,-6.214006856313687],[106.6050285386466,-6.2101801039620055],[106.60120178629491,-6.2101801039620055],[106.60120178629491,-6.214006856313687]]],"type":"Polygon"},"properties":{"ALL_POI_COUNT":0}},{"type":"Feature","geometry":{"coordinates":[[[106.6050285386466,-6.214006856313687],[106.60885529099828,-6.214006856313687],[106.60885529099828,-6.2101801039620055],[106.6050285386466,-6.2101801039620055],[106.6050285386466,-6.214006856313687]]],"type":"Polygon"},"properties":{"ALL_POI_COUNT":0}},{"type":"Feature","geometry":{"coordinates":[[[106.60885529099826,-6.214006856313687],[106.61268204334995,-6.214006856313687],[106.61268204334995,-6.2101801039620055],[106.60885529099826,-6.2101801039620055],[106.60885529099826,-6.214006856313687]]],"type":"Polygon"},"properties":{"ALL_POI_COUNT":0}},{"type":"Feature","geometry":{"coordinates":[[[106.61268204334995,-6.214006856313687],[106.61650879570163,-6.214006856313687],[106.61650879570163,-6.2101801039620055],[106.61268204334995,-6.2101801039620055],[106.61268204334995,-6.214006856313687]]],"type":"Polygon"},"properties":{"ALL_POI_COUNT":0}},{"type":"Feature","geometry":{"coordinates":[[[106.61650879570163,-6.214006856313687],[106.62033554805332,-6.214006856313687],[106.62033554805332,-6.2101801039620055],[106.61650879570163,-6.2101801039620055],[106.61650879570163,-6.214006856313687]]],"type":"Polygon"},"properties":{"ALL_POI_COUNT":0}},{"type":"Feature","geometry":{"coordinates":[[[106.62033554805332,-6.214006856313687],[106.624162300405,-6.214006856313687],[106.624162300405,-6.2101801039620055],[106.62033554805332,-6.2101801039620055],[106.62033554805332,-6.214006856313687]]],"type":"Polygon"},"properties":{"ALL_POI_COUNT":0}},{"type":"Feature","geometry":{"coordinates":[[[106.62416230040499,-6.214006856313687],[106.62798905275667,-6.214006856313687],[106.62798905275667,-6.2101801039620055],[106.62416230040499,-6.2101801039620055],[106.62416230040499,-6.214006856313687]]],"type":"Polygon"},"properties":{"ALL_POI_COUNT":0}},{"type":"Feature","geometry":{"coordinates":[[[106.62798905275667,-6.214006856313687],[106.63181580510836,-6.214006856313687],[106.63181580510836,-6.2101801039620055],[106.62798905275667,-6.2101801039620055],[106.62798905275667,-6.214006856313687]]],"type":"Polygon"},"properties":{"ALL_POI_COUNT":1}},{"type":"Feature","geometry":{"coordinates":[[[106.63181580510836,-6.214006856313687],[106.63564255746005,-6.214006856313687],[106.63564255746005,-6.2101801039620055],[106.63181580510836,-6.2101801039620055],[106.63181580510836,-6.214006856313687]]],"type":"Polygon"},"properties":{"ALL_POI_COUNT":0}},{"type":"Feature","geometry":{"coordinates":[[[106.63564255746005,-6.214006856313687],[106.63946930981173,-6.214006856313687],[106.63946930981173,-6.2101801039620055],[106.63564255746005,-6.2101801039620055],[106.63564255746005,-6.214006856313687]]],"type":"Polygon"},"properties":{"ALL_POI_COUNT":0}},{"type":"Feature","geometry":{"coordinates":[[[106.63946930981172,-6.214006856313687],[106.6432960621634,-6.214006856313687],[106.6432960621634,-6.2101801039620055],[106.63946930981172,-6.2101801039620055],[106.63946930981172,-6.214006856313687]]],"type":"Polygon"},"properties":{"ALL_POI_COUNT":0}},{"type":"Feature","geometry":{"coordinates":[[[106.6432960621634,-6.214006856313687],[106.64712281451509,-6.214006856313687],[106.64712281451509,-6.2101801039620055],[106.6432960621634,-6.2101801039620055],[106.6432960621634,-6.214006856313687]]],"type":"Polygon"},"properties":{"ALL_POI_COUNT":0}},{"type":"Feature","geometry":{"coordinates":[[[106.64712281451509,-6.214006856313687],[106.65094956686677,-6.214006856313687],[106.65094956686677,-6.2101801039620055],[106.64712281451509,-6.2101801039620055],[106.64712281451509,-6.214006856313687]]],"type":"Polygon"},"properties":{"ALL_POI_COUNT":0}},{"type":"Feature","geometry":{"coordinates":[[[106.65094956686677,-6.214006856313687],[106.65477631921846,-6.214006856313687],[106.65477631921846,-6.2101801039620055],[106.65094956686677,-6.2101801039620055],[106.65094956686677,-6.214006856313687]]],"type":"Polygon"},"properties":{"ALL_POI_COUNT":0}},{"type":"Feature","geometry":{"coordinates":[[[106.65477631921844,-6.214006856313687],[106.65860307157013,-6.214006856313687],[106.65860307157013,-6.2101801039620055],[106.65477631921844,-6.2101801039620055],[106.65477631921844,-6.214006856313687]]],"type":"Polygon"},"properties":{"ALL_POI_COUNT":0}},{"type":"Feature","geometry":{"coordinates":[[[106.65860307157013,-6.214006856313687],[106.66242982392181,-6.214006856313687],[106.66242982392181,-6.2101801039620055],[106.65860307157013,-6.2101801039620055],[106.65860307157013,-6.214006856313687]]],"type":"Polygon"},"properties":{"ALL_POI_COUNT":0}},{"type":"Feature","geometry":{"coordinates":[[[106.66242982392181,-6.214006856313687],[106.6662565762735,-6.214006856313687],[106.6662565762735,-6.2101801039620055],[106.66242982392181,-6.2101801039620055],[106.66242982392181,-6.214006856313687]]],"type":"Polygon"},"properties":{"ALL_POI_COUNT":0}},{"type":"Feature","geometry":{"coordinates":[[[106.6662565762735,-6.214006856313687],[106.67008332862518,-6.214006856313687],[106.67008332862518,-6.2101801039620055],[106.6662565762735,-6.2101801039620055],[106.6662565762735,-6.214006856313687]]],"type":"Polygon"},"properties":{"ALL_POI_COUNT":0}},{"type":"Feature","geometry":{"coordinates":[[[106.67008332862517,-6.214006856313687],[106.67391008097685,-6.214006856313687],[106.67391008097685,-6.2101801039620055],[106.67008332862517,-6.2101801039620055],[106.67008332862517,-6.214006856313687]]],"type":"Polygon"},"properties":{"ALL_POI_COUNT":0}},{"type":"Feature","geometry":{"coordinates":[[[106.67391008097685,-6.214006856313687],[106.67773683332854,-6.214006856313687],[106.67773683332854,-6.2101801039620055],[106.67391008097685,-6.2101801039620055],[106.67391008097685,-6.214006856313687]]],"type":"Polygon"},"properties":{"ALL_POI_COUNT":0}},{"type":"Feature","geometry":{"coordinates":[[[106.67773683332854,-6.214006856313687],[106.68156358568022,-6.214006856313687],[106.68156358568022,-6.2101801039620055],[106.67773683332854,-6.2101801039620055],[106.67773683332854,-6.214006856313687]]],"type":"Polygon"},"properties":{"ALL_POI_COUNT":0}},{"type":"Feature","geometry":{"coordinates":[[[106.68156358568022,-6.214006856313687],[106.68539033803191,-6.214006856313687],[106.68539033803191,-6.2101801039620055],[106.68156358568022,-6.2101801039620055],[106.68156358568022,-6.214006856313687]]],"type":"Polygon"},"properties":{"ALL_POI_COUNT":0}},{"type":"Feature","geometry":{"coordinates":[[[106.6853903380319,-6.214006856313687],[106.68921709038358,-6.214006856313687],[106.68921709038358,-6.2101801039620055],[106.6853903380319,-6.2101801039620055],[106.6853903380319,-6.214006856313687]]],"type":"Polygon"},"properties":{"ALL_POI_COUNT":0}},{"type":"Feature","geometry":{"coordinates":[[[106.68921709038358,-6.214006856313687],[106.69304384273526,-6.214006856313687],[106.69304384273526,-6.2101801039620055],[106.68921709038358,-6.2101801039620055],[106.68921709038358,-6.214006856313687]]],"type":"Polygon"},"properties":{"ALL_POI_COUNT":0}},{"type":"Feature","geometry":{"coordinates":[[[106.69304384273526,-6.214006856313687],[106.69687059508695,-6.214006856313687],[106.69687059508695,-6.2101801039620055],[106.69304384273526,-6.2101801039620055],[106.69304384273526,-6.214006856313687]]],"type":"Polygon"},"properties":{"ALL_POI_COUNT":1}},{"type":"Feature","geometry":{"coordinates":[[[106.69687059508695,-6.214006856313687],[106.70069734743863,-6.214006856313687],[106.70069734743863,-6.2101801039620055],[106.69687059508695,-6.2101801039620055],[106.69687059508695,-6.214006856313687]]],"type":"Polygon"},"properties":{"ALL_POI_COUNT":0}},{"type":"Feature","geometry":{"coordinates":[[[106.70069734743862,-6.214006856313687],[106.7045240997903,-6.214006856313687],[106.7045240997903,-6.2101801039620055],[106.70069734743862,-6.2101801039620055],[106.70069734743862,-6.214006856313687]]],"type":"Polygon"},"properties":{"ALL_POI_COUNT":0}},{"type":"Feature","geometry":{"coordinates":[[[106.7045240997903,-6.214006856313687],[106.70835085214199,-6.214006856313687],[106.70835085214199,-6.2101801039620055],[106.7045240997903,-6.2101801039620055],[106.7045240997903,-6.214006856313687]]],"type":"Polygon"},"properties":{"ALL_POI_COUNT":0}},{"type":"Feature","geometry":{"coordinates":[[[106.70835085214199,-6.214006856313687],[106.71217760449368,-6.214006856313687],[106.71217760449368,-6.2101801039620055],[106.70835085214199,-6.2101801039620055],[106.70835085214199,-6.214006856313687]]],"type":"Polygon"},"properties":{"ALL_POI_COUNT":0}},{"type":"Feature","geometry":{"coordinates":[[[106.71217760449368,-6.214006856313687],[106.71600435684536,-6.214006856313687],[106.71600435684536,-6.2101801039620055],[106.71217760449368,-6.2101801039620055],[106.71217760449368,-6.214006856313687]]],"type":"Polygon"},"properties":{"ALL_POI_COUNT":0}},{"type":"Feature","geometry":{"coordinates":[[[106.71600435684535,-6.214006856313687],[106.71983110919703,-6.214006856313687],[106.71983110919703,-6.2101801039620055],[106.71600435684535,-6.2101801039620055],[106.71600435684535,-6.214006856313687]]],"type":"Polygon"},"properties":{"ALL_POI_COUNT":0}},{"type":"Feature","geometry":{"coordinates":[[[106.56676101512977,-6.2101801039620055],[106.57058776748146,-6.2101801039620055],[106.57058776748146,-6.206353351610324],[106.56676101512977,-6.206353351610324],[106.56676101512977,-6.2101801039620055]]],"type":"Polygon"},"properties":{"ALL_POI_COUNT":0}},{"type":"Feature","geometry":{"coordinates":[[[106.57058776748146,-6.2101801039620055],[106.57441451983314,-6.2101801039620055],[106.57441451983314,-6.206353351610324],[106.57058776748146,-6.206353351610324],[106.57058776748146,-6.2101801039620055]]],"type":"Polygon"},"properties":{"ALL_POI_COUNT":0}},{"type":"Feature","geometry":{"coordinates":[[[106.57441451983314,-6.2101801039620055],[106.57824127218483,-6.2101801039620055],[106.57824127218483,-6.206353351610324],[106.57441451983314,-6.206353351610324],[106.57441451983314,-6.2101801039620055]]],"type":"Polygon"},"properties":{"ALL_POI_COUNT":0}},{"type":"Feature","geometry":{"coordinates":[[[106.57824127218481,-6.2101801039620055],[106.5820680245365,-6.2101801039620055],[106.5820680245365,-6.206353351610324],[106.57824127218481,-6.206353351610324],[106.57824127218481,-6.2101801039620055]]],"type":"Polygon"},"properties":{"ALL_POI_COUNT":0}},{"type":"Feature","geometry":{"coordinates":[[[106.5820680245365,-6.2101801039620055],[106.58589477688818,-6.2101801039620055],[106.58589477688818,-6.206353351610324],[106.5820680245365,-6.206353351610324],[106.5820680245365,-6.2101801039620055]]],"type":"Polygon"},"properties":{"ALL_POI_COUNT":0}},{"type":"Feature","geometry":{"coordinates":[[[106.58589477688818,-6.2101801039620055],[106.58972152923987,-6.2101801039620055],[106.58972152923987,-6.206353351610324],[106.58589477688818,-6.206353351610324],[106.58589477688818,-6.2101801039620055]]],"type":"Polygon"},"properties":{"ALL_POI_COUNT":0}},{"type":"Feature","geometry":{"coordinates":[[[106.58972152923987,-6.2101801039620055],[106.59354828159155,-6.2101801039620055],[106.59354828159155,-6.206353351610324],[106.58972152923987,-6.206353351610324],[106.58972152923987,-6.2101801039620055]]],"type":"Polygon"},"properties":{"ALL_POI_COUNT":0}},{"type":"Feature","geometry":{"coordinates":[[[106.6050285386466,-6.2101801039620055],[106.60885529099828,-6.2101801039620055],[106.60885529099828,-6.206353351610324],[106.6050285386466,-6.206353351610324],[106.6050285386466,-6.2101801039620055]]],"type":"Polygon"},"properties":{"ALL_POI_COUNT":0}},{"type":"Feature","geometry":{"coordinates":[[[106.60885529099826,-6.2101801039620055],[106.61268204334995,-6.2101801039620055],[106.61268204334995,-6.206353351610324],[106.60885529099826,-6.206353351610324],[106.60885529099826,-6.2101801039620055]]],"type":"Polygon"},"properties":{"ALL_POI_COUNT":0}},{"type":"Feature","geometry":{"coordinates":[[[106.61268204334995,-6.2101801039620055],[106.61650879570163,-6.2101801039620055],[106.61650879570163,-6.206353351610324],[106.61268204334995,-6.206353351610324],[106.61268204334995,-6.2101801039620055]]],"type":"Polygon"},"properties":{"ALL_POI_COUNT":0}},{"type":"Feature","geometry":{"coordinates":[[[106.61650879570163,-6.2101801039620055],[106.62033554805332,-6.2101801039620055],[106.62033554805332,-6.206353351610324],[106.61650879570163,-6.206353351610324],[106.61650879570163,-6.2101801039620055]]],"type":"Polygon"},"properties":{"ALL_POI_COUNT":0}},{"type":"Feature","geometry":{"coordinates":[[[106.62033554805332,-6.2101801039620055],[106.624162300405,-6.2101801039620055],[106.624162300405,-6.206353351610324],[106.62033554805332,-6.206353351610324],[106.62033554805332,-6.2101801039620055]]],"type":"Polygon"},"properties":{"ALL_POI_COUNT":0}},{"type":"Feature","geometry":{"coordinates":[[[106.62416230040499,-6.2101801039620055],[106.62798905275667,-6.2101801039620055],[106.62798905275667,-6.206353351610324],[106.62416230040499,-6.206353351610324],[106.62416230040499,-6.2101801039620055]]],"type":"Polygon"},"properties":{"ALL_POI_COUNT":0}},{"type":"Feature","geometry":{"coordinates":[[[106.62798905275667,-6.2101801039620055],[106.63181580510836,-6.2101801039620055],[106.63181580510836,-6.206353351610324],[106.62798905275667,-6.206353351610324],[106.62798905275667,-6.2101801039620055]]],"type":"Polygon"},"properties":{"ALL_POI_COUNT":0}},{"type":"Feature","geometry":{"coordinates":[[[106.63181580510836,-6.2101801039620055],[106.63564255746005,-6.2101801039620055],[106.63564255746005,-6.206353351610324],[106.63181580510836,-6.206353351610324],[106.63181580510836,-6.2101801039620055]]],"type":"Polygon"},"properties":{"ALL_POI_COUNT":0}},{"type":"Feature","geometry":{"coordinates":[[[106.63564255746005,-6.2101801039620055],[106.63946930981173,-6.2101801039620055],[106.63946930981173,-6.206353351610324],[106.63564255746005,-6.206353351610324],[106.63564255746005,-6.2101801039620055]]],"type":"Polygon"},"properties":{"ALL_POI_COUNT":0}},{"type":"Feature","geometry":{"coordinates":[[[106.63946930981172,-6.2101801039620055],[106.6432960621634,-6.2101801039620055],[106.6432960621634,-6.206353351610324],[106.63946930981172,-6.206353351610324],[106.63946930981172,-6.2101801039620055]]],"type":"Polygon"},"properties":{"ALL_POI_COUNT":0}},{"type":"Feature","geometry":{"coordinates":[[[106.6432960621634,-6.2101801039620055],[106.64712281451509,-6.2101801039620055],[106.64712281451509,-6.206353351610324],[106.6432960621634,-6.206353351610324],[106.6432960621634,-6.2101801039620055]]],"type":"Polygon"},"properties":{"ALL_POI_COUNT":1}},{"type":"Feature","geometry":{"coordinates":[[[106.64712281451509,-6.2101801039620055],[106.65094956686677,-6.2101801039620055],[106.65094956686677,-6.206353351610324],[106.64712281451509,-6.206353351610324],[106.64712281451509,-6.2101801039620055]]],"type":"Polygon"},"properties":{"ALL_POI_COUNT":3}},{"type":"Feature","geometry":{"coordinates":[[[106.65094956686677,-6.2101801039620055],[106.65477631921846,-6.2101801039620055],[106.65477631921846,-6.206353351610324],[106.65094956686677,-6.206353351610324],[106.65094956686677,-6.2101801039620055]]],"type":"Polygon"},"properties":{"ALL_POI_COUNT":0}},{"type":"Feature","geometry":{"coordinates":[[[106.65477631921844,-6.2101801039620055],[106.65860307157013,-6.2101801039620055],[106.65860307157013,-6.206353351610324],[106.65477631921844,-6.206353351610324],[106.65477631921844,-6.2101801039620055]]],"type":"Polygon"},"properties":{"ALL_POI_COUNT":0}},{"type":"Feature","geometry":{"coordinates":[[[106.65860307157013,-6.2101801039620055],[106.66242982392181,-6.2101801039620055],[106.66242982392181,-6.206353351610324],[106.65860307157013,-6.206353351610324],[106.65860307157013,-6.2101801039620055]]],"type":"Polygon"},"properties":{"ALL_POI_COUNT":0}},{"type":"Feature","geometry":{"coordinates":[[[106.66242982392181,-6.2101801039620055],[106.6662565762735,-6.2101801039620055],[106.6662565762735,-6.206353351610324],[106.66242982392181,-6.206353351610324],[106.66242982392181,-6.2101801039620055]]],"type":"Polygon"},"properties":{"ALL_POI_COUNT":0}},{"type":"Feature","geometry":{"coordinates":[[[106.6662565762735,-6.2101801039620055],[106.67008332862518,-6.2101801039620055],[106.67008332862518,-6.206353351610324],[106.6662565762735,-6.206353351610324],[106.6662565762735,-6.2101801039620055]]],"type":"Polygon"},"properties":{"ALL_POI_COUNT":0}},{"type":"Feature","geometry":{"coordinates":[[[106.67008332862517,-6.2101801039620055],[106.67391008097685,-6.2101801039620055],[106.67391008097685,-6.206353351610324],[106.67008332862517,-6.206353351610324],[106.67008332862517,-6.2101801039620055]]],"type":"Polygon"},"properties":{"ALL_POI_COUNT":0}},{"type":"Feature","geometry":{"coordinates":[[[106.67391008097685,-6.2101801039620055],[106.67773683332854,-6.2101801039620055],[106.67773683332854,-6.206353351610324],[106.67391008097685,-6.206353351610324],[106.67391008097685,-6.2101801039620055]]],"type":"Polygon"},"properties":{"ALL_POI_COUNT":0}},{"type":"Feature","geometry":{"coordinates":[[[106.67773683332854,-6.2101801039620055],[106.68156358568022,-6.2101801039620055],[106.68156358568022,-6.206353351610324],[106.67773683332854,-6.206353351610324],[106.67773683332854,-6.2101801039620055]]],"type":"Polygon"},"properties":{"ALL_POI_COUNT":0}},{"type":"Feature","geometry":{"coordinates":[[[106.68156358568022,-6.2101801039620055],[106.68539033803191,-6.2101801039620055],[106.68539033803191,-6.206353351610324],[106.68156358568022,-6.206353351610324],[106.68156358568022,-6.2101801039620055]]],"type":"Polygon"},"properties":{"ALL_POI_COUNT":0}},{"type":"Feature","geometry":{"coordinates":[[[106.6853903380319,-6.2101801039620055],[106.68921709038358,-6.2101801039620055],[106.68921709038358,-6.206353351610324],[106.6853903380319,-6.206353351610324],[106.6853903380319,-6.2101801039620055]]],"type":"Polygon"},"properties":{"ALL_POI_COUNT":0}},{"type":"Feature","geometry":{"coordinates":[[[106.68921709038358,-6.2101801039620055],[106.69304384273526,-6.2101801039620055],[106.69304384273526,-6.206353351610324],[106.68921709038358,-6.206353351610324],[106.68921709038358,-6.2101801039620055]]],"type":"Polygon"},"properties":{"ALL_POI_COUNT":0}},{"type":"Feature","geometry":{"coordinates":[[[106.69304384273526,-6.2101801039620055],[106.69687059508695,-6.2101801039620055],[106.69687059508695,-6.206353351610324],[106.69304384273526,-6.206353351610324],[106.69304384273526,-6.2101801039620055]]],"type":"Polygon"},"properties":{"ALL_POI_COUNT":0}},{"type":"Feature","geometry":{"coordinates":[[[106.69687059508695,-6.2101801039620055],[106.70069734743863,-6.2101801039620055],[106.70069734743863,-6.206353351610324],[106.69687059508695,-6.206353351610324],[106.69687059508695,-6.2101801039620055]]],"type":"Polygon"},"properties":{"ALL_POI_COUNT":0}},{"type":"Feature","geometry":{"coordinates":[[[106.70069734743862,-6.2101801039620055],[106.7045240997903,-6.2101801039620055],[106.7045240997903,-6.206353351610324],[106.70069734743862,-6.206353351610324],[106.70069734743862,-6.2101801039620055]]],"type":"Polygon"},"properties":{"ALL_POI_COUNT":0}},{"type":"Feature","geometry":{"coordinates":[[[106.7045240997903,-6.2101801039620055],[106.70835085214199,-6.2101801039620055],[106.70835085214199,-6.206353351610324],[106.7045240997903,-6.206353351610324],[106.7045240997903,-6.2101801039620055]]],"type":"Polygon"},"properties":{"ALL_POI_COUNT":0}},{"type":"Feature","geometry":{"coordinates":[[[106.70835085214199,-6.2101801039620055],[106.71217760449368,-6.2101801039620055],[106.71217760449368,-6.206353351610324],[106.70835085214199,-6.206353351610324],[106.70835085214199,-6.2101801039620055]]],"type":"Polygon"},"properties":{"ALL_POI_COUNT":0}},{"type":"Feature","geometry":{"coordinates":[[[106.71217760449368,-6.2101801039620055],[106.71600435684536,-6.2101801039620055],[106.71600435684536,-6.206353351610324],[106.71217760449368,-6.206353351610324],[106.71217760449368,-6.2101801039620055]]],"type":"Polygon"},"properties":{"ALL_POI_COUNT":0}},{"type":"Feature","geometry":{"coordinates":[[[106.71600435684535,-6.2101801039620055],[106.71983110919703,-6.2101801039620055],[106.71983110919703,-6.206353351610324],[106.71600435684535,-6.206353351610324],[106.71600435684535,-6.2101801039620055]]],"type":"Polygon"},"properties":{"ALL_POI_COUNT":0}},{"type":"Feature","geometry":{"coordinates":[[[106.71983110919703,-6.2101801039620055],[106.72365786154872,-6.2101801039620055],[106.72365786154872,-6.206353351610324],[106.71983110919703,-6.206353351610324],[106.71983110919703,-6.2101801039620055]]],"type":"Polygon"},"properties":{"ALL_POI_COUNT":0}},{"type":"Feature","geometry":{"coordinates":[[[106.56676101512977,-6.206353351610324],[106.57058776748146,-6.206353351610324],[106.57058776748146,-6.2025265992586425],[106.56676101512977,-6.2025265992586425],[106.56676101512977,-6.206353351610324]]],"type":"Polygon"},"properties":{"ALL_POI_COUNT":0}},{"type":"Feature","geometry":{"coordinates":[[[106.57058776748146,-6.206353351610324],[106.57441451983314,-6.206353351610324],[106.57441451983314,-6.2025265992586425],[106.57058776748146,-6.2025265992586425],[106.57058776748146,-6.206353351610324]]],"type":"Polygon"},"properties":{"ALL_POI_COUNT":0}},{"type":"Feature","geometry":{"coordinates":[[[106.57441451983314,-6.206353351610324],[106.57824127218483,-6.206353351610324],[106.57824127218483,-6.2025265992586425],[106.57441451983314,-6.2025265992586425],[106.57441451983314,-6.206353351610324]]],"type":"Polygon"},"properties":{"ALL_POI_COUNT":0}},{"type":"Feature","geometry":{"coordinates":[[[106.57824127218481,-6.206353351610324],[106.5820680245365,-6.206353351610324],[106.5820680245365,-6.2025265992586425],[106.57824127218481,-6.2025265992586425],[106.57824127218481,-6.206353351610324]]],"type":"Polygon"},"properties":{"ALL_POI_COUNT":0}},{"type":"Feature","geometry":{"coordinates":[[[106.5820680245365,-6.206353351610324],[106.58589477688818,-6.206353351610324],[106.58589477688818,-6.2025265992586425],[106.5820680245365,-6.2025265992586425],[106.5820680245365,-6.206353351610324]]],"type":"Polygon"},"properties":{"ALL_POI_COUNT":0}},{"type":"Feature","geometry":{"coordinates":[[[106.58589477688818,-6.206353351610324],[106.58972152923987,-6.206353351610324],[106.58972152923987,-6.2025265992586425],[106.58589477688818,-6.2025265992586425],[106.58589477688818,-6.206353351610324]]],"type":"Polygon"},"properties":{"ALL_POI_COUNT":0}},{"type":"Feature","geometry":{"coordinates":[[[106.58972152923987,-6.206353351610324],[106.59354828159155,-6.206353351610324],[106.59354828159155,-6.2025265992586425],[106.58972152923987,-6.2025265992586425],[106.58972152923987,-6.206353351610324]]],"type":"Polygon"},"properties":{"ALL_POI_COUNT":0}},{"type":"Feature","geometry":{"coordinates":[[[106.59354828159154,-6.206353351610324],[106.59737503394322,-6.206353351610324],[106.59737503394322,-6.2025265992586425],[106.59354828159154,-6.2025265992586425],[106.59354828159154,-6.206353351610324]]],"type":"Polygon"},"properties":{"ALL_POI_COUNT":0}},{"type":"Feature","geometry":{"coordinates":[[[106.59737503394322,-6.206353351610324],[106.60120178629491,-6.206353351610324],[106.60120178629491,-6.2025265992586425],[106.59737503394322,-6.2025265992586425],[106.59737503394322,-6.206353351610324]]],"type":"Polygon"},"properties":{"ALL_POI_COUNT":0}},{"type":"Feature","geometry":{"coordinates":[[[106.60120178629491,-6.206353351610324],[106.6050285386466,-6.206353351610324],[106.6050285386466,-6.2025265992586425],[106.60120178629491,-6.2025265992586425],[106.60120178629491,-6.206353351610324]]],"type":"Polygon"},"properties":{"ALL_POI_COUNT":0}},{"type":"Feature","geometry":{"coordinates":[[[106.6050285386466,-6.206353351610324],[106.60885529099828,-6.206353351610324],[106.60885529099828,-6.2025265992586425],[106.6050285386466,-6.2025265992586425],[106.6050285386466,-6.206353351610324]]],"type":"Polygon"},"properties":{"ALL_POI_COUNT":0}},{"type":"Feature","geometry":{"coordinates":[[[106.60885529099826,-6.206353351610324],[106.61268204334995,-6.206353351610324],[106.61268204334995,-6.2025265992586425],[106.60885529099826,-6.2025265992586425],[106.60885529099826,-6.206353351610324]]],"type":"Polygon"},"properties":{"ALL_POI_COUNT":0}},{"type":"Feature","geometry":{"coordinates":[[[106.61268204334995,-6.206353351610324],[106.61650879570163,-6.206353351610324],[106.61650879570163,-6.2025265992586425],[106.61268204334995,-6.2025265992586425],[106.61268204334995,-6.206353351610324]]],"type":"Polygon"},"properties":{"ALL_POI_COUNT":0}},{"type":"Feature","geometry":{"coordinates":[[[106.61650879570163,-6.206353351610324],[106.62033554805332,-6.206353351610324],[106.62033554805332,-6.2025265992586425],[106.61650879570163,-6.2025265992586425],[106.61650879570163,-6.206353351610324]]],"type":"Polygon"},"properties":{"ALL_POI_COUNT":0}},{"type":"Feature","geometry":{"coordinates":[[[106.62033554805332,-6.206353351610324],[106.624162300405,-6.206353351610324],[106.624162300405,-6.2025265992586425],[106.62033554805332,-6.2025265992586425],[106.62033554805332,-6.206353351610324]]],"type":"Polygon"},"properties":{"ALL_POI_COUNT":0}},{"type":"Feature","geometry":{"coordinates":[[[106.62416230040499,-6.206353351610324],[106.62798905275667,-6.206353351610324],[106.62798905275667,-6.2025265992586425],[106.62416230040499,-6.2025265992586425],[106.62416230040499,-6.206353351610324]]],"type":"Polygon"},"properties":{"ALL_POI_COUNT":0}},{"type":"Feature","geometry":{"coordinates":[[[106.62798905275667,-6.206353351610324],[106.63181580510836,-6.206353351610324],[106.63181580510836,-6.2025265992586425],[106.62798905275667,-6.2025265992586425],[106.62798905275667,-6.206353351610324]]],"type":"Polygon"},"properties":{"ALL_POI_COUNT":0}},{"type":"Feature","geometry":{"coordinates":[[[106.63181580510836,-6.206353351610324],[106.63564255746005,-6.206353351610324],[106.63564255746005,-6.2025265992586425],[106.63181580510836,-6.2025265992586425],[106.63181580510836,-6.206353351610324]]],"type":"Polygon"},"properties":{"ALL_POI_COUNT":0}},{"type":"Feature","geometry":{"coordinates":[[[106.63564255746005,-6.206353351610324],[106.63946930981173,-6.206353351610324],[106.63946930981173,-6.2025265992586425],[106.63564255746005,-6.2025265992586425],[106.63564255746005,-6.206353351610324]]],"type":"Polygon"},"properties":{"ALL_POI_COUNT":0}},{"type":"Feature","geometry":{"coordinates":[[[106.63946930981172,-6.206353351610324],[106.6432960621634,-6.206353351610324],[106.6432960621634,-6.2025265992586425],[106.63946930981172,-6.2025265992586425],[106.63946930981172,-6.206353351610324]]],"type":"Polygon"},"properties":{"ALL_POI_COUNT":0}},{"type":"Feature","geometry":{"coordinates":[[[106.6432960621634,-6.206353351610324],[106.64712281451509,-6.206353351610324],[106.64712281451509,-6.2025265992586425],[106.6432960621634,-6.2025265992586425],[106.6432960621634,-6.206353351610324]]],"type":"Polygon"},"properties":{"ALL_POI_COUNT":4}},{"type":"Feature","geometry":{"coordinates":[[[106.64712281451509,-6.206353351610324],[106.65094956686677,-6.206353351610324],[106.65094956686677,-6.2025265992586425],[106.64712281451509,-6.2025265992586425],[106.64712281451509,-6.206353351610324]]],"type":"Polygon"},"properties":{"ALL_POI_COUNT":5}},{"type":"Feature","geometry":{"coordinates":[[[106.65094956686677,-6.206353351610324],[106.65477631921846,-6.206353351610324],[106.65477631921846,-6.2025265992586425],[106.65094956686677,-6.2025265992586425],[106.65094956686677,-6.206353351610324]]],"type":"Polygon"},"properties":{"ALL_POI_COUNT":0}},{"type":"Feature","geometry":{"coordinates":[[[106.65477631921844,-6.206353351610324],[106.65860307157013,-6.206353351610324],[106.65860307157013,-6.2025265992586425],[106.65477631921844,-6.2025265992586425],[106.65477631921844,-6.206353351610324]]],"type":"Polygon"},"properties":{"ALL_POI_COUNT":0}},{"type":"Feature","geometry":{"coordinates":[[[106.65860307157013,-6.206353351610324],[106.66242982392181,-6.206353351610324],[106.66242982392181,-6.2025265992586425],[106.65860307157013,-6.2025265992586425],[106.65860307157013,-6.206353351610324]]],"type":"Polygon"},"properties":{"ALL_POI_COUNT":0}},{"type":"Feature","geometry":{"coordinates":[[[106.66242982392181,-6.206353351610324],[106.6662565762735,-6.206353351610324],[106.6662565762735,-6.2025265992586425],[106.66242982392181,-6.2025265992586425],[106.66242982392181,-6.206353351610324]]],"type":"Polygon"},"properties":{"ALL_POI_COUNT":0}},{"type":"Feature","geometry":{"coordinates":[[[106.6662565762735,-6.206353351610324],[106.67008332862518,-6.206353351610324],[106.67008332862518,-6.2025265992586425],[106.6662565762735,-6.2025265992586425],[106.6662565762735,-6.206353351610324]]],"type":"Polygon"},"properties":{"ALL_POI_COUNT":0}},{"type":"Feature","geometry":{"coordinates":[[[106.67008332862517,-6.206353351610324],[106.67391008097685,-6.206353351610324],[106.67391008097685,-6.2025265992586425],[106.67008332862517,-6.2025265992586425],[106.67008332862517,-6.206353351610324]]],"type":"Polygon"},"properties":{"ALL_POI_COUNT":0}},{"type":"Feature","geometry":{"coordinates":[[[106.67391008097685,-6.206353351610324],[106.67773683332854,-6.206353351610324],[106.67773683332854,-6.2025265992586425],[106.67391008097685,-6.2025265992586425],[106.67391008097685,-6.206353351610324]]],"type":"Polygon"},"properties":{"ALL_POI_COUNT":0}},{"type":"Feature","geometry":{"coordinates":[[[106.67773683332854,-6.206353351610324],[106.68156358568022,-6.206353351610324],[106.68156358568022,-6.2025265992586425],[106.67773683332854,-6.2025265992586425],[106.67773683332854,-6.206353351610324]]],"type":"Polygon"},"properties":{"ALL_POI_COUNT":0}},{"type":"Feature","geometry":{"coordinates":[[[106.68156358568022,-6.206353351610324],[106.68539033803191,-6.206353351610324],[106.68539033803191,-6.2025265992586425],[106.68156358568022,-6.2025265992586425],[106.68156358568022,-6.206353351610324]]],"type":"Polygon"},"properties":{"ALL_POI_COUNT":0}},{"type":"Feature","geometry":{"coordinates":[[[106.6853903380319,-6.206353351610324],[106.68921709038358,-6.206353351610324],[106.68921709038358,-6.2025265992586425],[106.6853903380319,-6.2025265992586425],[106.6853903380319,-6.206353351610324]]],"type":"Polygon"},"properties":{"ALL_POI_COUNT":0}},{"type":"Feature","geometry":{"coordinates":[[[106.68921709038358,-6.206353351610324],[106.69304384273526,-6.206353351610324],[106.69304384273526,-6.2025265992586425],[106.68921709038358,-6.2025265992586425],[106.68921709038358,-6.206353351610324]]],"type":"Polygon"},"properties":{"ALL_POI_COUNT":0}},{"type":"Feature","geometry":{"coordinates":[[[106.69304384273526,-6.206353351610324],[106.69687059508695,-6.206353351610324],[106.69687059508695,-6.2025265992586425],[106.69304384273526,-6.2025265992586425],[106.69304384273526,-6.206353351610324]]],"type":"Polygon"},"properties":{"ALL_POI_COUNT":0}},{"type":"Feature","geometry":{"coordinates":[[[106.69687059508695,-6.206353351610324],[106.70069734743863,-6.206353351610324],[106.70069734743863,-6.2025265992586425],[106.69687059508695,-6.2025265992586425],[106.69687059508695,-6.206353351610324]]],"type":"Polygon"},"properties":{"ALL_POI_COUNT":0}},{"type":"Feature","geometry":{"coordinates":[[[106.70069734743862,-6.206353351610324],[106.7045240997903,-6.206353351610324],[106.7045240997903,-6.2025265992586425],[106.70069734743862,-6.2025265992586425],[106.70069734743862,-6.206353351610324]]],"type":"Polygon"},"properties":{"ALL_POI_COUNT":0}},{"type":"Feature","geometry":{"coordinates":[[[106.7045240997903,-6.206353351610324],[106.70835085214199,-6.206353351610324],[106.70835085214199,-6.2025265992586425],[106.7045240997903,-6.2025265992586425],[106.7045240997903,-6.206353351610324]]],"type":"Polygon"},"properties":{"ALL_POI_COUNT":0}},{"type":"Feature","geometry":{"coordinates":[[[106.70835085214199,-6.206353351610324],[106.71217760449368,-6.206353351610324],[106.71217760449368,-6.2025265992586425],[106.70835085214199,-6.2025265992586425],[106.70835085214199,-6.206353351610324]]],"type":"Polygon"},"properties":{"ALL_POI_COUNT":0}},{"type":"Feature","geometry":{"coordinates":[[[106.71217760449368,-6.206353351610324],[106.71600435684536,-6.206353351610324],[106.71600435684536,-6.2025265992586425],[106.71217760449368,-6.2025265992586425],[106.71217760449368,-6.206353351610324]]],"type":"Polygon"},"properties":{"ALL_POI_COUNT":0}},{"type":"Feature","geometry":{"coordinates":[[[106.71600435684535,-6.206353351610324],[106.71983110919703,-6.206353351610324],[106.71983110919703,-6.2025265992586425],[106.71600435684535,-6.2025265992586425],[106.71600435684535,-6.206353351610324]]],"type":"Polygon"},"properties":{"ALL_POI_COUNT":0}},{"type":"Feature","geometry":{"coordinates":[[[106.71983110919703,-6.206353351610324],[106.72365786154872,-6.206353351610324],[106.72365786154872,-6.2025265992586425],[106.71983110919703,-6.2025265992586425],[106.71983110919703,-6.206353351610324]]],"type":"Polygon"},"properties":{"ALL_POI_COUNT":0}},{"type":"Feature","geometry":{"coordinates":[[[106.55910751042641,-6.2025265992586425],[106.5629342627781,-6.2025265992586425],[106.5629342627781,-6.198699846906961],[106.55910751042641,-6.198699846906961],[106.55910751042641,-6.2025265992586425]]],"type":"Polygon"},"properties":{"ALL_POI_COUNT":0}},{"type":"Feature","geometry":{"coordinates":[[[106.56293426277809,-6.2025265992586425],[106.56676101512977,-6.2025265992586425],[106.56676101512977,-6.198699846906961],[106.56293426277809,-6.198699846906961],[106.56293426277809,-6.2025265992586425]]],"type":"Polygon"},"properties":{"ALL_POI_COUNT":0}},{"type":"Feature","geometry":{"coordinates":[[[106.56676101512977,-6.2025265992586425],[106.57058776748146,-6.2025265992586425],[106.57058776748146,-6.198699846906961],[106.56676101512977,-6.198699846906961],[106.56676101512977,-6.2025265992586425]]],"type":"Polygon"},"properties":{"ALL_POI_COUNT":0}},{"type":"Feature","geometry":{"coordinates":[[[106.57058776748146,-6.2025265992586425],[106.57441451983314,-6.2025265992586425],[106.57441451983314,-6.198699846906961],[106.57058776748146,-6.198699846906961],[106.57058776748146,-6.2025265992586425]]],"type":"Polygon"},"properties":{"ALL_POI_COUNT":0}},{"type":"Feature","geometry":{"coordinates":[[[106.57441451983314,-6.2025265992586425],[106.57824127218483,-6.2025265992586425],[106.57824127218483,-6.198699846906961],[106.57441451983314,-6.198699846906961],[106.57441451983314,-6.2025265992586425]]],"type":"Polygon"},"properties":{"ALL_POI_COUNT":0}},{"type":"Feature","geometry":{"coordinates":[[[106.57824127218481,-6.2025265992586425],[106.5820680245365,-6.2025265992586425],[106.5820680245365,-6.198699846906961],[106.57824127218481,-6.198699846906961],[106.57824127218481,-6.2025265992586425]]],"type":"Polygon"},"properties":{"ALL_POI_COUNT":0}},{"type":"Feature","geometry":{"coordinates":[[[106.5820680245365,-6.2025265992586425],[106.58589477688818,-6.2025265992586425],[106.58589477688818,-6.198699846906961],[106.5820680245365,-6.198699846906961],[106.5820680245365,-6.2025265992586425]]],"type":"Polygon"},"properties":{"ALL_POI_COUNT":0}},{"type":"Feature","geometry":{"coordinates":[[[106.58589477688818,-6.2025265992586425],[106.58972152923987,-6.2025265992586425],[106.58972152923987,-6.198699846906961],[106.58589477688818,-6.198699846906961],[106.58589477688818,-6.2025265992586425]]],"type":"Polygon"},"properties":{"ALL_POI_COUNT":0}},{"type":"Feature","geometry":{"coordinates":[[[106.58972152923987,-6.2025265992586425],[106.59354828159155,-6.2025265992586425],[106.59354828159155,-6.198699846906961],[106.58972152923987,-6.198699846906961],[106.58972152923987,-6.2025265992586425]]],"type":"Polygon"},"properties":{"ALL_POI_COUNT":0}},{"type":"Feature","geometry":{"coordinates":[[[106.59354828159154,-6.2025265992586425],[106.59737503394322,-6.2025265992586425],[106.59737503394322,-6.198699846906961],[106.59354828159154,-6.198699846906961],[106.59354828159154,-6.2025265992586425]]],"type":"Polygon"},"properties":{"ALL_POI_COUNT":0}},{"type":"Feature","geometry":{"coordinates":[[[106.59737503394322,-6.2025265992586425],[106.60120178629491,-6.2025265992586425],[106.60120178629491,-6.198699846906961],[106.59737503394322,-6.198699846906961],[106.59737503394322,-6.2025265992586425]]],"type":"Polygon"},"properties":{"ALL_POI_COUNT":0}},{"type":"Feature","geometry":{"coordinates":[[[106.60120178629491,-6.2025265992586425],[106.6050285386466,-6.2025265992586425],[106.6050285386466,-6.198699846906961],[106.60120178629491,-6.198699846906961],[106.60120178629491,-6.2025265992586425]]],"type":"Polygon"},"properties":{"ALL_POI_COUNT":0}},{"type":"Feature","geometry":{"coordinates":[[[106.6050285386466,-6.2025265992586425],[106.60885529099828,-6.2025265992586425],[106.60885529099828,-6.198699846906961],[106.6050285386466,-6.198699846906961],[106.6050285386466,-6.2025265992586425]]],"type":"Polygon"},"properties":{"ALL_POI_COUNT":0}},{"type":"Feature","geometry":{"coordinates":[[[106.60885529099826,-6.2025265992586425],[106.61268204334995,-6.2025265992586425],[106.61268204334995,-6.198699846906961],[106.60885529099826,-6.198699846906961],[106.60885529099826,-6.2025265992586425]]],"type":"Polygon"},"properties":{"ALL_POI_COUNT":0}},{"type":"Feature","geometry":{"coordinates":[[[106.61268204334995,-6.2025265992586425],[106.61650879570163,-6.2025265992586425],[106.61650879570163,-6.198699846906961],[106.61268204334995,-6.198699846906961],[106.61268204334995,-6.2025265992586425]]],"type":"Polygon"},"properties":{"ALL_POI_COUNT":0}},{"type":"Feature","geometry":{"coordinates":[[[106.61650879570163,-6.2025265992586425],[106.62033554805332,-6.2025265992586425],[106.62033554805332,-6.198699846906961],[106.61650879570163,-6.198699846906961],[106.61650879570163,-6.2025265992586425]]],"type":"Polygon"},"properties":{"ALL_POI_COUNT":0}},{"type":"Feature","geometry":{"coordinates":[[[106.62033554805332,-6.2025265992586425],[106.624162300405,-6.2025265992586425],[106.624162300405,-6.198699846906961],[106.62033554805332,-6.198699846906961],[106.62033554805332,-6.2025265992586425]]],"type":"Polygon"},"properties":{"ALL_POI_COUNT":0}},{"type":"Feature","geometry":{"coordinates":[[[106.62416230040499,-6.2025265992586425],[106.62798905275667,-6.2025265992586425],[106.62798905275667,-6.198699846906961],[106.62416230040499,-6.198699846906961],[106.62416230040499,-6.2025265992586425]]],"type":"Polygon"},"properties":{"ALL_POI_COUNT":0}},{"type":"Feature","geometry":{"coordinates":[[[106.62798905275667,-6.2025265992586425],[106.63181580510836,-6.2025265992586425],[106.63181580510836,-6.198699846906961],[106.62798905275667,-6.198699846906961],[106.62798905275667,-6.2025265992586425]]],"type":"Polygon"},"properties":{"ALL_POI_COUNT":0}},{"type":"Feature","geometry":{"coordinates":[[[106.63181580510836,-6.2025265992586425],[106.63564255746005,-6.2025265992586425],[106.63564255746005,-6.198699846906961],[106.63181580510836,-6.198699846906961],[106.63181580510836,-6.2025265992586425]]],"type":"Polygon"},"properties":{"ALL_POI_COUNT":1}},{"type":"Feature","geometry":{"coordinates":[[[106.63564255746005,-6.2025265992586425],[106.63946930981173,-6.2025265992586425],[106.63946930981173,-6.198699846906961],[106.63564255746005,-6.198699846906961],[106.63564255746005,-6.2025265992586425]]],"type":"Polygon"},"properties":{"ALL_POI_COUNT":0}},{"type":"Feature","geometry":{"coordinates":[[[106.63946930981172,-6.2025265992586425],[106.6432960621634,-6.2025265992586425],[106.6432960621634,-6.198699846906961],[106.63946930981172,-6.198699846906961],[106.63946930981172,-6.2025265992586425]]],"type":"Polygon"},"properties":{"ALL_POI_COUNT":1}},{"type":"Feature","geometry":{"coordinates":[[[106.6432960621634,-6.2025265992586425],[106.64712281451509,-6.2025265992586425],[106.64712281451509,-6.198699846906961],[106.6432960621634,-6.198699846906961],[106.6432960621634,-6.2025265992586425]]],"type":"Polygon"},"properties":{"ALL_POI_COUNT":0}},{"type":"Feature","geometry":{"coordinates":[[[106.64712281451509,-6.2025265992586425],[106.65094956686677,-6.2025265992586425],[106.65094956686677,-6.198699846906961],[106.64712281451509,-6.198699846906961],[106.64712281451509,-6.2025265992586425]]],"type":"Polygon"},"properties":{"ALL_POI_COUNT":0}},{"type":"Feature","geometry":{"coordinates":[[[106.65094956686677,-6.2025265992586425],[106.65477631921846,-6.2025265992586425],[106.65477631921846,-6.198699846906961],[106.65094956686677,-6.198699846906961],[106.65094956686677,-6.2025265992586425]]],"type":"Polygon"},"properties":{"ALL_POI_COUNT":0}},{"type":"Feature","geometry":{"coordinates":[[[106.65477631921844,-6.2025265992586425],[106.65860307157013,-6.2025265992586425],[106.65860307157013,-6.198699846906961],[106.65477631921844,-6.198699846906961],[106.65477631921844,-6.2025265992586425]]],"type":"Polygon"},"properties":{"ALL_POI_COUNT":0}},{"type":"Feature","geometry":{"coordinates":[[[106.65860307157013,-6.2025265992586425],[106.66242982392181,-6.2025265992586425],[106.66242982392181,-6.198699846906961],[106.65860307157013,-6.198699846906961],[106.65860307157013,-6.2025265992586425]]],"type":"Polygon"},"properties":{"ALL_POI_COUNT":0}},{"type":"Feature","geometry":{"coordinates":[[[106.66242982392181,-6.2025265992586425],[106.6662565762735,-6.2025265992586425],[106.6662565762735,-6.198699846906961],[106.66242982392181,-6.198699846906961],[106.66242982392181,-6.2025265992586425]]],"type":"Polygon"},"properties":{"ALL_POI_COUNT":0}},{"type":"Feature","geometry":{"coordinates":[[[106.6662565762735,-6.2025265992586425],[106.67008332862518,-6.2025265992586425],[106.67008332862518,-6.198699846906961],[106.6662565762735,-6.198699846906961],[106.6662565762735,-6.2025265992586425]]],"type":"Polygon"},"properties":{"ALL_POI_COUNT":0}},{"type":"Feature","geometry":{"coordinates":[[[106.67008332862517,-6.2025265992586425],[106.67391008097685,-6.2025265992586425],[106.67391008097685,-6.198699846906961],[106.67008332862517,-6.198699846906961],[106.67008332862517,-6.2025265992586425]]],"type":"Polygon"},"properties":{"ALL_POI_COUNT":0}},{"type":"Feature","geometry":{"coordinates":[[[106.67391008097685,-6.2025265992586425],[106.67773683332854,-6.2025265992586425],[106.67773683332854,-6.198699846906961],[106.67391008097685,-6.198699846906961],[106.67391008097685,-6.2025265992586425]]],"type":"Polygon"},"properties":{"ALL_POI_COUNT":0}},{"type":"Feature","geometry":{"coordinates":[[[106.67773683332854,-6.2025265992586425],[106.68156358568022,-6.2025265992586425],[106.68156358568022,-6.198699846906961],[106.67773683332854,-6.198699846906961],[106.67773683332854,-6.2025265992586425]]],"type":"Polygon"},"properties":{"ALL_POI_COUNT":0}},{"type":"Feature","geometry":{"coordinates":[[[106.68156358568022,-6.2025265992586425],[106.68539033803191,-6.2025265992586425],[106.68539033803191,-6.198699846906961],[106.68156358568022,-6.198699846906961],[106.68156358568022,-6.2025265992586425]]],"type":"Polygon"},"properties":{"ALL_POI_COUNT":0}},{"type":"Feature","geometry":{"coordinates":[[[106.6853903380319,-6.2025265992586425],[106.68921709038358,-6.2025265992586425],[106.68921709038358,-6.198699846906961],[106.6853903380319,-6.198699846906961],[106.6853903380319,-6.2025265992586425]]],"type":"Polygon"},"properties":{"ALL_POI_COUNT":0}},{"type":"Feature","geometry":{"coordinates":[[[106.68921709038358,-6.2025265992586425],[106.69304384273526,-6.2025265992586425],[106.69304384273526,-6.198699846906961],[106.68921709038358,-6.198699846906961],[106.68921709038358,-6.2025265992586425]]],"type":"Polygon"},"properties":{"ALL_POI_COUNT":0}},{"type":"Feature","geometry":{"coordinates":[[[106.69304384273526,-6.2025265992586425],[106.69687059508695,-6.2025265992586425],[106.69687059508695,-6.198699846906961],[106.69304384273526,-6.198699846906961],[106.69304384273526,-6.2025265992586425]]],"type":"Polygon"},"properties":{"ALL_POI_COUNT":0}},{"type":"Feature","geometry":{"coordinates":[[[106.69687059508695,-6.2025265992586425],[106.70069734743863,-6.2025265992586425],[106.70069734743863,-6.198699846906961],[106.69687059508695,-6.198699846906961],[106.69687059508695,-6.2025265992586425]]],"type":"Polygon"},"properties":{"ALL_POI_COUNT":0}},{"type":"Feature","geometry":{"coordinates":[[[106.70069734743862,-6.2025265992586425],[106.7045240997903,-6.2025265992586425],[106.7045240997903,-6.198699846906961],[106.70069734743862,-6.198699846906961],[106.70069734743862,-6.2025265992586425]]],"type":"Polygon"},"properties":{"ALL_POI_COUNT":0}},{"type":"Feature","geometry":{"coordinates":[[[106.7045240997903,-6.2025265992586425],[106.70835085214199,-6.2025265992586425],[106.70835085214199,-6.198699846906961],[106.7045240997903,-6.198699846906961],[106.7045240997903,-6.2025265992586425]]],"type":"Polygon"},"properties":{"ALL_POI_COUNT":0}},{"type":"Feature","geometry":{"coordinates":[[[106.70835085214199,-6.2025265992586425],[106.71217760449368,-6.2025265992586425],[106.71217760449368,-6.198699846906961],[106.70835085214199,-6.198699846906961],[106.70835085214199,-6.2025265992586425]]],"type":"Polygon"},"properties":{"ALL_POI_COUNT":0}},{"type":"Feature","geometry":{"coordinates":[[[106.71217760449368,-6.2025265992586425],[106.71600435684536,-6.2025265992586425],[106.71600435684536,-6.198699846906961],[106.71217760449368,-6.198699846906961],[106.71217760449368,-6.2025265992586425]]],"type":"Polygon"},"properties":{"ALL_POI_COUNT":0}},{"type":"Feature","geometry":{"coordinates":[[[106.71600435684535,-6.2025265992586425],[106.71983110919703,-6.2025265992586425],[106.71983110919703,-6.198699846906961],[106.71600435684535,-6.198699846906961],[106.71600435684535,-6.2025265992586425]]],"type":"Polygon"},"properties":{"ALL_POI_COUNT":0}},{"type":"Feature","geometry":{"coordinates":[[[106.71983110919703,-6.2025265992586425],[106.72365786154872,-6.2025265992586425],[106.72365786154872,-6.198699846906961],[106.71983110919703,-6.198699846906961],[106.71983110919703,-6.2025265992586425]]],"type":"Polygon"},"properties":{"ALL_POI_COUNT":0}},{"type":"Feature","geometry":{"coordinates":[[[106.55528075807473,-6.198699846906961],[106.55910751042641,-6.198699846906961],[106.55910751042641,-6.1948730945552795],[106.55528075807473,-6.1948730945552795],[106.55528075807473,-6.198699846906961]]],"type":"Polygon"},"properties":{"ALL_POI_COUNT":0}},{"type":"Feature","geometry":{"coordinates":[[[106.55910751042641,-6.198699846906961],[106.5629342627781,-6.198699846906961],[106.5629342627781,-6.1948730945552795],[106.55910751042641,-6.1948730945552795],[106.55910751042641,-6.198699846906961]]],"type":"Polygon"},"properties":{"ALL_POI_COUNT":0}},{"type":"Feature","geometry":{"coordinates":[[[106.56293426277809,-6.198699846906961],[106.56676101512977,-6.198699846906961],[106.56676101512977,-6.1948730945552795],[106.56293426277809,-6.1948730945552795],[106.56293426277809,-6.198699846906961]]],"type":"Polygon"},"properties":{"ALL_POI_COUNT":0}},{"type":"Feature","geometry":{"coordinates":[[[106.56676101512977,-6.198699846906961],[106.57058776748146,-6.198699846906961],[106.57058776748146,-6.1948730945552795],[106.56676101512977,-6.1948730945552795],[106.56676101512977,-6.198699846906961]]],"type":"Polygon"},"properties":{"ALL_POI_COUNT":0}},{"type":"Feature","geometry":{"coordinates":[[[106.57058776748146,-6.198699846906961],[106.57441451983314,-6.198699846906961],[106.57441451983314,-6.1948730945552795],[106.57058776748146,-6.1948730945552795],[106.57058776748146,-6.198699846906961]]],"type":"Polygon"},"properties":{"ALL_POI_COUNT":0}},{"type":"Feature","geometry":{"coordinates":[[[106.57441451983314,-6.198699846906961],[106.57824127218483,-6.198699846906961],[106.57824127218483,-6.1948730945552795],[106.57441451983314,-6.1948730945552795],[106.57441451983314,-6.198699846906961]]],"type":"Polygon"},"properties":{"ALL_POI_COUNT":0}},{"type":"Feature","geometry":{"coordinates":[[[106.57824127218481,-6.198699846906961],[106.5820680245365,-6.198699846906961],[106.5820680245365,-6.1948730945552795],[106.57824127218481,-6.1948730945552795],[106.57824127218481,-6.198699846906961]]],"type":"Polygon"},"properties":{"ALL_POI_COUNT":0}},{"type":"Feature","geometry":{"coordinates":[[[106.5820680245365,-6.198699846906961],[106.58589477688818,-6.198699846906961],[106.58589477688818,-6.1948730945552795],[106.5820680245365,-6.1948730945552795],[106.5820680245365,-6.198699846906961]]],"type":"Polygon"},"properties":{"ALL_POI_COUNT":0}},{"type":"Feature","geometry":{"coordinates":[[[106.58589477688818,-6.198699846906961],[106.58972152923987,-6.198699846906961],[106.58972152923987,-6.1948730945552795],[106.58589477688818,-6.1948730945552795],[106.58589477688818,-6.198699846906961]]],"type":"Polygon"},"properties":{"ALL_POI_COUNT":0}},{"type":"Feature","geometry":{"coordinates":[[[106.58972152923987,-6.198699846906961],[106.59354828159155,-6.198699846906961],[106.59354828159155,-6.1948730945552795],[106.58972152923987,-6.1948730945552795],[106.58972152923987,-6.198699846906961]]],"type":"Polygon"},"properties":{"ALL_POI_COUNT":0}},{"type":"Feature","geometry":{"coordinates":[[[106.59354828159154,-6.198699846906961],[106.59737503394322,-6.198699846906961],[106.59737503394322,-6.1948730945552795],[106.59354828159154,-6.1948730945552795],[106.59354828159154,-6.198699846906961]]],"type":"Polygon"},"properties":{"ALL_POI_COUNT":0}},{"type":"Feature","geometry":{"coordinates":[[[106.59737503394322,-6.198699846906961],[106.60120178629491,-6.198699846906961],[106.60120178629491,-6.1948730945552795],[106.59737503394322,-6.1948730945552795],[106.59737503394322,-6.198699846906961]]],"type":"Polygon"},"properties":{"ALL_POI_COUNT":0}},{"type":"Feature","geometry":{"coordinates":[[[106.60120178629491,-6.198699846906961],[106.6050285386466,-6.198699846906961],[106.6050285386466,-6.1948730945552795],[106.60120178629491,-6.1948730945552795],[106.60120178629491,-6.198699846906961]]],"type":"Polygon"},"properties":{"ALL_POI_COUNT":0}},{"type":"Feature","geometry":{"coordinates":[[[106.6050285386466,-6.198699846906961],[106.60885529099828,-6.198699846906961],[106.60885529099828,-6.1948730945552795],[106.6050285386466,-6.1948730945552795],[106.6050285386466,-6.198699846906961]]],"type":"Polygon"},"properties":{"ALL_POI_COUNT":0}},{"type":"Feature","geometry":{"coordinates":[[[106.60885529099826,-6.198699846906961],[106.61268204334995,-6.198699846906961],[106.61268204334995,-6.1948730945552795],[106.60885529099826,-6.1948730945552795],[106.60885529099826,-6.198699846906961]]],"type":"Polygon"},"properties":{"ALL_POI_COUNT":0}},{"type":"Feature","geometry":{"coordinates":[[[106.61268204334995,-6.198699846906961],[106.61650879570163,-6.198699846906961],[106.61650879570163,-6.1948730945552795],[106.61268204334995,-6.1948730945552795],[106.61268204334995,-6.198699846906961]]],"type":"Polygon"},"properties":{"ALL_POI_COUNT":0}},{"type":"Feature","geometry":{"coordinates":[[[106.61650879570163,-6.198699846906961],[106.62033554805332,-6.198699846906961],[106.62033554805332,-6.1948730945552795],[106.61650879570163,-6.1948730945552795],[106.61650879570163,-6.198699846906961]]],"type":"Polygon"},"properties":{"ALL_POI_COUNT":0}},{"type":"Feature","geometry":{"coordinates":[[[106.62033554805332,-6.198699846906961],[106.624162300405,-6.198699846906961],[106.624162300405,-6.1948730945552795],[106.62033554805332,-6.1948730945552795],[106.62033554805332,-6.198699846906961]]],"type":"Polygon"},"properties":{"ALL_POI_COUNT":0}},{"type":"Feature","geometry":{"coordinates":[[[106.62416230040499,-6.198699846906961],[106.62798905275667,-6.198699846906961],[106.62798905275667,-6.1948730945552795],[106.62416230040499,-6.1948730945552795],[106.62416230040499,-6.198699846906961]]],"type":"Polygon"},"properties":{"ALL_POI_COUNT":0}},{"type":"Feature","geometry":{"coordinates":[[[106.62798905275667,-6.198699846906961],[106.63181580510836,-6.198699846906961],[106.63181580510836,-6.1948730945552795],[106.62798905275667,-6.1948730945552795],[106.62798905275667,-6.198699846906961]]],"type":"Polygon"},"properties":{"ALL_POI_COUNT":2}},{"type":"Feature","geometry":{"coordinates":[[[106.63181580510836,-6.198699846906961],[106.63564255746005,-6.198699846906961],[106.63564255746005,-6.1948730945552795],[106.63181580510836,-6.1948730945552795],[106.63181580510836,-6.198699846906961]]],"type":"Polygon"},"properties":{"ALL_POI_COUNT":1}},{"type":"Feature","geometry":{"coordinates":[[[106.63564255746005,-6.198699846906961],[106.63946930981173,-6.198699846906961],[106.63946930981173,-6.1948730945552795],[106.63564255746005,-6.1948730945552795],[106.63564255746005,-6.198699846906961]]],"type":"Polygon"},"properties":{"ALL_POI_COUNT":0}},{"type":"Feature","geometry":{"coordinates":[[[106.63946930981172,-6.198699846906961],[106.6432960621634,-6.198699846906961],[106.6432960621634,-6.1948730945552795],[106.63946930981172,-6.1948730945552795],[106.63946930981172,-6.198699846906961]]],"type":"Polygon"},"properties":{"ALL_POI_COUNT":0}},{"type":"Feature","geometry":{"coordinates":[[[106.6432960621634,-6.198699846906961],[106.64712281451509,-6.198699846906961],[106.64712281451509,-6.1948730945552795],[106.6432960621634,-6.1948730945552795],[106.6432960621634,-6.198699846906961]]],"type":"Polygon"},"properties":{"ALL_POI_COUNT":0}},{"type":"Feature","geometry":{"coordinates":[[[106.64712281451509,-6.198699846906961],[106.65094956686677,-6.198699846906961],[106.65094956686677,-6.1948730945552795],[106.64712281451509,-6.1948730945552795],[106.64712281451509,-6.198699846906961]]],"type":"Polygon"},"properties":{"ALL_POI_COUNT":0}},{"type":"Feature","geometry":{"coordinates":[[[106.65094956686677,-6.198699846906961],[106.65477631921846,-6.198699846906961],[106.65477631921846,-6.1948730945552795],[106.65094956686677,-6.1948730945552795],[106.65094956686677,-6.198699846906961]]],"type":"Polygon"},"properties":{"ALL_POI_COUNT":0}},{"type":"Feature","geometry":{"coordinates":[[[106.65477631921844,-6.198699846906961],[106.65860307157013,-6.198699846906961],[106.65860307157013,-6.1948730945552795],[106.65477631921844,-6.1948730945552795],[106.65477631921844,-6.198699846906961]]],"type":"Polygon"},"properties":{"ALL_POI_COUNT":0}},{"type":"Feature","geometry":{"coordinates":[[[106.65860307157013,-6.198699846906961],[106.66242982392181,-6.198699846906961],[106.66242982392181,-6.1948730945552795],[106.65860307157013,-6.1948730945552795],[106.65860307157013,-6.198699846906961]]],"type":"Polygon"},"properties":{"ALL_POI_COUNT":0}},{"type":"Feature","geometry":{"coordinates":[[[106.66242982392181,-6.198699846906961],[106.6662565762735,-6.198699846906961],[106.6662565762735,-6.1948730945552795],[106.66242982392181,-6.1948730945552795],[106.66242982392181,-6.198699846906961]]],"type":"Polygon"},"properties":{"ALL_POI_COUNT":0}},{"type":"Feature","geometry":{"coordinates":[[[106.6662565762735,-6.198699846906961],[106.67008332862518,-6.198699846906961],[106.67008332862518,-6.1948730945552795],[106.6662565762735,-6.1948730945552795],[106.6662565762735,-6.198699846906961]]],"type":"Polygon"},"properties":{"ALL_POI_COUNT":0}},{"type":"Feature","geometry":{"coordinates":[[[106.67008332862517,-6.198699846906961],[106.67391008097685,-6.198699846906961],[106.67391008097685,-6.1948730945552795],[106.67008332862517,-6.1948730945552795],[106.67008332862517,-6.198699846906961]]],"type":"Polygon"},"properties":{"ALL_POI_COUNT":0}},{"type":"Feature","geometry":{"coordinates":[[[106.67391008097685,-6.198699846906961],[106.67773683332854,-6.198699846906961],[106.67773683332854,-6.1948730945552795],[106.67391008097685,-6.1948730945552795],[106.67391008097685,-6.198699846906961]]],"type":"Polygon"},"properties":{"ALL_POI_COUNT":0}},{"type":"Feature","geometry":{"coordinates":[[[106.67773683332854,-6.198699846906961],[106.68156358568022,-6.198699846906961],[106.68156358568022,-6.1948730945552795],[106.67773683332854,-6.1948730945552795],[106.67773683332854,-6.198699846906961]]],"type":"Polygon"},"properties":{"ALL_POI_COUNT":0}},{"type":"Feature","geometry":{"coordinates":[[[106.68156358568022,-6.198699846906961],[106.68539033803191,-6.198699846906961],[106.68539033803191,-6.1948730945552795],[106.68156358568022,-6.1948730945552795],[106.68156358568022,-6.198699846906961]]],"type":"Polygon"},"properties":{"ALL_POI_COUNT":0}},{"type":"Feature","geometry":{"coordinates":[[[106.6853903380319,-6.198699846906961],[106.68921709038358,-6.198699846906961],[106.68921709038358,-6.1948730945552795],[106.6853903380319,-6.1948730945552795],[106.6853903380319,-6.198699846906961]]],"type":"Polygon"},"properties":{"ALL_POI_COUNT":0}},{"type":"Feature","geometry":{"coordinates":[[[106.68921709038358,-6.198699846906961],[106.69304384273526,-6.198699846906961],[106.69304384273526,-6.1948730945552795],[106.68921709038358,-6.1948730945552795],[106.68921709038358,-6.198699846906961]]],"type":"Polygon"},"properties":{"ALL_POI_COUNT":0}},{"type":"Feature","geometry":{"coordinates":[[[106.69304384273526,-6.198699846906961],[106.69687059508695,-6.198699846906961],[106.69687059508695,-6.1948730945552795],[106.69304384273526,-6.1948730945552795],[106.69304384273526,-6.198699846906961]]],"type":"Polygon"},"properties":{"ALL_POI_COUNT":0}},{"type":"Feature","geometry":{"coordinates":[[[106.69687059508695,-6.198699846906961],[106.70069734743863,-6.198699846906961],[106.70069734743863,-6.1948730945552795],[106.69687059508695,-6.1948730945552795],[106.69687059508695,-6.198699846906961]]],"type":"Polygon"},"properties":{"ALL_POI_COUNT":0}},{"type":"Feature","geometry":{"coordinates":[[[106.70069734743862,-6.198699846906961],[106.7045240997903,-6.198699846906961],[106.7045240997903,-6.1948730945552795],[106.70069734743862,-6.1948730945552795],[106.70069734743862,-6.198699846906961]]],"type":"Polygon"},"properties":{"ALL_POI_COUNT":0}},{"type":"Feature","geometry":{"coordinates":[[[106.7045240997903,-6.198699846906961],[106.70835085214199,-6.198699846906961],[106.70835085214199,-6.1948730945552795],[106.7045240997903,-6.1948730945552795],[106.7045240997903,-6.198699846906961]]],"type":"Polygon"},"properties":{"ALL_POI_COUNT":0}},{"type":"Feature","geometry":{"coordinates":[[[106.70835085214199,-6.198699846906961],[106.71217760449368,-6.198699846906961],[106.71217760449368,-6.1948730945552795],[106.70835085214199,-6.1948730945552795],[106.70835085214199,-6.198699846906961]]],"type":"Polygon"},"properties":{"ALL_POI_COUNT":0}},{"type":"Feature","geometry":{"coordinates":[[[106.71217760449368,-6.198699846906961],[106.71600435684536,-6.198699846906961],[106.71600435684536,-6.1948730945552795],[106.71217760449368,-6.1948730945552795],[106.71217760449368,-6.198699846906961]]],"type":"Polygon"},"properties":{"ALL_POI_COUNT":0}},{"type":"Feature","geometry":{"coordinates":[[[106.71600435684535,-6.198699846906961],[106.71983110919703,-6.198699846906961],[106.71983110919703,-6.1948730945552795],[106.71600435684535,-6.1948730945552795],[106.71600435684535,-6.198699846906961]]],"type":"Polygon"},"properties":{"ALL_POI_COUNT":0}},{"type":"Feature","geometry":{"coordinates":[[[106.71983110919703,-6.198699846906961],[106.72365786154872,-6.198699846906961],[106.72365786154872,-6.1948730945552795],[106.71983110919703,-6.1948730945552795],[106.71983110919703,-6.198699846906961]]],"type":"Polygon"},"properties":{"ALL_POI_COUNT":0}},{"type":"Feature","geometry":{"coordinates":[[[106.55528075807473,-6.1948730945552795],[106.55910751042641,-6.1948730945552795],[106.55910751042641,-6.191046342203598],[106.55528075807473,-6.191046342203598],[106.55528075807473,-6.1948730945552795]]],"type":"Polygon"},"properties":{"ALL_POI_COUNT":0}},{"type":"Feature","geometry":{"coordinates":[[[106.55910751042641,-6.1948730945552795],[106.5629342627781,-6.1948730945552795],[106.5629342627781,-6.191046342203598],[106.55910751042641,-6.191046342203598],[106.55910751042641,-6.1948730945552795]]],"type":"Polygon"},"properties":{"ALL_POI_COUNT":0}},{"type":"Feature","geometry":{"coordinates":[[[106.56293426277809,-6.1948730945552795],[106.56676101512977,-6.1948730945552795],[106.56676101512977,-6.191046342203598],[106.56293426277809,-6.191046342203598],[106.56293426277809,-6.1948730945552795]]],"type":"Polygon"},"properties":{"ALL_POI_COUNT":0}},{"type":"Feature","geometry":{"coordinates":[[[106.56676101512977,-6.1948730945552795],[106.57058776748146,-6.1948730945552795],[106.57058776748146,-6.191046342203598],[106.56676101512977,-6.191046342203598],[106.56676101512977,-6.1948730945552795]]],"type":"Polygon"},"properties":{"ALL_POI_COUNT":0}},{"type":"Feature","geometry":{"coordinates":[[[106.57058776748146,-6.1948730945552795],[106.57441451983314,-6.1948730945552795],[106.57441451983314,-6.191046342203598],[106.57058776748146,-6.191046342203598],[106.57058776748146,-6.1948730945552795]]],"type":"Polygon"},"properties":{"ALL_POI_COUNT":0}},{"type":"Feature","geometry":{"coordinates":[[[106.57441451983314,-6.1948730945552795],[106.57824127218483,-6.1948730945552795],[106.57824127218483,-6.191046342203598],[106.57441451983314,-6.191046342203598],[106.57441451983314,-6.1948730945552795]]],"type":"Polygon"},"properties":{"ALL_POI_COUNT":0}},{"type":"Feature","geometry":{"coordinates":[[[106.57824127218481,-6.1948730945552795],[106.5820680245365,-6.1948730945552795],[106.5820680245365,-6.191046342203598],[106.57824127218481,-6.191046342203598],[106.57824127218481,-6.1948730945552795]]],"type":"Polygon"},"properties":{"ALL_POI_COUNT":0}},{"type":"Feature","geometry":{"coordinates":[[[106.5820680245365,-6.1948730945552795],[106.58589477688818,-6.1948730945552795],[106.58589477688818,-6.191046342203598],[106.5820680245365,-6.191046342203598],[106.5820680245365,-6.1948730945552795]]],"type":"Polygon"},"properties":{"ALL_POI_COUNT":0}},{"type":"Feature","geometry":{"coordinates":[[[106.58589477688818,-6.1948730945552795],[106.58972152923987,-6.1948730945552795],[106.58972152923987,-6.191046342203598],[106.58589477688818,-6.191046342203598],[106.58589477688818,-6.1948730945552795]]],"type":"Polygon"},"properties":{"ALL_POI_COUNT":0}},{"type":"Feature","geometry":{"coordinates":[[[106.58972152923987,-6.1948730945552795],[106.59354828159155,-6.1948730945552795],[106.59354828159155,-6.191046342203598],[106.58972152923987,-6.191046342203598],[106.58972152923987,-6.1948730945552795]]],"type":"Polygon"},"properties":{"ALL_POI_COUNT":0}},{"type":"Feature","geometry":{"coordinates":[[[106.59354828159154,-6.1948730945552795],[106.59737503394322,-6.1948730945552795],[106.59737503394322,-6.191046342203598],[106.59354828159154,-6.191046342203598],[106.59354828159154,-6.1948730945552795]]],"type":"Polygon"},"properties":{"ALL_POI_COUNT":0}},{"type":"Feature","geometry":{"coordinates":[[[106.59737503394322,-6.1948730945552795],[106.60120178629491,-6.1948730945552795],[106.60120178629491,-6.191046342203598],[106.59737503394322,-6.191046342203598],[106.59737503394322,-6.1948730945552795]]],"type":"Polygon"},"properties":{"ALL_POI_COUNT":0}},{"type":"Feature","geometry":{"coordinates":[[[106.60120178629491,-6.1948730945552795],[106.6050285386466,-6.1948730945552795],[106.6050285386466,-6.191046342203598],[106.60120178629491,-6.191046342203598],[106.60120178629491,-6.1948730945552795]]],"type":"Polygon"},"properties":{"ALL_POI_COUNT":0}},{"type":"Feature","geometry":{"coordinates":[[[106.6050285386466,-6.1948730945552795],[106.60885529099828,-6.1948730945552795],[106.60885529099828,-6.191046342203598],[106.6050285386466,-6.191046342203598],[106.6050285386466,-6.1948730945552795]]],"type":"Polygon"},"properties":{"ALL_POI_COUNT":0}},{"type":"Feature","geometry":{"coordinates":[[[106.60885529099826,-6.1948730945552795],[106.61268204334995,-6.1948730945552795],[106.61268204334995,-6.191046342203598],[106.60885529099826,-6.191046342203598],[106.60885529099826,-6.1948730945552795]]],"type":"Polygon"},"properties":{"ALL_POI_COUNT":0}},{"type":"Feature","geometry":{"coordinates":[[[106.61268204334995,-6.1948730945552795],[106.61650879570163,-6.1948730945552795],[106.61650879570163,-6.191046342203598],[106.61268204334995,-6.191046342203598],[106.61268204334995,-6.1948730945552795]]],"type":"Polygon"},"properties":{"ALL_POI_COUNT":0}},{"type":"Feature","geometry":{"coordinates":[[[106.61650879570163,-6.1948730945552795],[106.62033554805332,-6.1948730945552795],[106.62033554805332,-6.191046342203598],[106.61650879570163,-6.191046342203598],[106.61650879570163,-6.1948730945552795]]],"type":"Polygon"},"properties":{"ALL_POI_COUNT":0}},{"type":"Feature","geometry":{"coordinates":[[[106.62033554805332,-6.1948730945552795],[106.624162300405,-6.1948730945552795],[106.624162300405,-6.191046342203598],[106.62033554805332,-6.191046342203598],[106.62033554805332,-6.1948730945552795]]],"type":"Polygon"},"properties":{"ALL_POI_COUNT":0}},{"type":"Feature","geometry":{"coordinates":[[[106.62416230040499,-6.1948730945552795],[106.62798905275667,-6.1948730945552795],[106.62798905275667,-6.191046342203598],[106.62416230040499,-6.191046342203598],[106.62416230040499,-6.1948730945552795]]],"type":"Polygon"},"properties":{"ALL_POI_COUNT":0}},{"type":"Feature","geometry":{"coordinates":[[[106.62798905275667,-6.1948730945552795],[106.63181580510836,-6.1948730945552795],[106.63181580510836,-6.191046342203598],[106.62798905275667,-6.191046342203598],[106.62798905275667,-6.1948730945552795]]],"type":"Polygon"},"properties":{"ALL_POI_COUNT":0}},{"type":"Feature","geometry":{"coordinates":[[[106.63181580510836,-6.1948730945552795],[106.63564255746005,-6.1948730945552795],[106.63564255746005,-6.191046342203598],[106.63181580510836,-6.191046342203598],[106.63181580510836,-6.1948730945552795]]],"type":"Polygon"},"properties":{"ALL_POI_COUNT":2}},{"type":"Feature","geometry":{"coordinates":[[[106.63564255746005,-6.1948730945552795],[106.63946930981173,-6.1948730945552795],[106.63946930981173,-6.191046342203598],[106.63564255746005,-6.191046342203598],[106.63564255746005,-6.1948730945552795]]],"type":"Polygon"},"properties":{"ALL_POI_COUNT":0}},{"type":"Feature","geometry":{"coordinates":[[[106.63946930981172,-6.1948730945552795],[106.6432960621634,-6.1948730945552795],[106.6432960621634,-6.191046342203598],[106.63946930981172,-6.191046342203598],[106.63946930981172,-6.1948730945552795]]],"type":"Polygon"},"properties":{"ALL_POI_COUNT":0}},{"type":"Feature","geometry":{"coordinates":[[[106.6432960621634,-6.1948730945552795],[106.64712281451509,-6.1948730945552795],[106.64712281451509,-6.191046342203598],[106.6432960621634,-6.191046342203598],[106.6432960621634,-6.1948730945552795]]],"type":"Polygon"},"properties":{"ALL_POI_COUNT":0}},{"type":"Feature","geometry":{"coordinates":[[[106.64712281451509,-6.1948730945552795],[106.65094956686677,-6.1948730945552795],[106.65094956686677,-6.191046342203598],[106.64712281451509,-6.191046342203598],[106.64712281451509,-6.1948730945552795]]],"type":"Polygon"},"properties":{"ALL_POI_COUNT":0}},{"type":"Feature","geometry":{"coordinates":[[[106.65094956686677,-6.1948730945552795],[106.65477631921846,-6.1948730945552795],[106.65477631921846,-6.191046342203598],[106.65094956686677,-6.191046342203598],[106.65094956686677,-6.1948730945552795]]],"type":"Polygon"},"properties":{"ALL_POI_COUNT":0}},{"type":"Feature","geometry":{"coordinates":[[[106.65477631921844,-6.1948730945552795],[106.65860307157013,-6.1948730945552795],[106.65860307157013,-6.191046342203598],[106.65477631921844,-6.191046342203598],[106.65477631921844,-6.1948730945552795]]],"type":"Polygon"},"properties":{"ALL_POI_COUNT":1}},{"type":"Feature","geometry":{"coordinates":[[[106.65860307157013,-6.1948730945552795],[106.66242982392181,-6.1948730945552795],[106.66242982392181,-6.191046342203598],[106.65860307157013,-6.191046342203598],[106.65860307157013,-6.1948730945552795]]],"type":"Polygon"},"properties":{"ALL_POI_COUNT":0}},{"type":"Feature","geometry":{"coordinates":[[[106.66242982392181,-6.1948730945552795],[106.6662565762735,-6.1948730945552795],[106.6662565762735,-6.191046342203598],[106.66242982392181,-6.191046342203598],[106.66242982392181,-6.1948730945552795]]],"type":"Polygon"},"properties":{"ALL_POI_COUNT":0}},{"type":"Feature","geometry":{"coordinates":[[[106.6662565762735,-6.1948730945552795],[106.67008332862518,-6.1948730945552795],[106.67008332862518,-6.191046342203598],[106.6662565762735,-6.191046342203598],[106.6662565762735,-6.1948730945552795]]],"type":"Polygon"},"properties":{"ALL_POI_COUNT":0}},{"type":"Feature","geometry":{"coordinates":[[[106.67008332862517,-6.1948730945552795],[106.67391008097685,-6.1948730945552795],[106.67391008097685,-6.191046342203598],[106.67008332862517,-6.191046342203598],[106.67008332862517,-6.1948730945552795]]],"type":"Polygon"},"properties":{"ALL_POI_COUNT":0}},{"type":"Feature","geometry":{"coordinates":[[[106.67391008097685,-6.1948730945552795],[106.67773683332854,-6.1948730945552795],[106.67773683332854,-6.191046342203598],[106.67391008097685,-6.191046342203598],[106.67391008097685,-6.1948730945552795]]],"type":"Polygon"},"properties":{"ALL_POI_COUNT":0}},{"type":"Feature","geometry":{"coordinates":[[[106.67773683332854,-6.1948730945552795],[106.68156358568022,-6.1948730945552795],[106.68156358568022,-6.191046342203598],[106.67773683332854,-6.191046342203598],[106.67773683332854,-6.1948730945552795]]],"type":"Polygon"},"properties":{"ALL_POI_COUNT":0}},{"type":"Feature","geometry":{"coordinates":[[[106.68156358568022,-6.1948730945552795],[106.68539033803191,-6.1948730945552795],[106.68539033803191,-6.191046342203598],[106.68156358568022,-6.191046342203598],[106.68156358568022,-6.1948730945552795]]],"type":"Polygon"},"properties":{"ALL_POI_COUNT":0}},{"type":"Feature","geometry":{"coordinates":[[[106.6853903380319,-6.1948730945552795],[106.68921709038358,-6.1948730945552795],[106.68921709038358,-6.191046342203598],[106.6853903380319,-6.191046342203598],[106.6853903380319,-6.1948730945552795]]],"type":"Polygon"},"properties":{"ALL_POI_COUNT":0}},{"type":"Feature","geometry":{"coordinates":[[[106.68921709038358,-6.1948730945552795],[106.69304384273526,-6.1948730945552795],[106.69304384273526,-6.191046342203598],[106.68921709038358,-6.191046342203598],[106.68921709038358,-6.1948730945552795]]],"type":"Polygon"},"properties":{"ALL_POI_COUNT":0}},{"type":"Feature","geometry":{"coordinates":[[[106.69304384273526,-6.1948730945552795],[106.69687059508695,-6.1948730945552795],[106.69687059508695,-6.191046342203598],[106.69304384273526,-6.191046342203598],[106.69304384273526,-6.1948730945552795]]],"type":"Polygon"},"properties":{"ALL_POI_COUNT":0}},{"type":"Feature","geometry":{"coordinates":[[[106.69687059508695,-6.1948730945552795],[106.70069734743863,-6.1948730945552795],[106.70069734743863,-6.191046342203598],[106.69687059508695,-6.191046342203598],[106.69687059508695,-6.1948730945552795]]],"type":"Polygon"},"properties":{"ALL_POI_COUNT":0}},{"type":"Feature","geometry":{"coordinates":[[[106.70069734743862,-6.1948730945552795],[106.7045240997903,-6.1948730945552795],[106.7045240997903,-6.191046342203598],[106.70069734743862,-6.191046342203598],[106.70069734743862,-6.1948730945552795]]],"type":"Polygon"},"properties":{"ALL_POI_COUNT":0}},{"type":"Feature","geometry":{"coordinates":[[[106.7045240997903,-6.1948730945552795],[106.70835085214199,-6.1948730945552795],[106.70835085214199,-6.191046342203598],[106.7045240997903,-6.191046342203598],[106.7045240997903,-6.1948730945552795]]],"type":"Polygon"},"properties":{"ALL_POI_COUNT":0}},{"type":"Feature","geometry":{"coordinates":[[[106.70835085214199,-6.1948730945552795],[106.71217760449368,-6.1948730945552795],[106.71217760449368,-6.191046342203598],[106.70835085214199,-6.191046342203598],[106.70835085214199,-6.1948730945552795]]],"type":"Polygon"},"properties":{"ALL_POI_COUNT":0}},{"type":"Feature","geometry":{"coordinates":[[[106.71217760449368,-6.1948730945552795],[106.71600435684536,-6.1948730945552795],[106.71600435684536,-6.191046342203598],[106.71217760449368,-6.191046342203598],[106.71217760449368,-6.1948730945552795]]],"type":"Polygon"},"properties":{"ALL_POI_COUNT":0}},{"type":"Feature","geometry":{"coordinates":[[[106.71600435684535,-6.1948730945552795],[106.71983110919703,-6.1948730945552795],[106.71983110919703,-6.191046342203598],[106.71600435684535,-6.191046342203598],[106.71600435684535,-6.1948730945552795]]],"type":"Polygon"},"properties":{"ALL_POI_COUNT":0}},{"type":"Feature","geometry":{"coordinates":[[[106.71983110919703,-6.1948730945552795],[106.72365786154872,-6.1948730945552795],[106.72365786154872,-6.191046342203598],[106.71983110919703,-6.191046342203598],[106.71983110919703,-6.1948730945552795]]],"type":"Polygon"},"properties":{"ALL_POI_COUNT":0}},{"type":"Feature","geometry":{"coordinates":[[[106.55145400572304,-6.191046342203598],[106.55528075807473,-6.191046342203598],[106.55528075807473,-6.1872195898519164],[106.55145400572304,-6.1872195898519164],[106.55145400572304,-6.191046342203598]]],"type":"Polygon"},"properties":{"ALL_POI_COUNT":0}},{"type":"Feature","geometry":{"coordinates":[[[106.55528075807473,-6.191046342203598],[106.55910751042641,-6.191046342203598],[106.55910751042641,-6.1872195898519164],[106.55528075807473,-6.1872195898519164],[106.55528075807473,-6.191046342203598]]],"type":"Polygon"},"properties":{"ALL_POI_COUNT":0}},{"type":"Feature","geometry":{"coordinates":[[[106.55910751042641,-6.191046342203598],[106.5629342627781,-6.191046342203598],[106.5629342627781,-6.1872195898519164],[106.55910751042641,-6.1872195898519164],[106.55910751042641,-6.191046342203598]]],"type":"Polygon"},"properties":{"ALL_POI_COUNT":0}},{"type":"Feature","geometry":{"coordinates":[[[106.56293426277809,-6.191046342203598],[106.56676101512977,-6.191046342203598],[106.56676101512977,-6.1872195898519164],[106.56293426277809,-6.1872195898519164],[106.56293426277809,-6.191046342203598]]],"type":"Polygon"},"properties":{"ALL_POI_COUNT":0}},{"type":"Feature","geometry":{"coordinates":[[[106.56676101512977,-6.191046342203598],[106.57058776748146,-6.191046342203598],[106.57058776748146,-6.1872195898519164],[106.56676101512977,-6.1872195898519164],[106.56676101512977,-6.191046342203598]]],"type":"Polygon"},"properties":{"ALL_POI_COUNT":0}},{"type":"Feature","geometry":{"coordinates":[[[106.57058776748146,-6.191046342203598],[106.57441451983314,-6.191046342203598],[106.57441451983314,-6.1872195898519164],[106.57058776748146,-6.1872195898519164],[106.57058776748146,-6.191046342203598]]],"type":"Polygon"},"properties":{"ALL_POI_COUNT":0}},{"type":"Feature","geometry":{"coordinates":[[[106.57441451983314,-6.191046342203598],[106.57824127218483,-6.191046342203598],[106.57824127218483,-6.1872195898519164],[106.57441451983314,-6.1872195898519164],[106.57441451983314,-6.191046342203598]]],"type":"Polygon"},"properties":{"ALL_POI_COUNT":0}},{"type":"Feature","geometry":{"coordinates":[[[106.57824127218481,-6.191046342203598],[106.5820680245365,-6.191046342203598],[106.5820680245365,-6.1872195898519164],[106.57824127218481,-6.1872195898519164],[106.57824127218481,-6.191046342203598]]],"type":"Polygon"},"properties":{"ALL_POI_COUNT":0}},{"type":"Feature","geometry":{"coordinates":[[[106.5820680245365,-6.191046342203598],[106.58589477688818,-6.191046342203598],[106.58589477688818,-6.1872195898519164],[106.5820680245365,-6.1872195898519164],[106.5820680245365,-6.191046342203598]]],"type":"Polygon"},"properties":{"ALL_POI_COUNT":0}},{"type":"Feature","geometry":{"coordinates":[[[106.58589477688818,-6.191046342203598],[106.58972152923987,-6.191046342203598],[106.58972152923987,-6.1872195898519164],[106.58589477688818,-6.1872195898519164],[106.58589477688818,-6.191046342203598]]],"type":"Polygon"},"properties":{"ALL_POI_COUNT":0}},{"type":"Feature","geometry":{"coordinates":[[[106.58972152923987,-6.191046342203598],[106.59354828159155,-6.191046342203598],[106.59354828159155,-6.1872195898519164],[106.58972152923987,-6.1872195898519164],[106.58972152923987,-6.191046342203598]]],"type":"Polygon"},"properties":{"ALL_POI_COUNT":0}},{"type":"Feature","geometry":{"coordinates":[[[106.59354828159154,-6.191046342203598],[106.59737503394322,-6.191046342203598],[106.59737503394322,-6.1872195898519164],[106.59354828159154,-6.1872195898519164],[106.59354828159154,-6.191046342203598]]],"type":"Polygon"},"properties":{"ALL_POI_COUNT":0}},{"type":"Feature","geometry":{"coordinates":[[[106.59737503394322,-6.191046342203598],[106.60120178629491,-6.191046342203598],[106.60120178629491,-6.1872195898519164],[106.59737503394322,-6.1872195898519164],[106.59737503394322,-6.191046342203598]]],"type":"Polygon"},"properties":{"ALL_POI_COUNT":0}},{"type":"Feature","geometry":{"coordinates":[[[106.60120178629491,-6.191046342203598],[106.6050285386466,-6.191046342203598],[106.6050285386466,-6.1872195898519164],[106.60120178629491,-6.1872195898519164],[106.60120178629491,-6.191046342203598]]],"type":"Polygon"},"properties":{"ALL_POI_COUNT":0}},{"type":"Feature","geometry":{"coordinates":[[[106.6050285386466,-6.191046342203598],[106.60885529099828,-6.191046342203598],[106.60885529099828,-6.1872195898519164],[106.6050285386466,-6.1872195898519164],[106.6050285386466,-6.191046342203598]]],"type":"Polygon"},"properties":{"ALL_POI_COUNT":0}},{"type":"Feature","geometry":{"coordinates":[[[106.60885529099826,-6.191046342203598],[106.61268204334995,-6.191046342203598],[106.61268204334995,-6.1872195898519164],[106.60885529099826,-6.1872195898519164],[106.60885529099826,-6.191046342203598]]],"type":"Polygon"},"properties":{"ALL_POI_COUNT":0}},{"type":"Feature","geometry":{"coordinates":[[[106.61268204334995,-6.191046342203598],[106.61650879570163,-6.191046342203598],[106.61650879570163,-6.1872195898519164],[106.61268204334995,-6.1872195898519164],[106.61268204334995,-6.191046342203598]]],"type":"Polygon"},"properties":{"ALL_POI_COUNT":0}},{"type":"Feature","geometry":{"coordinates":[[[106.61650879570163,-6.191046342203598],[106.62033554805332,-6.191046342203598],[106.62033554805332,-6.1872195898519164],[106.61650879570163,-6.1872195898519164],[106.61650879570163,-6.191046342203598]]],"type":"Polygon"},"properties":{"ALL_POI_COUNT":0}},{"type":"Feature","geometry":{"coordinates":[[[106.62033554805332,-6.191046342203598],[106.624162300405,-6.191046342203598],[106.624162300405,-6.1872195898519164],[106.62033554805332,-6.1872195898519164],[106.62033554805332,-6.191046342203598]]],"type":"Polygon"},"properties":{"ALL_POI_COUNT":0}},{"type":"Feature","geometry":{"coordinates":[[[106.62416230040499,-6.191046342203598],[106.62798905275667,-6.191046342203598],[106.62798905275667,-6.1872195898519164],[106.62416230040499,-6.1872195898519164],[106.62416230040499,-6.191046342203598]]],"type":"Polygon"},"properties":{"ALL_POI_COUNT":0}},{"type":"Feature","geometry":{"coordinates":[[[106.62798905275667,-6.191046342203598],[106.63181580510836,-6.191046342203598],[106.63181580510836,-6.1872195898519164],[106.62798905275667,-6.1872195898519164],[106.62798905275667,-6.191046342203598]]],"type":"Polygon"},"properties":{"ALL_POI_COUNT":0}},{"type":"Feature","geometry":{"coordinates":[[[106.63181580510836,-6.191046342203598],[106.63564255746005,-6.191046342203598],[106.63564255746005,-6.1872195898519164],[106.63181580510836,-6.1872195898519164],[106.63181580510836,-6.191046342203598]]],"type":"Polygon"},"properties":{"ALL_POI_COUNT":0}},{"type":"Feature","geometry":{"coordinates":[[[106.63564255746005,-6.191046342203598],[106.63946930981173,-6.191046342203598],[106.63946930981173,-6.1872195898519164],[106.63564255746005,-6.1872195898519164],[106.63564255746005,-6.191046342203598]]],"type":"Polygon"},"properties":{"ALL_POI_COUNT":1}},{"type":"Feature","geometry":{"coordinates":[[[106.63946930981172,-6.191046342203598],[106.6432960621634,-6.191046342203598],[106.6432960621634,-6.1872195898519164],[106.63946930981172,-6.1872195898519164],[106.63946930981172,-6.191046342203598]]],"type":"Polygon"},"properties":{"ALL_POI_COUNT":0}},{"type":"Feature","geometry":{"coordinates":[[[106.6432960621634,-6.191046342203598],[106.64712281451509,-6.191046342203598],[106.64712281451509,-6.1872195898519164],[106.6432960621634,-6.1872195898519164],[106.6432960621634,-6.191046342203598]]],"type":"Polygon"},"properties":{"ALL_POI_COUNT":0}},{"type":"Feature","geometry":{"coordinates":[[[106.64712281451509,-6.191046342203598],[106.65094956686677,-6.191046342203598],[106.65094956686677,-6.1872195898519164],[106.64712281451509,-6.1872195898519164],[106.64712281451509,-6.191046342203598]]],"type":"Polygon"},"properties":{"ALL_POI_COUNT":0}},{"type":"Feature","geometry":{"coordinates":[[[106.65094956686677,-6.191046342203598],[106.65477631921846,-6.191046342203598],[106.65477631921846,-6.1872195898519164],[106.65094956686677,-6.1872195898519164],[106.65094956686677,-6.191046342203598]]],"type":"Polygon"},"properties":{"ALL_POI_COUNT":0}},{"type":"Feature","geometry":{"coordinates":[[[106.65477631921844,-6.191046342203598],[106.65860307157013,-6.191046342203598],[106.65860307157013,-6.1872195898519164],[106.65477631921844,-6.1872195898519164],[106.65477631921844,-6.191046342203598]]],"type":"Polygon"},"properties":{"ALL_POI_COUNT":0}},{"type":"Feature","geometry":{"coordinates":[[[106.65860307157013,-6.191046342203598],[106.66242982392181,-6.191046342203598],[106.66242982392181,-6.1872195898519164],[106.65860307157013,-6.1872195898519164],[106.65860307157013,-6.191046342203598]]],"type":"Polygon"},"properties":{"ALL_POI_COUNT":0}},{"type":"Feature","geometry":{"coordinates":[[[106.66242982392181,-6.191046342203598],[106.6662565762735,-6.191046342203598],[106.6662565762735,-6.1872195898519164],[106.66242982392181,-6.1872195898519164],[106.66242982392181,-6.191046342203598]]],"type":"Polygon"},"properties":{"ALL_POI_COUNT":0}},{"type":"Feature","geometry":{"coordinates":[[[106.6662565762735,-6.191046342203598],[106.67008332862518,-6.191046342203598],[106.67008332862518,-6.1872195898519164],[106.6662565762735,-6.1872195898519164],[106.6662565762735,-6.191046342203598]]],"type":"Polygon"},"properties":{"ALL_POI_COUNT":0}},{"type":"Feature","geometry":{"coordinates":[[[106.67008332862517,-6.191046342203598],[106.67391008097685,-6.191046342203598],[106.67391008097685,-6.1872195898519164],[106.67008332862517,-6.1872195898519164],[106.67008332862517,-6.191046342203598]]],"type":"Polygon"},"properties":{"ALL_POI_COUNT":0}},{"type":"Feature","geometry":{"coordinates":[[[106.67391008097685,-6.191046342203598],[106.67773683332854,-6.191046342203598],[106.67773683332854,-6.1872195898519164],[106.67391008097685,-6.1872195898519164],[106.67391008097685,-6.191046342203598]]],"type":"Polygon"},"properties":{"ALL_POI_COUNT":0}},{"type":"Feature","geometry":{"coordinates":[[[106.67773683332854,-6.191046342203598],[106.68156358568022,-6.191046342203598],[106.68156358568022,-6.1872195898519164],[106.67773683332854,-6.1872195898519164],[106.67773683332854,-6.191046342203598]]],"type":"Polygon"},"properties":{"ALL_POI_COUNT":0}},{"type":"Feature","geometry":{"coordinates":[[[106.68156358568022,-6.191046342203598],[106.68539033803191,-6.191046342203598],[106.68539033803191,-6.1872195898519164],[106.68156358568022,-6.1872195898519164],[106.68156358568022,-6.191046342203598]]],"type":"Polygon"},"properties":{"ALL_POI_COUNT":0}},{"type":"Feature","geometry":{"coordinates":[[[106.6853903380319,-6.191046342203598],[106.68921709038358,-6.191046342203598],[106.68921709038358,-6.1872195898519164],[106.6853903380319,-6.1872195898519164],[106.6853903380319,-6.191046342203598]]],"type":"Polygon"},"properties":{"ALL_POI_COUNT":0}},{"type":"Feature","geometry":{"coordinates":[[[106.68921709038358,-6.191046342203598],[106.69304384273526,-6.191046342203598],[106.69304384273526,-6.1872195898519164],[106.68921709038358,-6.1872195898519164],[106.68921709038358,-6.191046342203598]]],"type":"Polygon"},"properties":{"ALL_POI_COUNT":0}},{"type":"Feature","geometry":{"coordinates":[[[106.69304384273526,-6.191046342203598],[106.69687059508695,-6.191046342203598],[106.69687059508695,-6.1872195898519164],[106.69304384273526,-6.1872195898519164],[106.69304384273526,-6.191046342203598]]],"type":"Polygon"},"properties":{"ALL_POI_COUNT":0}},{"type":"Feature","geometry":{"coordinates":[[[106.69687059508695,-6.191046342203598],[106.70069734743863,-6.191046342203598],[106.70069734743863,-6.1872195898519164],[106.69687059508695,-6.1872195898519164],[106.69687059508695,-6.191046342203598]]],"type":"Polygon"},"properties":{"ALL_POI_COUNT":0}},{"type":"Feature","geometry":{"coordinates":[[[106.70069734743862,-6.191046342203598],[106.7045240997903,-6.191046342203598],[106.7045240997903,-6.1872195898519164],[106.70069734743862,-6.1872195898519164],[106.70069734743862,-6.191046342203598]]],"type":"Polygon"},"properties":{"ALL_POI_COUNT":0}},{"type":"Feature","geometry":{"coordinates":[[[106.7045240997903,-6.191046342203598],[106.70835085214199,-6.191046342203598],[106.70835085214199,-6.1872195898519164],[106.7045240997903,-6.1872195898519164],[106.7045240997903,-6.191046342203598]]],"type":"Polygon"},"properties":{"ALL_POI_COUNT":0}},{"type":"Feature","geometry":{"coordinates":[[[106.70835085214199,-6.191046342203598],[106.71217760449368,-6.191046342203598],[106.71217760449368,-6.1872195898519164],[106.70835085214199,-6.1872195898519164],[106.70835085214199,-6.191046342203598]]],"type":"Polygon"},"properties":{"ALL_POI_COUNT":0}},{"type":"Feature","geometry":{"coordinates":[[[106.71217760449368,-6.191046342203598],[106.71600435684536,-6.191046342203598],[106.71600435684536,-6.1872195898519164],[106.71217760449368,-6.1872195898519164],[106.71217760449368,-6.191046342203598]]],"type":"Polygon"},"properties":{"ALL_POI_COUNT":0}},{"type":"Feature","geometry":{"coordinates":[[[106.55145400572304,-6.1872195898519164],[106.55528075807473,-6.1872195898519164],[106.55528075807473,-6.183392837500235],[106.55145400572304,-6.183392837500235],[106.55145400572304,-6.1872195898519164]]],"type":"Polygon"},"properties":{"ALL_POI_COUNT":0}},{"type":"Feature","geometry":{"coordinates":[[[106.55528075807473,-6.1872195898519164],[106.55910751042641,-6.1872195898519164],[106.55910751042641,-6.183392837500235],[106.55528075807473,-6.183392837500235],[106.55528075807473,-6.1872195898519164]]],"type":"Polygon"},"properties":{"ALL_POI_COUNT":0}},{"type":"Feature","geometry":{"coordinates":[[[106.55910751042641,-6.1872195898519164],[106.5629342627781,-6.1872195898519164],[106.5629342627781,-6.183392837500235],[106.55910751042641,-6.183392837500235],[106.55910751042641,-6.1872195898519164]]],"type":"Polygon"},"properties":{"ALL_POI_COUNT":0}},{"type":"Feature","geometry":{"coordinates":[[[106.56293426277809,-6.1872195898519164],[106.56676101512977,-6.1872195898519164],[106.56676101512977,-6.183392837500235],[106.56293426277809,-6.183392837500235],[106.56293426277809,-6.1872195898519164]]],"type":"Polygon"},"properties":{"ALL_POI_COUNT":0}},{"type":"Feature","geometry":{"coordinates":[[[106.56676101512977,-6.1872195898519164],[106.57058776748146,-6.1872195898519164],[106.57058776748146,-6.183392837500235],[106.56676101512977,-6.183392837500235],[106.56676101512977,-6.1872195898519164]]],"type":"Polygon"},"properties":{"ALL_POI_COUNT":0}},{"type":"Feature","geometry":{"coordinates":[[[106.57058776748146,-6.1872195898519164],[106.57441451983314,-6.1872195898519164],[106.57441451983314,-6.183392837500235],[106.57058776748146,-6.183392837500235],[106.57058776748146,-6.1872195898519164]]],"type":"Polygon"},"properties":{"ALL_POI_COUNT":0}},{"type":"Feature","geometry":{"coordinates":[[[106.57441451983314,-6.1872195898519164],[106.57824127218483,-6.1872195898519164],[106.57824127218483,-6.183392837500235],[106.57441451983314,-6.183392837500235],[106.57441451983314,-6.1872195898519164]]],"type":"Polygon"},"properties":{"ALL_POI_COUNT":0}},{"type":"Feature","geometry":{"coordinates":[[[106.57824127218481,-6.1872195898519164],[106.5820680245365,-6.1872195898519164],[106.5820680245365,-6.183392837500235],[106.57824127218481,-6.183392837500235],[106.57824127218481,-6.1872195898519164]]],"type":"Polygon"},"properties":{"ALL_POI_COUNT":0}},{"type":"Feature","geometry":{"coordinates":[[[106.5820680245365,-6.1872195898519164],[106.58589477688818,-6.1872195898519164],[106.58589477688818,-6.183392837500235],[106.5820680245365,-6.183392837500235],[106.5820680245365,-6.1872195898519164]]],"type":"Polygon"},"properties":{"ALL_POI_COUNT":0}},{"type":"Feature","geometry":{"coordinates":[[[106.58589477688818,-6.1872195898519164],[106.58972152923987,-6.1872195898519164],[106.58972152923987,-6.183392837500235],[106.58589477688818,-6.183392837500235],[106.58589477688818,-6.1872195898519164]]],"type":"Polygon"},"properties":{"ALL_POI_COUNT":0}},{"type":"Feature","geometry":{"coordinates":[[[106.58972152923987,-6.1872195898519164],[106.59354828159155,-6.1872195898519164],[106.59354828159155,-6.183392837500235],[106.58972152923987,-6.183392837500235],[106.58972152923987,-6.1872195898519164]]],"type":"Polygon"},"properties":{"ALL_POI_COUNT":0}},{"type":"Feature","geometry":{"coordinates":[[[106.59354828159154,-6.1872195898519164],[106.59737503394322,-6.1872195898519164],[106.59737503394322,-6.183392837500235],[106.59354828159154,-6.183392837500235],[106.59354828159154,-6.1872195898519164]]],"type":"Polygon"},"properties":{"ALL_POI_COUNT":0}},{"type":"Feature","geometry":{"coordinates":[[[106.59737503394322,-6.1872195898519164],[106.60120178629491,-6.1872195898519164],[106.60120178629491,-6.183392837500235],[106.59737503394322,-6.183392837500235],[106.59737503394322,-6.1872195898519164]]],"type":"Polygon"},"properties":{"ALL_POI_COUNT":0}},{"type":"Feature","geometry":{"coordinates":[[[106.60120178629491,-6.1872195898519164],[106.6050285386466,-6.1872195898519164],[106.6050285386466,-6.183392837500235],[106.60120178629491,-6.183392837500235],[106.60120178629491,-6.1872195898519164]]],"type":"Polygon"},"properties":{"ALL_POI_COUNT":0}},{"type":"Feature","geometry":{"coordinates":[[[106.6050285386466,-6.1872195898519164],[106.60885529099828,-6.1872195898519164],[106.60885529099828,-6.183392837500235],[106.6050285386466,-6.183392837500235],[106.6050285386466,-6.1872195898519164]]],"type":"Polygon"},"properties":{"ALL_POI_COUNT":0}},{"type":"Feature","geometry":{"coordinates":[[[106.60885529099826,-6.1872195898519164],[106.61268204334995,-6.1872195898519164],[106.61268204334995,-6.183392837500235],[106.60885529099826,-6.183392837500235],[106.60885529099826,-6.1872195898519164]]],"type":"Polygon"},"properties":{"ALL_POI_COUNT":0}},{"type":"Feature","geometry":{"coordinates":[[[106.61268204334995,-6.1872195898519164],[106.61650879570163,-6.1872195898519164],[106.61650879570163,-6.183392837500235],[106.61268204334995,-6.183392837500235],[106.61268204334995,-6.1872195898519164]]],"type":"Polygon"},"properties":{"ALL_POI_COUNT":0}},{"type":"Feature","geometry":{"coordinates":[[[106.61650879570163,-6.1872195898519164],[106.62033554805332,-6.1872195898519164],[106.62033554805332,-6.183392837500235],[106.61650879570163,-6.183392837500235],[106.61650879570163,-6.1872195898519164]]],"type":"Polygon"},"properties":{"ALL_POI_COUNT":0}},{"type":"Feature","geometry":{"coordinates":[[[106.62033554805332,-6.1872195898519164],[106.624162300405,-6.1872195898519164],[106.624162300405,-6.183392837500235],[106.62033554805332,-6.183392837500235],[106.62033554805332,-6.1872195898519164]]],"type":"Polygon"},"properties":{"ALL_POI_COUNT":0}},{"type":"Feature","geometry":{"coordinates":[[[106.62416230040499,-6.1872195898519164],[106.62798905275667,-6.1872195898519164],[106.62798905275667,-6.183392837500235],[106.62416230040499,-6.183392837500235],[106.62416230040499,-6.1872195898519164]]],"type":"Polygon"},"properties":{"ALL_POI_COUNT":0}},{"type":"Feature","geometry":{"coordinates":[[[106.62798905275667,-6.1872195898519164],[106.63181580510836,-6.1872195898519164],[106.63181580510836,-6.183392837500235],[106.62798905275667,-6.183392837500235],[106.62798905275667,-6.1872195898519164]]],"type":"Polygon"},"properties":{"ALL_POI_COUNT":0}},{"type":"Feature","geometry":{"coordinates":[[[106.63181580510836,-6.1872195898519164],[106.63564255746005,-6.1872195898519164],[106.63564255746005,-6.183392837500235],[106.63181580510836,-6.183392837500235],[106.63181580510836,-6.1872195898519164]]],"type":"Polygon"},"properties":{"ALL_POI_COUNT":0}},{"type":"Feature","geometry":{"coordinates":[[[106.63564255746005,-6.1872195898519164],[106.63946930981173,-6.1872195898519164],[106.63946930981173,-6.183392837500235],[106.63564255746005,-6.183392837500235],[106.63564255746005,-6.1872195898519164]]],"type":"Polygon"},"properties":{"ALL_POI_COUNT":0}},{"type":"Feature","geometry":{"coordinates":[[[106.63946930981172,-6.1872195898519164],[106.6432960621634,-6.1872195898519164],[106.6432960621634,-6.183392837500235],[106.63946930981172,-6.183392837500235],[106.63946930981172,-6.1872195898519164]]],"type":"Polygon"},"properties":{"ALL_POI_COUNT":0}},{"type":"Feature","geometry":{"coordinates":[[[106.6432960621634,-6.1872195898519164],[106.64712281451509,-6.1872195898519164],[106.64712281451509,-6.183392837500235],[106.6432960621634,-6.183392837500235],[106.6432960621634,-6.1872195898519164]]],"type":"Polygon"},"properties":{"ALL_POI_COUNT":0}},{"type":"Feature","geometry":{"coordinates":[[[106.64712281451509,-6.1872195898519164],[106.65094956686677,-6.1872195898519164],[106.65094956686677,-6.183392837500235],[106.64712281451509,-6.183392837500235],[106.64712281451509,-6.1872195898519164]]],"type":"Polygon"},"properties":{"ALL_POI_COUNT":0}},{"type":"Feature","geometry":{"coordinates":[[[106.65094956686677,-6.1872195898519164],[106.65477631921846,-6.1872195898519164],[106.65477631921846,-6.183392837500235],[106.65094956686677,-6.183392837500235],[106.65094956686677,-6.1872195898519164]]],"type":"Polygon"},"properties":{"ALL_POI_COUNT":0}},{"type":"Feature","geometry":{"coordinates":[[[106.65477631921844,-6.1872195898519164],[106.65860307157013,-6.1872195898519164],[106.65860307157013,-6.183392837500235],[106.65477631921844,-6.183392837500235],[106.65477631921844,-6.1872195898519164]]],"type":"Polygon"},"properties":{"ALL_POI_COUNT":0}},{"type":"Feature","geometry":{"coordinates":[[[106.65860307157013,-6.1872195898519164],[106.66242982392181,-6.1872195898519164],[106.66242982392181,-6.183392837500235],[106.65860307157013,-6.183392837500235],[106.65860307157013,-6.1872195898519164]]],"type":"Polygon"},"properties":{"ALL_POI_COUNT":0}},{"type":"Feature","geometry":{"coordinates":[[[106.66242982392181,-6.1872195898519164],[106.6662565762735,-6.1872195898519164],[106.6662565762735,-6.183392837500235],[106.66242982392181,-6.183392837500235],[106.66242982392181,-6.1872195898519164]]],"type":"Polygon"},"properties":{"ALL_POI_COUNT":0}},{"type":"Feature","geometry":{"coordinates":[[[106.6662565762735,-6.1872195898519164],[106.67008332862518,-6.1872195898519164],[106.67008332862518,-6.183392837500235],[106.6662565762735,-6.183392837500235],[106.6662565762735,-6.1872195898519164]]],"type":"Polygon"},"properties":{"ALL_POI_COUNT":0}},{"type":"Feature","geometry":{"coordinates":[[[106.67008332862517,-6.1872195898519164],[106.67391008097685,-6.1872195898519164],[106.67391008097685,-6.183392837500235],[106.67008332862517,-6.183392837500235],[106.67008332862517,-6.1872195898519164]]],"type":"Polygon"},"properties":{"ALL_POI_COUNT":0}},{"type":"Feature","geometry":{"coordinates":[[[106.67391008097685,-6.1872195898519164],[106.67773683332854,-6.1872195898519164],[106.67773683332854,-6.183392837500235],[106.67391008097685,-6.183392837500235],[106.67391008097685,-6.1872195898519164]]],"type":"Polygon"},"properties":{"ALL_POI_COUNT":0}},{"type":"Feature","geometry":{"coordinates":[[[106.67773683332854,-6.1872195898519164],[106.68156358568022,-6.1872195898519164],[106.68156358568022,-6.183392837500235],[106.67773683332854,-6.183392837500235],[106.67773683332854,-6.1872195898519164]]],"type":"Polygon"},"properties":{"ALL_POI_COUNT":0}},{"type":"Feature","geometry":{"coordinates":[[[106.68156358568022,-6.1872195898519164],[106.68539033803191,-6.1872195898519164],[106.68539033803191,-6.183392837500235],[106.68156358568022,-6.183392837500235],[106.68156358568022,-6.1872195898519164]]],"type":"Polygon"},"properties":{"ALL_POI_COUNT":0}},{"type":"Feature","geometry":{"coordinates":[[[106.6853903380319,-6.1872195898519164],[106.68921709038358,-6.1872195898519164],[106.68921709038358,-6.183392837500235],[106.6853903380319,-6.183392837500235],[106.6853903380319,-6.1872195898519164]]],"type":"Polygon"},"properties":{"ALL_POI_COUNT":0}},{"type":"Feature","geometry":{"coordinates":[[[106.68921709038358,-6.1872195898519164],[106.69304384273526,-6.1872195898519164],[106.69304384273526,-6.183392837500235],[106.68921709038358,-6.183392837500235],[106.68921709038358,-6.1872195898519164]]],"type":"Polygon"},"properties":{"ALL_POI_COUNT":0}},{"type":"Feature","geometry":{"coordinates":[[[106.69304384273526,-6.1872195898519164],[106.69687059508695,-6.1872195898519164],[106.69687059508695,-6.183392837500235],[106.69304384273526,-6.183392837500235],[106.69304384273526,-6.1872195898519164]]],"type":"Polygon"},"properties":{"ALL_POI_COUNT":0}},{"type":"Feature","geometry":{"coordinates":[[[106.69687059508695,-6.1872195898519164],[106.70069734743863,-6.1872195898519164],[106.70069734743863,-6.183392837500235],[106.69687059508695,-6.183392837500235],[106.69687059508695,-6.1872195898519164]]],"type":"Polygon"},"properties":{"ALL_POI_COUNT":0}},{"type":"Feature","geometry":{"coordinates":[[[106.70069734743862,-6.1872195898519164],[106.7045240997903,-6.1872195898519164],[106.7045240997903,-6.183392837500235],[106.70069734743862,-6.183392837500235],[106.70069734743862,-6.1872195898519164]]],"type":"Polygon"},"properties":{"ALL_POI_COUNT":0}},{"type":"Feature","geometry":{"coordinates":[[[106.7045240997903,-6.1872195898519164],[106.70835085214199,-6.1872195898519164],[106.70835085214199,-6.183392837500235],[106.7045240997903,-6.183392837500235],[106.7045240997903,-6.1872195898519164]]],"type":"Polygon"},"properties":{"ALL_POI_COUNT":0}},{"type":"Feature","geometry":{"coordinates":[[[106.70835085214199,-6.1872195898519164],[106.71217760449368,-6.1872195898519164],[106.71217760449368,-6.183392837500235],[106.70835085214199,-6.183392837500235],[106.70835085214199,-6.1872195898519164]]],"type":"Polygon"},"properties":{"ALL_POI_COUNT":0}},{"type":"Feature","geometry":{"coordinates":[[[106.71217760449368,-6.1872195898519164],[106.71600435684536,-6.1872195898519164],[106.71600435684536,-6.183392837500235],[106.71217760449368,-6.183392837500235],[106.71217760449368,-6.1872195898519164]]],"type":"Polygon"},"properties":{"ALL_POI_COUNT":1}},{"type":"Feature","geometry":{"coordinates":[[[106.71600435684535,-6.1872195898519164],[106.71983110919703,-6.1872195898519164],[106.71983110919703,-6.183392837500235],[106.71600435684535,-6.183392837500235],[106.71600435684535,-6.1872195898519164]]],"type":"Polygon"},"properties":{"ALL_POI_COUNT":0}},{"type":"Feature","geometry":{"coordinates":[[[106.71983110919703,-6.1872195898519164],[106.72365786154872,-6.1872195898519164],[106.72365786154872,-6.183392837500235],[106.71983110919703,-6.183392837500235],[106.71983110919703,-6.1872195898519164]]],"type":"Polygon"},"properties":{"ALL_POI_COUNT":0}},{"type":"Feature","geometry":{"coordinates":[[[106.55910751042641,-6.183392837500235],[106.5629342627781,-6.183392837500235],[106.5629342627781,-6.179566085148553],[106.55910751042641,-6.179566085148553],[106.55910751042641,-6.183392837500235]]],"type":"Polygon"},"properties":{"ALL_POI_COUNT":0}},{"type":"Feature","geometry":{"coordinates":[[[106.56293426277809,-6.183392837500235],[106.56676101512977,-6.183392837500235],[106.56676101512977,-6.179566085148553],[106.56293426277809,-6.179566085148553],[106.56293426277809,-6.183392837500235]]],"type":"Polygon"},"properties":{"ALL_POI_COUNT":0}},{"type":"Feature","geometry":{"coordinates":[[[106.56676101512977,-6.183392837500235],[106.57058776748146,-6.183392837500235],[106.57058776748146,-6.179566085148553],[106.56676101512977,-6.179566085148553],[106.56676101512977,-6.183392837500235]]],"type":"Polygon"},"properties":{"ALL_POI_COUNT":0}},{"type":"Feature","geometry":{"coordinates":[[[106.57058776748146,-6.183392837500235],[106.57441451983314,-6.183392837500235],[106.57441451983314,-6.179566085148553],[106.57058776748146,-6.179566085148553],[106.57058776748146,-6.183392837500235]]],"type":"Polygon"},"properties":{"ALL_POI_COUNT":0}},{"type":"Feature","geometry":{"coordinates":[[[106.57441451983314,-6.183392837500235],[106.57824127218483,-6.183392837500235],[106.57824127218483,-6.179566085148553],[106.57441451983314,-6.179566085148553],[106.57441451983314,-6.183392837500235]]],"type":"Polygon"},"properties":{"ALL_POI_COUNT":0}},{"type":"Feature","geometry":{"coordinates":[[[106.57824127218481,-6.183392837500235],[106.5820680245365,-6.183392837500235],[106.5820680245365,-6.179566085148553],[106.57824127218481,-6.179566085148553],[106.57824127218481,-6.183392837500235]]],"type":"Polygon"},"properties":{"ALL_POI_COUNT":0}},{"type":"Feature","geometry":{"coordinates":[[[106.5820680245365,-6.183392837500235],[106.58589477688818,-6.183392837500235],[106.58589477688818,-6.179566085148553],[106.5820680245365,-6.179566085148553],[106.5820680245365,-6.183392837500235]]],"type":"Polygon"},"properties":{"ALL_POI_COUNT":0}},{"type":"Feature","geometry":{"coordinates":[[[106.58589477688818,-6.183392837500235],[106.58972152923987,-6.183392837500235],[106.58972152923987,-6.179566085148553],[106.58589477688818,-6.179566085148553],[106.58589477688818,-6.183392837500235]]],"type":"Polygon"},"properties":{"ALL_POI_COUNT":0}},{"type":"Feature","geometry":{"coordinates":[[[106.58972152923987,-6.183392837500235],[106.59354828159155,-6.183392837500235],[106.59354828159155,-6.179566085148553],[106.58972152923987,-6.179566085148553],[106.58972152923987,-6.183392837500235]]],"type":"Polygon"},"properties":{"ALL_POI_COUNT":0}},{"type":"Feature","geometry":{"coordinates":[[[106.59354828159154,-6.183392837500235],[106.59737503394322,-6.183392837500235],[106.59737503394322,-6.179566085148553],[106.59354828159154,-6.179566085148553],[106.59354828159154,-6.183392837500235]]],"type":"Polygon"},"properties":{"ALL_POI_COUNT":0}},{"type":"Feature","geometry":{"coordinates":[[[106.59737503394322,-6.183392837500235],[106.60120178629491,-6.183392837500235],[106.60120178629491,-6.179566085148553],[106.59737503394322,-6.179566085148553],[106.59737503394322,-6.183392837500235]]],"type":"Polygon"},"properties":{"ALL_POI_COUNT":0}},{"type":"Feature","geometry":{"coordinates":[[[106.60120178629491,-6.183392837500235],[106.6050285386466,-6.183392837500235],[106.6050285386466,-6.179566085148553],[106.60120178629491,-6.179566085148553],[106.60120178629491,-6.183392837500235]]],"type":"Polygon"},"properties":{"ALL_POI_COUNT":0}},{"type":"Feature","geometry":{"coordinates":[[[106.6050285386466,-6.183392837500235],[106.60885529099828,-6.183392837500235],[106.60885529099828,-6.179566085148553],[106.6050285386466,-6.179566085148553],[106.6050285386466,-6.183392837500235]]],"type":"Polygon"},"properties":{"ALL_POI_COUNT":0}},{"type":"Feature","geometry":{"coordinates":[[[106.60885529099826,-6.183392837500235],[106.61268204334995,-6.183392837500235],[106.61268204334995,-6.179566085148553],[106.60885529099826,-6.179566085148553],[106.60885529099826,-6.183392837500235]]],"type":"Polygon"},"properties":{"ALL_POI_COUNT":0}},{"type":"Feature","geometry":{"coordinates":[[[106.61268204334995,-6.183392837500235],[106.61650879570163,-6.183392837500235],[106.61650879570163,-6.179566085148553],[106.61268204334995,-6.179566085148553],[106.61268204334995,-6.183392837500235]]],"type":"Polygon"},"properties":{"ALL_POI_COUNT":0}},{"type":"Feature","geometry":{"coordinates":[[[106.61650879570163,-6.183392837500235],[106.62033554805332,-6.183392837500235],[106.62033554805332,-6.179566085148553],[106.61650879570163,-6.179566085148553],[106.61650879570163,-6.183392837500235]]],"type":"Polygon"},"properties":{"ALL_POI_COUNT":1}},{"type":"Feature","geometry":{"coordinates":[[[106.62033554805332,-6.183392837500235],[106.624162300405,-6.183392837500235],[106.624162300405,-6.179566085148553],[106.62033554805332,-6.179566085148553],[106.62033554805332,-6.183392837500235]]],"type":"Polygon"},"properties":{"ALL_POI_COUNT":0}},{"type":"Feature","geometry":{"coordinates":[[[106.62416230040499,-6.183392837500235],[106.62798905275667,-6.183392837500235],[106.62798905275667,-6.179566085148553],[106.62416230040499,-6.179566085148553],[106.62416230040499,-6.183392837500235]]],"type":"Polygon"},"properties":{"ALL_POI_COUNT":0}},{"type":"Feature","geometry":{"coordinates":[[[106.62798905275667,-6.183392837500235],[106.63181580510836,-6.183392837500235],[106.63181580510836,-6.179566085148553],[106.62798905275667,-6.179566085148553],[106.62798905275667,-6.183392837500235]]],"type":"Polygon"},"properties":{"ALL_POI_COUNT":0}},{"type":"Feature","geometry":{"coordinates":[[[106.63181580510836,-6.183392837500235],[106.63564255746005,-6.183392837500235],[106.63564255746005,-6.179566085148553],[106.63181580510836,-6.179566085148553],[106.63181580510836,-6.183392837500235]]],"type":"Polygon"},"properties":{"ALL_POI_COUNT":0}},{"type":"Feature","geometry":{"coordinates":[[[106.63564255746005,-6.183392837500235],[106.63946930981173,-6.183392837500235],[106.63946930981173,-6.179566085148553],[106.63564255746005,-6.179566085148553],[106.63564255746005,-6.183392837500235]]],"type":"Polygon"},"properties":{"ALL_POI_COUNT":0}},{"type":"Feature","geometry":{"coordinates":[[[106.63946930981172,-6.183392837500235],[106.6432960621634,-6.183392837500235],[106.6432960621634,-6.179566085148553],[106.63946930981172,-6.179566085148553],[106.63946930981172,-6.183392837500235]]],"type":"Polygon"},"properties":{"ALL_POI_COUNT":0}},{"type":"Feature","geometry":{"coordinates":[[[106.6432960621634,-6.183392837500235],[106.64712281451509,-6.183392837500235],[106.64712281451509,-6.179566085148553],[106.6432960621634,-6.179566085148553],[106.6432960621634,-6.183392837500235]]],"type":"Polygon"},"properties":{"ALL_POI_COUNT":0}},{"type":"Feature","geometry":{"coordinates":[[[106.64712281451509,-6.183392837500235],[106.65094956686677,-6.183392837500235],[106.65094956686677,-6.179566085148553],[106.64712281451509,-6.179566085148553],[106.64712281451509,-6.183392837500235]]],"type":"Polygon"},"properties":{"ALL_POI_COUNT":0}},{"type":"Feature","geometry":{"coordinates":[[[106.65094956686677,-6.183392837500235],[106.65477631921846,-6.183392837500235],[106.65477631921846,-6.179566085148553],[106.65094956686677,-6.179566085148553],[106.65094956686677,-6.183392837500235]]],"type":"Polygon"},"properties":{"ALL_POI_COUNT":0}},{"type":"Feature","geometry":{"coordinates":[[[106.65477631921844,-6.183392837500235],[106.65860307157013,-6.183392837500235],[106.65860307157013,-6.179566085148553],[106.65477631921844,-6.179566085148553],[106.65477631921844,-6.183392837500235]]],"type":"Polygon"},"properties":{"ALL_POI_COUNT":0}},{"type":"Feature","geometry":{"coordinates":[[[106.65860307157013,-6.183392837500235],[106.66242982392181,-6.183392837500235],[106.66242982392181,-6.179566085148553],[106.65860307157013,-6.179566085148553],[106.65860307157013,-6.183392837500235]]],"type":"Polygon"},"properties":{"ALL_POI_COUNT":0}},{"type":"Feature","geometry":{"coordinates":[[[106.66242982392181,-6.183392837500235],[106.6662565762735,-6.183392837500235],[106.6662565762735,-6.179566085148553],[106.66242982392181,-6.179566085148553],[106.66242982392181,-6.183392837500235]]],"type":"Polygon"},"properties":{"ALL_POI_COUNT":0}},{"type":"Feature","geometry":{"coordinates":[[[106.6662565762735,-6.183392837500235],[106.67008332862518,-6.183392837500235],[106.67008332862518,-6.179566085148553],[106.6662565762735,-6.179566085148553],[106.6662565762735,-6.183392837500235]]],"type":"Polygon"},"properties":{"ALL_POI_COUNT":0}},{"type":"Feature","geometry":{"coordinates":[[[106.67008332862517,-6.183392837500235],[106.67391008097685,-6.183392837500235],[106.67391008097685,-6.179566085148553],[106.67008332862517,-6.179566085148553],[106.67008332862517,-6.183392837500235]]],"type":"Polygon"},"properties":{"ALL_POI_COUNT":0}},{"type":"Feature","geometry":{"coordinates":[[[106.67391008097685,-6.183392837500235],[106.67773683332854,-6.183392837500235],[106.67773683332854,-6.179566085148553],[106.67391008097685,-6.179566085148553],[106.67391008097685,-6.183392837500235]]],"type":"Polygon"},"properties":{"ALL_POI_COUNT":0}},{"type":"Feature","geometry":{"coordinates":[[[106.67773683332854,-6.183392837500235],[106.68156358568022,-6.183392837500235],[106.68156358568022,-6.179566085148553],[106.67773683332854,-6.179566085148553],[106.67773683332854,-6.183392837500235]]],"type":"Polygon"},"properties":{"ALL_POI_COUNT":0}},{"type":"Feature","geometry":{"coordinates":[[[106.68156358568022,-6.183392837500235],[106.68539033803191,-6.183392837500235],[106.68539033803191,-6.179566085148553],[106.68156358568022,-6.179566085148553],[106.68156358568022,-6.183392837500235]]],"type":"Polygon"},"properties":{"ALL_POI_COUNT":0}},{"type":"Feature","geometry":{"coordinates":[[[106.6853903380319,-6.183392837500235],[106.68921709038358,-6.183392837500235],[106.68921709038358,-6.179566085148553],[106.6853903380319,-6.179566085148553],[106.6853903380319,-6.183392837500235]]],"type":"Polygon"},"properties":{"ALL_POI_COUNT":0}},{"type":"Feature","geometry":{"coordinates":[[[106.68921709038358,-6.183392837500235],[106.69304384273526,-6.183392837500235],[106.69304384273526,-6.179566085148553],[106.68921709038358,-6.179566085148553],[106.68921709038358,-6.183392837500235]]],"type":"Polygon"},"properties":{"ALL_POI_COUNT":0}},{"type":"Feature","geometry":{"coordinates":[[[106.69304384273526,-6.183392837500235],[106.69687059508695,-6.183392837500235],[106.69687059508695,-6.179566085148553],[106.69304384273526,-6.179566085148553],[106.69304384273526,-6.183392837500235]]],"type":"Polygon"},"properties":{"ALL_POI_COUNT":0}},{"type":"Feature","geometry":{"coordinates":[[[106.69687059508695,-6.183392837500235],[106.70069734743863,-6.183392837500235],[106.70069734743863,-6.179566085148553],[106.69687059508695,-6.179566085148553],[106.69687059508695,-6.183392837500235]]],"type":"Polygon"},"properties":{"ALL_POI_COUNT":0}},{"type":"Feature","geometry":{"coordinates":[[[106.70069734743862,-6.183392837500235],[106.7045240997903,-6.183392837500235],[106.7045240997903,-6.179566085148553],[106.70069734743862,-6.179566085148553],[106.70069734743862,-6.183392837500235]]],"type":"Polygon"},"properties":{"ALL_POI_COUNT":0}},{"type":"Feature","geometry":{"coordinates":[[[106.7045240997903,-6.183392837500235],[106.70835085214199,-6.183392837500235],[106.70835085214199,-6.179566085148553],[106.7045240997903,-6.179566085148553],[106.7045240997903,-6.183392837500235]]],"type":"Polygon"},"properties":{"ALL_POI_COUNT":0}},{"type":"Feature","geometry":{"coordinates":[[[106.70835085214199,-6.183392837500235],[106.71217760449368,-6.183392837500235],[106.71217760449368,-6.179566085148553],[106.70835085214199,-6.179566085148553],[106.70835085214199,-6.183392837500235]]],"type":"Polygon"},"properties":{"ALL_POI_COUNT":0}},{"type":"Feature","geometry":{"coordinates":[[[106.71217760449368,-6.183392837500235],[106.71600435684536,-6.183392837500235],[106.71600435684536,-6.179566085148553],[106.71217760449368,-6.179566085148553],[106.71217760449368,-6.183392837500235]]],"type":"Polygon"},"properties":{"ALL_POI_COUNT":0}},{"type":"Feature","geometry":{"coordinates":[[[106.56676101512977,-6.179566085148553],[106.57058776748146,-6.179566085148553],[106.57058776748146,-6.175739332796872],[106.56676101512977,-6.175739332796872],[106.56676101512977,-6.179566085148553]]],"type":"Polygon"},"properties":{"ALL_POI_COUNT":0}},{"type":"Feature","geometry":{"coordinates":[[[106.57058776748146,-6.179566085148553],[106.57441451983314,-6.179566085148553],[106.57441451983314,-6.175739332796872],[106.57058776748146,-6.175739332796872],[106.57058776748146,-6.179566085148553]]],"type":"Polygon"},"properties":{"ALL_POI_COUNT":0}},{"type":"Feature","geometry":{"coordinates":[[[106.57441451983314,-6.179566085148553],[106.57824127218483,-6.179566085148553],[106.57824127218483,-6.175739332796872],[106.57441451983314,-6.175739332796872],[106.57441451983314,-6.179566085148553]]],"type":"Polygon"},"properties":{"ALL_POI_COUNT":0}},{"type":"Feature","geometry":{"coordinates":[[[106.57824127218481,-6.179566085148553],[106.5820680245365,-6.179566085148553],[106.5820680245365,-6.175739332796872],[106.57824127218481,-6.175739332796872],[106.57824127218481,-6.179566085148553]]],"type":"Polygon"},"properties":{"ALL_POI_COUNT":0}},{"type":"Feature","geometry":{"coordinates":[[[106.5820680245365,-6.179566085148553],[106.58589477688818,-6.179566085148553],[106.58589477688818,-6.175739332796872],[106.5820680245365,-6.175739332796872],[106.5820680245365,-6.179566085148553]]],"type":"Polygon"},"properties":{"ALL_POI_COUNT":0}},{"type":"Feature","geometry":{"coordinates":[[[106.58589477688818,-6.179566085148553],[106.58972152923987,-6.179566085148553],[106.58972152923987,-6.175739332796872],[106.58589477688818,-6.175739332796872],[106.58589477688818,-6.179566085148553]]],"type":"Polygon"},"properties":{"ALL_POI_COUNT":0}},{"type":"Feature","geometry":{"coordinates":[[[106.58972152923987,-6.179566085148553],[106.59354828159155,-6.179566085148553],[106.59354828159155,-6.175739332796872],[106.58972152923987,-6.175739332796872],[106.58972152923987,-6.179566085148553]]],"type":"Polygon"},"properties":{"ALL_POI_COUNT":0}},{"type":"Feature","geometry":{"coordinates":[[[106.59354828159154,-6.179566085148553],[106.59737503394322,-6.179566085148553],[106.59737503394322,-6.175739332796872],[106.59354828159154,-6.175739332796872],[106.59354828159154,-6.179566085148553]]],"type":"Polygon"},"properties":{"ALL_POI_COUNT":0}},{"type":"Feature","geometry":{"coordinates":[[[106.59737503394322,-6.179566085148553],[106.60120178629491,-6.179566085148553],[106.60120178629491,-6.175739332796872],[106.59737503394322,-6.175739332796872],[106.59737503394322,-6.179566085148553]]],"type":"Polygon"},"properties":{"ALL_POI_COUNT":0}},{"type":"Feature","geometry":{"coordinates":[[[106.60120178629491,-6.179566085148553],[106.6050285386466,-6.179566085148553],[106.6050285386466,-6.175739332796872],[106.60120178629491,-6.175739332796872],[106.60120178629491,-6.179566085148553]]],"type":"Polygon"},"properties":{"ALL_POI_COUNT":0}},{"type":"Feature","geometry":{"coordinates":[[[106.6050285386466,-6.179566085148553],[106.60885529099828,-6.179566085148553],[106.60885529099828,-6.175739332796872],[106.6050285386466,-6.175739332796872],[106.6050285386466,-6.179566085148553]]],"type":"Polygon"},"properties":{"ALL_POI_COUNT":0}},{"type":"Feature","geometry":{"coordinates":[[[106.60885529099826,-6.179566085148553],[106.61268204334995,-6.179566085148553],[106.61268204334995,-6.175739332796872],[106.60885529099826,-6.175739332796872],[106.60885529099826,-6.179566085148553]]],"type":"Polygon"},"properties":{"ALL_POI_COUNT":0}},{"type":"Feature","geometry":{"coordinates":[[[106.61268204334995,-6.179566085148553],[106.61650879570163,-6.179566085148553],[106.61650879570163,-6.175739332796872],[106.61268204334995,-6.175739332796872],[106.61268204334995,-6.179566085148553]]],"type":"Polygon"},"properties":{"ALL_POI_COUNT":0}},{"type":"Feature","geometry":{"coordinates":[[[106.61650879570163,-6.179566085148553],[106.62033554805332,-6.179566085148553],[106.62033554805332,-6.175739332796872],[106.61650879570163,-6.175739332796872],[106.61650879570163,-6.179566085148553]]],"type":"Polygon"},"properties":{"ALL_POI_COUNT":0}},{"type":"Feature","geometry":{"coordinates":[[[106.62033554805332,-6.179566085148553],[106.624162300405,-6.179566085148553],[106.624162300405,-6.175739332796872],[106.62033554805332,-6.175739332796872],[106.62033554805332,-6.179566085148553]]],"type":"Polygon"},"properties":{"ALL_POI_COUNT":0}},{"type":"Feature","geometry":{"coordinates":[[[106.62416230040499,-6.179566085148553],[106.62798905275667,-6.179566085148553],[106.62798905275667,-6.175739332796872],[106.62416230040499,-6.175739332796872],[106.62416230040499,-6.179566085148553]]],"type":"Polygon"},"properties":{"ALL_POI_COUNT":0}},{"type":"Feature","geometry":{"coordinates":[[[106.62798905275667,-6.179566085148553],[106.63181580510836,-6.179566085148553],[106.63181580510836,-6.175739332796872],[106.62798905275667,-6.175739332796872],[106.62798905275667,-6.179566085148553]]],"type":"Polygon"},"properties":{"ALL_POI_COUNT":1}},{"type":"Feature","geometry":{"coordinates":[[[106.63181580510836,-6.179566085148553],[106.63564255746005,-6.179566085148553],[106.63564255746005,-6.175739332796872],[106.63181580510836,-6.175739332796872],[106.63181580510836,-6.179566085148553]]],"type":"Polygon"},"properties":{"ALL_POI_COUNT":0}},{"type":"Feature","geometry":{"coordinates":[[[106.63564255746005,-6.179566085148553],[106.63946930981173,-6.179566085148553],[106.63946930981173,-6.175739332796872],[106.63564255746005,-6.175739332796872],[106.63564255746005,-6.179566085148553]]],"type":"Polygon"},"properties":{"ALL_POI_COUNT":0}},{"type":"Feature","geometry":{"coordinates":[[[106.63946930981172,-6.179566085148553],[106.6432960621634,-6.179566085148553],[106.6432960621634,-6.175739332796872],[106.63946930981172,-6.175739332796872],[106.63946930981172,-6.179566085148553]]],"type":"Polygon"},"properties":{"ALL_POI_COUNT":0}},{"type":"Feature","geometry":{"coordinates":[[[106.6432960621634,-6.179566085148553],[106.64712281451509,-6.179566085148553],[106.64712281451509,-6.175739332796872],[106.6432960621634,-6.175739332796872],[106.6432960621634,-6.179566085148553]]],"type":"Polygon"},"properties":{"ALL_POI_COUNT":0}},{"type":"Feature","geometry":{"coordinates":[[[106.64712281451509,-6.179566085148553],[106.65094956686677,-6.179566085148553],[106.65094956686677,-6.175739332796872],[106.64712281451509,-6.175739332796872],[106.64712281451509,-6.179566085148553]]],"type":"Polygon"},"properties":{"ALL_POI_COUNT":0}},{"type":"Feature","geometry":{"coordinates":[[[106.65094956686677,-6.179566085148553],[106.65477631921846,-6.179566085148553],[106.65477631921846,-6.175739332796872],[106.65094956686677,-6.175739332796872],[106.65094956686677,-6.179566085148553]]],"type":"Polygon"},"properties":{"ALL_POI_COUNT":0}},{"type":"Feature","geometry":{"coordinates":[[[106.65477631921844,-6.179566085148553],[106.65860307157013,-6.179566085148553],[106.65860307157013,-6.175739332796872],[106.65477631921844,-6.175739332796872],[106.65477631921844,-6.179566085148553]]],"type":"Polygon"},"properties":{"ALL_POI_COUNT":0}},{"type":"Feature","geometry":{"coordinates":[[[106.65860307157013,-6.179566085148553],[106.66242982392181,-6.179566085148553],[106.66242982392181,-6.175739332796872],[106.65860307157013,-6.175739332796872],[106.65860307157013,-6.179566085148553]]],"type":"Polygon"},"properties":{"ALL_POI_COUNT":0}},{"type":"Feature","geometry":{"coordinates":[[[106.66242982392181,-6.179566085148553],[106.6662565762735,-6.179566085148553],[106.6662565762735,-6.175739332796872],[106.66242982392181,-6.175739332796872],[106.66242982392181,-6.179566085148553]]],"type":"Polygon"},"properties":{"ALL_POI_COUNT":0}},{"type":"Feature","geometry":{"coordinates":[[[106.6662565762735,-6.179566085148553],[106.67008332862518,-6.179566085148553],[106.67008332862518,-6.175739332796872],[106.6662565762735,-6.175739332796872],[106.6662565762735,-6.179566085148553]]],"type":"Polygon"},"properties":{"ALL_POI_COUNT":0}},{"type":"Feature","geometry":{"coordinates":[[[106.67008332862517,-6.179566085148553],[106.67391008097685,-6.179566085148553],[106.67391008097685,-6.175739332796872],[106.67008332862517,-6.175739332796872],[106.67008332862517,-6.179566085148553]]],"type":"Polygon"},"properties":{"ALL_POI_COUNT":0}},{"type":"Feature","geometry":{"coordinates":[[[106.67391008097685,-6.179566085148553],[106.67773683332854,-6.179566085148553],[106.67773683332854,-6.175739332796872],[106.67391008097685,-6.175739332796872],[106.67391008097685,-6.179566085148553]]],"type":"Polygon"},"properties":{"ALL_POI_COUNT":0}},{"type":"Feature","geometry":{"coordinates":[[[106.67773683332854,-6.179566085148553],[106.68156358568022,-6.179566085148553],[106.68156358568022,-6.175739332796872],[106.67773683332854,-6.175739332796872],[106.67773683332854,-6.179566085148553]]],"type":"Polygon"},"properties":{"ALL_POI_COUNT":0}},{"type":"Feature","geometry":{"coordinates":[[[106.68156358568022,-6.179566085148553],[106.68539033803191,-6.179566085148553],[106.68539033803191,-6.175739332796872],[106.68156358568022,-6.175739332796872],[106.68156358568022,-6.179566085148553]]],"type":"Polygon"},"properties":{"ALL_POI_COUNT":0}},{"type":"Feature","geometry":{"coordinates":[[[106.6853903380319,-6.179566085148553],[106.68921709038358,-6.179566085148553],[106.68921709038358,-6.175739332796872],[106.6853903380319,-6.175739332796872],[106.6853903380319,-6.179566085148553]]],"type":"Polygon"},"properties":{"ALL_POI_COUNT":0}},{"type":"Feature","geometry":{"coordinates":[[[106.68921709038358,-6.179566085148553],[106.69304384273526,-6.179566085148553],[106.69304384273526,-6.175739332796872],[106.68921709038358,-6.175739332796872],[106.68921709038358,-6.179566085148553]]],"type":"Polygon"},"properties":{"ALL_POI_COUNT":0}},{"type":"Feature","geometry":{"coordinates":[[[106.69304384273526,-6.179566085148553],[106.69687059508695,-6.179566085148553],[106.69687059508695,-6.175739332796872],[106.69304384273526,-6.175739332796872],[106.69304384273526,-6.179566085148553]]],"type":"Polygon"},"properties":{"ALL_POI_COUNT":0}},{"type":"Feature","geometry":{"coordinates":[[[106.69687059508695,-6.179566085148553],[106.70069734743863,-6.179566085148553],[106.70069734743863,-6.175739332796872],[106.69687059508695,-6.175739332796872],[106.69687059508695,-6.179566085148553]]],"type":"Polygon"},"properties":{"ALL_POI_COUNT":0}},{"type":"Feature","geometry":{"coordinates":[[[106.70069734743862,-6.179566085148553],[106.7045240997903,-6.179566085148553],[106.7045240997903,-6.175739332796872],[106.70069734743862,-6.175739332796872],[106.70069734743862,-6.179566085148553]]],"type":"Polygon"},"properties":{"ALL_POI_COUNT":0}},{"type":"Feature","geometry":{"coordinates":[[[106.57441451983314,-6.175739332796872],[106.57824127218483,-6.175739332796872],[106.57824127218483,-6.17191258044519],[106.57441451983314,-6.17191258044519],[106.57441451983314,-6.175739332796872]]],"type":"Polygon"},"properties":{"ALL_POI_COUNT":0}},{"type":"Feature","geometry":{"coordinates":[[[106.57824127218481,-6.175739332796872],[106.5820680245365,-6.175739332796872],[106.5820680245365,-6.17191258044519],[106.57824127218481,-6.17191258044519],[106.57824127218481,-6.175739332796872]]],"type":"Polygon"},"properties":{"ALL_POI_COUNT":0}},{"type":"Feature","geometry":{"coordinates":[[[106.5820680245365,-6.175739332796872],[106.58589477688818,-6.175739332796872],[106.58589477688818,-6.17191258044519],[106.5820680245365,-6.17191258044519],[106.5820680245365,-6.175739332796872]]],"type":"Polygon"},"properties":{"ALL_POI_COUNT":0}},{"type":"Feature","geometry":{"coordinates":[[[106.58589477688818,-6.175739332796872],[106.58972152923987,-6.175739332796872],[106.58972152923987,-6.17191258044519],[106.58589477688818,-6.17191258044519],[106.58589477688818,-6.175739332796872]]],"type":"Polygon"},"properties":{"ALL_POI_COUNT":0}},{"type":"Feature","geometry":{"coordinates":[[[106.58972152923987,-6.175739332796872],[106.59354828159155,-6.175739332796872],[106.59354828159155,-6.17191258044519],[106.58972152923987,-6.17191258044519],[106.58972152923987,-6.175739332796872]]],"type":"Polygon"},"properties":{"ALL_POI_COUNT":0}},{"type":"Feature","geometry":{"coordinates":[[[106.59354828159154,-6.175739332796872],[106.59737503394322,-6.175739332796872],[106.59737503394322,-6.17191258044519],[106.59354828159154,-6.17191258044519],[106.59354828159154,-6.175739332796872]]],"type":"Polygon"},"properties":{"ALL_POI_COUNT":0}},{"type":"Feature","geometry":{"coordinates":[[[106.59737503394322,-6.175739332796872],[106.60120178629491,-6.175739332796872],[106.60120178629491,-6.17191258044519],[106.59737503394322,-6.17191258044519],[106.59737503394322,-6.175739332796872]]],"type":"Polygon"},"properties":{"ALL_POI_COUNT":0}},{"type":"Feature","geometry":{"coordinates":[[[106.60120178629491,-6.175739332796872],[106.6050285386466,-6.175739332796872],[106.6050285386466,-6.17191258044519],[106.60120178629491,-6.17191258044519],[106.60120178629491,-6.175739332796872]]],"type":"Polygon"},"properties":{"ALL_POI_COUNT":0}},{"type":"Feature","geometry":{"coordinates":[[[106.6050285386466,-6.175739332796872],[106.60885529099828,-6.175739332796872],[106.60885529099828,-6.17191258044519],[106.6050285386466,-6.17191258044519],[106.6050285386466,-6.175739332796872]]],"type":"Polygon"},"properties":{"ALL_POI_COUNT":0}},{"type":"Feature","geometry":{"coordinates":[[[106.60885529099826,-6.175739332796872],[106.61268204334995,-6.175739332796872],[106.61268204334995,-6.17191258044519],[106.60885529099826,-6.17191258044519],[106.60885529099826,-6.175739332796872]]],"type":"Polygon"},"properties":{"ALL_POI_COUNT":0}},{"type":"Feature","geometry":{"coordinates":[[[106.61268204334995,-6.175739332796872],[106.61650879570163,-6.175739332796872],[106.61650879570163,-6.17191258044519],[106.61268204334995,-6.17191258044519],[106.61268204334995,-6.175739332796872]]],"type":"Polygon"},"properties":{"ALL_POI_COUNT":0}},{"type":"Feature","geometry":{"coordinates":[[[106.61650879570163,-6.175739332796872],[106.62033554805332,-6.175739332796872],[106.62033554805332,-6.17191258044519],[106.61650879570163,-6.17191258044519],[106.61650879570163,-6.175739332796872]]],"type":"Polygon"},"properties":{"ALL_POI_COUNT":0}},{"type":"Feature","geometry":{"coordinates":[[[106.62033554805332,-6.175739332796872],[106.624162300405,-6.175739332796872],[106.624162300405,-6.17191258044519],[106.62033554805332,-6.17191258044519],[106.62033554805332,-6.175739332796872]]],"type":"Polygon"},"properties":{"ALL_POI_COUNT":0}},{"type":"Feature","geometry":{"coordinates":[[[106.62416230040499,-6.175739332796872],[106.62798905275667,-6.175739332796872],[106.62798905275667,-6.17191258044519],[106.62416230040499,-6.17191258044519],[106.62416230040499,-6.175739332796872]]],"type":"Polygon"},"properties":{"ALL_POI_COUNT":0}},{"type":"Feature","geometry":{"coordinates":[[[106.62798905275667,-6.175739332796872],[106.63181580510836,-6.175739332796872],[106.63181580510836,-6.17191258044519],[106.62798905275667,-6.17191258044519],[106.62798905275667,-6.175739332796872]]],"type":"Polygon"},"properties":{"ALL_POI_COUNT":0}},{"type":"Feature","geometry":{"coordinates":[[[106.63181580510836,-6.175739332796872],[106.63564255746005,-6.175739332796872],[106.63564255746005,-6.17191258044519],[106.63181580510836,-6.17191258044519],[106.63181580510836,-6.175739332796872]]],"type":"Polygon"},"properties":{"ALL_POI_COUNT":0}},{"type":"Feature","geometry":{"coordinates":[[[106.63564255746005,-6.175739332796872],[106.63946930981173,-6.175739332796872],[106.63946930981173,-6.17191258044519],[106.63564255746005,-6.17191258044519],[106.63564255746005,-6.175739332796872]]],"type":"Polygon"},"properties":{"ALL_POI_COUNT":0}},{"type":"Feature","geometry":{"coordinates":[[[106.63946930981172,-6.175739332796872],[106.6432960621634,-6.175739332796872],[106.6432960621634,-6.17191258044519],[106.63946930981172,-6.17191258044519],[106.63946930981172,-6.175739332796872]]],"type":"Polygon"},"properties":{"ALL_POI_COUNT":0}},{"type":"Feature","geometry":{"coordinates":[[[106.6432960621634,-6.175739332796872],[106.64712281451509,-6.175739332796872],[106.64712281451509,-6.17191258044519],[106.6432960621634,-6.17191258044519],[106.6432960621634,-6.175739332796872]]],"type":"Polygon"},"properties":{"ALL_POI_COUNT":0}},{"type":"Feature","geometry":{"coordinates":[[[106.64712281451509,-6.175739332796872],[106.65094956686677,-6.175739332796872],[106.65094956686677,-6.17191258044519],[106.64712281451509,-6.17191258044519],[106.64712281451509,-6.175739332796872]]],"type":"Polygon"},"properties":{"ALL_POI_COUNT":0}},{"type":"Feature","geometry":{"coordinates":[[[106.65094956686677,-6.175739332796872],[106.65477631921846,-6.175739332796872],[106.65477631921846,-6.17191258044519],[106.65094956686677,-6.17191258044519],[106.65094956686677,-6.175739332796872]]],"type":"Polygon"},"properties":{"ALL_POI_COUNT":0}},{"type":"Feature","geometry":{"coordinates":[[[106.65477631921844,-6.175739332796872],[106.65860307157013,-6.175739332796872],[106.65860307157013,-6.17191258044519],[106.65477631921844,-6.17191258044519],[106.65477631921844,-6.175739332796872]]],"type":"Polygon"},"properties":{"ALL_POI_COUNT":0}},{"type":"Feature","geometry":{"coordinates":[[[106.65860307157013,-6.175739332796872],[106.66242982392181,-6.175739332796872],[106.66242982392181,-6.17191258044519],[106.65860307157013,-6.17191258044519],[106.65860307157013,-6.175739332796872]]],"type":"Polygon"},"properties":{"ALL_POI_COUNT":0}},{"type":"Feature","geometry":{"coordinates":[[[106.66242982392181,-6.175739332796872],[106.6662565762735,-6.175739332796872],[106.6662565762735,-6.17191258044519],[106.66242982392181,-6.17191258044519],[106.66242982392181,-6.175739332796872]]],"type":"Polygon"},"properties":{"ALL_POI_COUNT":0}},{"type":"Feature","geometry":{"coordinates":[[[106.6662565762735,-6.175739332796872],[106.67008332862518,-6.175739332796872],[106.67008332862518,-6.17191258044519],[106.6662565762735,-6.17191258044519],[106.6662565762735,-6.175739332796872]]],"type":"Polygon"},"properties":{"ALL_POI_COUNT":0}},{"type":"Feature","geometry":{"coordinates":[[[106.67008332862517,-6.175739332796872],[106.67391008097685,-6.175739332796872],[106.67391008097685,-6.17191258044519],[106.67008332862517,-6.17191258044519],[106.67008332862517,-6.175739332796872]]],"type":"Polygon"},"properties":{"ALL_POI_COUNT":0}},{"type":"Feature","geometry":{"coordinates":[[[106.67391008097685,-6.175739332796872],[106.67773683332854,-6.175739332796872],[106.67773683332854,-6.17191258044519],[106.67391008097685,-6.17191258044519],[106.67391008097685,-6.175739332796872]]],"type":"Polygon"},"properties":{"ALL_POI_COUNT":0}},{"type":"Feature","geometry":{"coordinates":[[[106.67773683332854,-6.175739332796872],[106.68156358568022,-6.175739332796872],[106.68156358568022,-6.17191258044519],[106.67773683332854,-6.17191258044519],[106.67773683332854,-6.175739332796872]]],"type":"Polygon"},"properties":{"ALL_POI_COUNT":0}},{"type":"Feature","geometry":{"coordinates":[[[106.68156358568022,-6.175739332796872],[106.68539033803191,-6.175739332796872],[106.68539033803191,-6.17191258044519],[106.68156358568022,-6.17191258044519],[106.68156358568022,-6.175739332796872]]],"type":"Polygon"},"properties":{"ALL_POI_COUNT":0}},{"type":"Feature","geometry":{"coordinates":[[[106.6853903380319,-6.175739332796872],[106.68921709038358,-6.175739332796872],[106.68921709038358,-6.17191258044519],[106.6853903380319,-6.17191258044519],[106.6853903380319,-6.175739332796872]]],"type":"Polygon"},"properties":{"ALL_POI_COUNT":0}},{"type":"Feature","geometry":{"coordinates":[[[106.68921709038358,-6.175739332796872],[106.69304384273526,-6.175739332796872],[106.69304384273526,-6.17191258044519],[106.68921709038358,-6.17191258044519],[106.68921709038358,-6.175739332796872]]],"type":"Polygon"},"properties":{"ALL_POI_COUNT":0}},{"type":"Feature","geometry":{"coordinates":[[[106.57824127218481,-6.17191258044519],[106.5820680245365,-6.17191258044519],[106.5820680245365,-6.168085828093509],[106.57824127218481,-6.168085828093509],[106.57824127218481,-6.17191258044519]]],"type":"Polygon"},"properties":{"ALL_POI_COUNT":0}},{"type":"Feature","geometry":{"coordinates":[[[106.5820680245365,-6.17191258044519],[106.58589477688818,-6.17191258044519],[106.58589477688818,-6.168085828093509],[106.5820680245365,-6.168085828093509],[106.5820680245365,-6.17191258044519]]],"type":"Polygon"},"properties":{"ALL_POI_COUNT":0}},{"type":"Feature","geometry":{"coordinates":[[[106.58589477688818,-6.17191258044519],[106.58972152923987,-6.17191258044519],[106.58972152923987,-6.168085828093509],[106.58589477688818,-6.168085828093509],[106.58589477688818,-6.17191258044519]]],"type":"Polygon"},"properties":{"ALL_POI_COUNT":0}},{"type":"Feature","geometry":{"coordinates":[[[106.58972152923987,-6.17191258044519],[106.59354828159155,-6.17191258044519],[106.59354828159155,-6.168085828093509],[106.58972152923987,-6.168085828093509],[106.58972152923987,-6.17191258044519]]],"type":"Polygon"},"properties":{"ALL_POI_COUNT":0}},{"type":"Feature","geometry":{"coordinates":[[[106.59354828159154,-6.17191258044519],[106.59737503394322,-6.17191258044519],[106.59737503394322,-6.168085828093509],[106.59354828159154,-6.168085828093509],[106.59354828159154,-6.17191258044519]]],"type":"Polygon"},"properties":{"ALL_POI_COUNT":1}},{"type":"Feature","geometry":{"coordinates":[[[106.59737503394322,-6.17191258044519],[106.60120178629491,-6.17191258044519],[106.60120178629491,-6.168085828093509],[106.59737503394322,-6.168085828093509],[106.59737503394322,-6.17191258044519]]],"type":"Polygon"},"properties":{"ALL_POI_COUNT":0}},{"type":"Feature","geometry":{"coordinates":[[[106.60120178629491,-6.17191258044519],[106.6050285386466,-6.17191258044519],[106.6050285386466,-6.168085828093509],[106.60120178629491,-6.168085828093509],[106.60120178629491,-6.17191258044519]]],"type":"Polygon"},"properties":{"ALL_POI_COUNT":0}},{"type":"Feature","geometry":{"coordinates":[[[106.6050285386466,-6.17191258044519],[106.60885529099828,-6.17191258044519],[106.60885529099828,-6.168085828093509],[106.6050285386466,-6.168085828093509],[106.6050285386466,-6.17191258044519]]],"type":"Polygon"},"properties":{"ALL_POI_COUNT":0}},{"type":"Feature","geometry":{"coordinates":[[[106.60885529099826,-6.17191258044519],[106.61268204334995,-6.17191258044519],[106.61268204334995,-6.168085828093509],[106.60885529099826,-6.168085828093509],[106.60885529099826,-6.17191258044519]]],"type":"Polygon"},"properties":{"ALL_POI_COUNT":0}},{"type":"Feature","geometry":{"coordinates":[[[106.61268204334995,-6.17191258044519],[106.61650879570163,-6.17191258044519],[106.61650879570163,-6.168085828093509],[106.61268204334995,-6.168085828093509],[106.61268204334995,-6.17191258044519]]],"type":"Polygon"},"properties":{"ALL_POI_COUNT":0}},{"type":"Feature","geometry":{"coordinates":[[[106.61650879570163,-6.17191258044519],[106.62033554805332,-6.17191258044519],[106.62033554805332,-6.168085828093509],[106.61650879570163,-6.168085828093509],[106.61650879570163,-6.17191258044519]]],"type":"Polygon"},"properties":{"ALL_POI_COUNT":0}},{"type":"Feature","geometry":{"coordinates":[[[106.62033554805332,-6.17191258044519],[106.624162300405,-6.17191258044519],[106.624162300405,-6.168085828093509],[106.62033554805332,-6.168085828093509],[106.62033554805332,-6.17191258044519]]],"type":"Polygon"},"properties":{"ALL_POI_COUNT":0}},{"type":"Feature","geometry":{"coordinates":[[[106.62416230040499,-6.17191258044519],[106.62798905275667,-6.17191258044519],[106.62798905275667,-6.168085828093509],[106.62416230040499,-6.168085828093509],[106.62416230040499,-6.17191258044519]]],"type":"Polygon"},"properties":{"ALL_POI_COUNT":0}},{"type":"Feature","geometry":{"coordinates":[[[106.62798905275667,-6.17191258044519],[106.63181580510836,-6.17191258044519],[106.63181580510836,-6.168085828093509],[106.62798905275667,-6.168085828093509],[106.62798905275667,-6.17191258044519]]],"type":"Polygon"},"properties":{"ALL_POI_COUNT":0}},{"type":"Feature","geometry":{"coordinates":[[[106.63181580510836,-6.17191258044519],[106.63564255746005,-6.17191258044519],[106.63564255746005,-6.168085828093509],[106.63181580510836,-6.168085828093509],[106.63181580510836,-6.17191258044519]]],"type":"Polygon"},"properties":{"ALL_POI_COUNT":0}},{"type":"Feature","geometry":{"coordinates":[[[106.63564255746005,-6.17191258044519],[106.63946930981173,-6.17191258044519],[106.63946930981173,-6.168085828093509],[106.63564255746005,-6.168085828093509],[106.63564255746005,-6.17191258044519]]],"type":"Polygon"},"properties":{"ALL_POI_COUNT":0}},{"type":"Feature","geometry":{"coordinates":[[[106.63946930981172,-6.17191258044519],[106.6432960621634,-6.17191258044519],[106.6432960621634,-6.168085828093509],[106.63946930981172,-6.168085828093509],[106.63946930981172,-6.17191258044519]]],"type":"Polygon"},"properties":{"ALL_POI_COUNT":1}},{"type":"Feature","geometry":{"coordinates":[[[106.6432960621634,-6.17191258044519],[106.64712281451509,-6.17191258044519],[106.64712281451509,-6.168085828093509],[106.6432960621634,-6.168085828093509],[106.6432960621634,-6.17191258044519]]],"type":"Polygon"},"properties":{"ALL_POI_COUNT":0}},{"type":"Feature","geometry":{"coordinates":[[[106.64712281451509,-6.17191258044519],[106.65094956686677,-6.17191258044519],[106.65094956686677,-6.168085828093509],[106.64712281451509,-6.168085828093509],[106.64712281451509,-6.17191258044519]]],"type":"Polygon"},"properties":{"ALL_POI_COUNT":0}},{"type":"Feature","geometry":{"coordinates":[[[106.65094956686677,-6.17191258044519],[106.65477631921846,-6.17191258044519],[106.65477631921846,-6.168085828093509],[106.65094956686677,-6.168085828093509],[106.65094956686677,-6.17191258044519]]],"type":"Polygon"},"properties":{"ALL_POI_COUNT":0}},{"type":"Feature","geometry":{"coordinates":[[[106.65477631921844,-6.17191258044519],[106.65860307157013,-6.17191258044519],[106.65860307157013,-6.168085828093509],[106.65477631921844,-6.168085828093509],[106.65477631921844,-6.17191258044519]]],"type":"Polygon"},"properties":{"ALL_POI_COUNT":0}},{"type":"Feature","geometry":{"coordinates":[[[106.65860307157013,-6.17191258044519],[106.66242982392181,-6.17191258044519],[106.66242982392181,-6.168085828093509],[106.65860307157013,-6.168085828093509],[106.65860307157013,-6.17191258044519]]],"type":"Polygon"},"properties":{"ALL_POI_COUNT":0}},{"type":"Feature","geometry":{"coordinates":[[[106.66242982392181,-6.17191258044519],[106.6662565762735,-6.17191258044519],[106.6662565762735,-6.168085828093509],[106.66242982392181,-6.168085828093509],[106.66242982392181,-6.17191258044519]]],"type":"Polygon"},"properties":{"ALL_POI_COUNT":0}},{"type":"Feature","geometry":{"coordinates":[[[106.6662565762735,-6.17191258044519],[106.67008332862518,-6.17191258044519],[106.67008332862518,-6.168085828093509],[106.6662565762735,-6.168085828093509],[106.6662565762735,-6.17191258044519]]],"type":"Polygon"},"properties":{"ALL_POI_COUNT":0}},{"type":"Feature","geometry":{"coordinates":[[[106.67008332862517,-6.17191258044519],[106.67391008097685,-6.17191258044519],[106.67391008097685,-6.168085828093509],[106.67008332862517,-6.168085828093509],[106.67008332862517,-6.17191258044519]]],"type":"Polygon"},"properties":{"ALL_POI_COUNT":0}},{"type":"Feature","geometry":{"coordinates":[[[106.67391008097685,-6.17191258044519],[106.67773683332854,-6.17191258044519],[106.67773683332854,-6.168085828093509],[106.67391008097685,-6.168085828093509],[106.67391008097685,-6.17191258044519]]],"type":"Polygon"},"properties":{"ALL_POI_COUNT":0}},{"type":"Feature","geometry":{"coordinates":[[[106.67773683332854,-6.17191258044519],[106.68156358568022,-6.17191258044519],[106.68156358568022,-6.168085828093509],[106.67773683332854,-6.168085828093509],[106.67773683332854,-6.17191258044519]]],"type":"Polygon"},"properties":{"ALL_POI_COUNT":0}},{"type":"Feature","geometry":{"coordinates":[[[106.68156358568022,-6.17191258044519],[106.68539033803191,-6.17191258044519],[106.68539033803191,-6.168085828093509],[106.68156358568022,-6.168085828093509],[106.68156358568022,-6.17191258044519]]],"type":"Polygon"},"properties":{"ALL_POI_COUNT":0}},{"type":"Feature","geometry":{"coordinates":[[[106.5820680245365,-6.168085828093509],[106.58589477688818,-6.168085828093509],[106.58589477688818,-6.164259075741827],[106.5820680245365,-6.164259075741827],[106.5820680245365,-6.168085828093509]]],"type":"Polygon"},"properties":{"ALL_POI_COUNT":0}},{"type":"Feature","geometry":{"coordinates":[[[106.58589477688818,-6.168085828093509],[106.58972152923987,-6.168085828093509],[106.58972152923987,-6.164259075741827],[106.58589477688818,-6.164259075741827],[106.58589477688818,-6.168085828093509]]],"type":"Polygon"},"properties":{"ALL_POI_COUNT":0}},{"type":"Feature","geometry":{"coordinates":[[[106.58972152923987,-6.168085828093509],[106.59354828159155,-6.168085828093509],[106.59354828159155,-6.164259075741827],[106.58972152923987,-6.164259075741827],[106.58972152923987,-6.168085828093509]]],"type":"Polygon"},"properties":{"ALL_POI_COUNT":0}},{"type":"Feature","geometry":{"coordinates":[[[106.59354828159154,-6.168085828093509],[106.59737503394322,-6.168085828093509],[106.59737503394322,-6.164259075741827],[106.59354828159154,-6.164259075741827],[106.59354828159154,-6.168085828093509]]],"type":"Polygon"},"properties":{"ALL_POI_COUNT":0}},{"type":"Feature","geometry":{"coordinates":[[[106.59737503394322,-6.168085828093509],[106.60120178629491,-6.168085828093509],[106.60120178629491,-6.164259075741827],[106.59737503394322,-6.164259075741827],[106.59737503394322,-6.168085828093509]]],"type":"Polygon"},"properties":{"ALL_POI_COUNT":0}},{"type":"Feature","geometry":{"coordinates":[[[106.60120178629491,-6.168085828093509],[106.6050285386466,-6.168085828093509],[106.6050285386466,-6.164259075741827],[106.60120178629491,-6.164259075741827],[106.60120178629491,-6.168085828093509]]],"type":"Polygon"},"properties":{"ALL_POI_COUNT":0}},{"type":"Feature","geometry":{"coordinates":[[[106.6050285386466,-6.168085828093509],[106.60885529099828,-6.168085828093509],[106.60885529099828,-6.164259075741827],[106.6050285386466,-6.164259075741827],[106.6050285386466,-6.168085828093509]]],"type":"Polygon"},"properties":{"ALL_POI_COUNT":0}},{"type":"Feature","geometry":{"coordinates":[[[106.60885529099826,-6.168085828093509],[106.61268204334995,-6.168085828093509],[106.61268204334995,-6.164259075741827],[106.60885529099826,-6.164259075741827],[106.60885529099826,-6.168085828093509]]],"type":"Polygon"},"properties":{"ALL_POI_COUNT":0}},{"type":"Feature","geometry":{"coordinates":[[[106.61268204334995,-6.168085828093509],[106.61650879570163,-6.168085828093509],[106.61650879570163,-6.164259075741827],[106.61268204334995,-6.164259075741827],[106.61268204334995,-6.168085828093509]]],"type":"Polygon"},"properties":{"ALL_POI_COUNT":0}},{"type":"Feature","geometry":{"coordinates":[[[106.61650879570163,-6.168085828093509],[106.62033554805332,-6.168085828093509],[106.62033554805332,-6.164259075741827],[106.61650879570163,-6.164259075741827],[106.61650879570163,-6.168085828093509]]],"type":"Polygon"},"properties":{"ALL_POI_COUNT":0}},{"type":"Feature","geometry":{"coordinates":[[[106.62033554805332,-6.168085828093509],[106.624162300405,-6.168085828093509],[106.624162300405,-6.164259075741827],[106.62033554805332,-6.164259075741827],[106.62033554805332,-6.168085828093509]]],"type":"Polygon"},"properties":{"ALL_POI_COUNT":0}},{"type":"Feature","geometry":{"coordinates":[[[106.62416230040499,-6.168085828093509],[106.62798905275667,-6.168085828093509],[106.62798905275667,-6.164259075741827],[106.62416230040499,-6.164259075741827],[106.62416230040499,-6.168085828093509]]],"type":"Polygon"},"properties":{"ALL_POI_COUNT":0}},{"type":"Feature","geometry":{"coordinates":[[[106.62798905275667,-6.168085828093509],[106.63181580510836,-6.168085828093509],[106.63181580510836,-6.164259075741827],[106.62798905275667,-6.164259075741827],[106.62798905275667,-6.168085828093509]]],"type":"Polygon"},"properties":{"ALL_POI_COUNT":0}},{"type":"Feature","geometry":{"coordinates":[[[106.63181580510836,-6.168085828093509],[106.63564255746005,-6.168085828093509],[106.63564255746005,-6.164259075741827],[106.63181580510836,-6.164259075741827],[106.63181580510836,-6.168085828093509]]],"type":"Polygon"},"properties":{"ALL_POI_COUNT":0}},{"type":"Feature","geometry":{"coordinates":[[[106.63564255746005,-6.168085828093509],[106.63946930981173,-6.168085828093509],[106.63946930981173,-6.164259075741827],[106.63564255746005,-6.164259075741827],[106.63564255746005,-6.168085828093509]]],"type":"Polygon"},"properties":{"ALL_POI_COUNT":1}},{"type":"Feature","geometry":{"coordinates":[[[106.63946930981172,-6.168085828093509],[106.6432960621634,-6.168085828093509],[106.6432960621634,-6.164259075741827],[106.63946930981172,-6.164259075741827],[106.63946930981172,-6.168085828093509]]],"type":"Polygon"},"properties":{"ALL_POI_COUNT":0}},{"type":"Feature","geometry":{"coordinates":[[[106.6432960621634,-6.168085828093509],[106.64712281451509,-6.168085828093509],[106.64712281451509,-6.164259075741827],[106.6432960621634,-6.164259075741827],[106.6432960621634,-6.168085828093509]]],"type":"Polygon"},"properties":{"ALL_POI_COUNT":0}},{"type":"Feature","geometry":{"coordinates":[[[106.64712281451509,-6.168085828093509],[106.65094956686677,-6.168085828093509],[106.65094956686677,-6.164259075741827],[106.64712281451509,-6.164259075741827],[106.64712281451509,-6.168085828093509]]],"type":"Polygon"},"properties":{"ALL_POI_COUNT":0}},{"type":"Feature","geometry":{"coordinates":[[[106.65094956686677,-6.168085828093509],[106.65477631921846,-6.168085828093509],[106.65477631921846,-6.164259075741827],[106.65094956686677,-6.164259075741827],[106.65094956686677,-6.168085828093509]]],"type":"Polygon"},"properties":{"ALL_POI_COUNT":0}},{"type":"Feature","geometry":{"coordinates":[[[106.65477631921844,-6.168085828093509],[106.65860307157013,-6.168085828093509],[106.65860307157013,-6.164259075741827],[106.65477631921844,-6.164259075741827],[106.65477631921844,-6.168085828093509]]],"type":"Polygon"},"properties":{"ALL_POI_COUNT":0}},{"type":"Feature","geometry":{"coordinates":[[[106.65860307157013,-6.168085828093509],[106.66242982392181,-6.168085828093509],[106.66242982392181,-6.164259075741827],[106.65860307157013,-6.164259075741827],[106.65860307157013,-6.168085828093509]]],"type":"Polygon"},"properties":{"ALL_POI_COUNT":0}},{"type":"Feature","geometry":{"coordinates":[[[106.66242982392181,-6.168085828093509],[106.6662565762735,-6.168085828093509],[106.6662565762735,-6.164259075741827],[106.66242982392181,-6.164259075741827],[106.66242982392181,-6.168085828093509]]],"type":"Polygon"},"properties":{"ALL_POI_COUNT":0}},{"type":"Feature","geometry":{"coordinates":[[[106.6662565762735,-6.168085828093509],[106.67008332862518,-6.168085828093509],[106.67008332862518,-6.164259075741827],[106.6662565762735,-6.164259075741827],[106.6662565762735,-6.168085828093509]]],"type":"Polygon"},"properties":{"ALL_POI_COUNT":0}},{"type":"Feature","geometry":{"coordinates":[[[106.67008332862517,-6.168085828093509],[106.67391008097685,-6.168085828093509],[106.67391008097685,-6.164259075741827],[106.67008332862517,-6.164259075741827],[106.67008332862517,-6.168085828093509]]],"type":"Polygon"},"properties":{"ALL_POI_COUNT":0}},{"type":"Feature","geometry":{"coordinates":[[[106.67391008097685,-6.168085828093509],[106.67773683332854,-6.168085828093509],[106.67773683332854,-6.164259075741827],[106.67391008097685,-6.164259075741827],[106.67391008097685,-6.168085828093509]]],"type":"Polygon"},"properties":{"ALL_POI_COUNT":0}},{"type":"Feature","geometry":{"coordinates":[[[106.67773683332854,-6.168085828093509],[106.68156358568022,-6.168085828093509],[106.68156358568022,-6.164259075741827],[106.67773683332854,-6.164259075741827],[106.67773683332854,-6.168085828093509]]],"type":"Polygon"},"properties":{"ALL_POI_COUNT":0}},{"type":"Feature","geometry":{"coordinates":[[[106.68156358568022,-6.168085828093509],[106.68539033803191,-6.168085828093509],[106.68539033803191,-6.164259075741827],[106.68156358568022,-6.164259075741827],[106.68156358568022,-6.168085828093509]]],"type":"Polygon"},"properties":{"ALL_POI_COUNT":0}},{"type":"Feature","geometry":{"coordinates":[[[106.6853903380319,-6.168085828093509],[106.68921709038358,-6.168085828093509],[106.68921709038358,-6.164259075741827],[106.6853903380319,-6.164259075741827],[106.6853903380319,-6.168085828093509]]],"type":"Polygon"},"properties":{"ALL_POI_COUNT":0}},{"type":"Feature","geometry":{"coordinates":[[[106.5820680245365,-6.164259075741827],[106.58589477688818,-6.164259075741827],[106.58589477688818,-6.160432323390146],[106.5820680245365,-6.160432323390146],[106.5820680245365,-6.164259075741827]]],"type":"Polygon"},"properties":{"ALL_POI_COUNT":0}},{"type":"Feature","geometry":{"coordinates":[[[106.58589477688818,-6.164259075741827],[106.58972152923987,-6.164259075741827],[106.58972152923987,-6.160432323390146],[106.58589477688818,-6.160432323390146],[106.58589477688818,-6.164259075741827]]],"type":"Polygon"},"properties":{"ALL_POI_COUNT":0}},{"type":"Feature","geometry":{"coordinates":[[[106.58972152923987,-6.164259075741827],[106.59354828159155,-6.164259075741827],[106.59354828159155,-6.160432323390146],[106.58972152923987,-6.160432323390146],[106.58972152923987,-6.164259075741827]]],"type":"Polygon"},"properties":{"ALL_POI_COUNT":0}},{"type":"Feature","geometry":{"coordinates":[[[106.59354828159154,-6.164259075741827],[106.59737503394322,-6.164259075741827],[106.59737503394322,-6.160432323390146],[106.59354828159154,-6.160432323390146],[106.59354828159154,-6.164259075741827]]],"type":"Polygon"},"properties":{"ALL_POI_COUNT":0}},{"type":"Feature","geometry":{"coordinates":[[[106.59737503394322,-6.164259075741827],[106.60120178629491,-6.164259075741827],[106.60120178629491,-6.160432323390146],[106.59737503394322,-6.160432323390146],[106.59737503394322,-6.164259075741827]]],"type":"Polygon"},"properties":{"ALL_POI_COUNT":0}},{"type":"Feature","geometry":{"coordinates":[[[106.60120178629491,-6.164259075741827],[106.6050285386466,-6.164259075741827],[106.6050285386466,-6.160432323390146],[106.60120178629491,-6.160432323390146],[106.60120178629491,-6.164259075741827]]],"type":"Polygon"},"properties":{"ALL_POI_COUNT":0}},{"type":"Feature","geometry":{"coordinates":[[[106.6050285386466,-6.164259075741827],[106.60885529099828,-6.164259075741827],[106.60885529099828,-6.160432323390146],[106.6050285386466,-6.160432323390146],[106.6050285386466,-6.164259075741827]]],"type":"Polygon"},"properties":{"ALL_POI_COUNT":0}},{"type":"Feature","geometry":{"coordinates":[[[106.60885529099826,-6.164259075741827],[106.61268204334995,-6.164259075741827],[106.61268204334995,-6.160432323390146],[106.60885529099826,-6.160432323390146],[106.60885529099826,-6.164259075741827]]],"type":"Polygon"},"properties":{"ALL_POI_COUNT":0}},{"type":"Feature","geometry":{"coordinates":[[[106.61268204334995,-6.164259075741827],[106.61650879570163,-6.164259075741827],[106.61650879570163,-6.160432323390146],[106.61268204334995,-6.160432323390146],[106.61268204334995,-6.164259075741827]]],"type":"Polygon"},"properties":{"ALL_POI_COUNT":0}},{"type":"Feature","geometry":{"coordinates":[[[106.61650879570163,-6.164259075741827],[106.62033554805332,-6.164259075741827],[106.62033554805332,-6.160432323390146],[106.61650879570163,-6.160432323390146],[106.61650879570163,-6.164259075741827]]],"type":"Polygon"},"properties":{"ALL_POI_COUNT":0}},{"type":"Feature","geometry":{"coordinates":[[[106.62033554805332,-6.164259075741827],[106.624162300405,-6.164259075741827],[106.624162300405,-6.160432323390146],[106.62033554805332,-6.160432323390146],[106.62033554805332,-6.164259075741827]]],"type":"Polygon"},"properties":{"ALL_POI_COUNT":0}},{"type":"Feature","geometry":{"coordinates":[[[106.62416230040499,-6.164259075741827],[106.62798905275667,-6.164259075741827],[106.62798905275667,-6.160432323390146],[106.62416230040499,-6.160432323390146],[106.62416230040499,-6.164259075741827]]],"type":"Polygon"},"properties":{"ALL_POI_COUNT":0}},{"type":"Feature","geometry":{"coordinates":[[[106.62798905275667,-6.164259075741827],[106.63181580510836,-6.164259075741827],[106.63181580510836,-6.160432323390146],[106.62798905275667,-6.160432323390146],[106.62798905275667,-6.164259075741827]]],"type":"Polygon"},"properties":{"ALL_POI_COUNT":0}},{"type":"Feature","geometry":{"coordinates":[[[106.63181580510836,-6.164259075741827],[106.63564255746005,-6.164259075741827],[106.63564255746005,-6.160432323390146],[106.63181580510836,-6.160432323390146],[106.63181580510836,-6.164259075741827]]],"type":"Polygon"},"properties":{"ALL_POI_COUNT":1}},{"type":"Feature","geometry":{"coordinates":[[[106.63564255746005,-6.164259075741827],[106.63946930981173,-6.164259075741827],[106.63946930981173,-6.160432323390146],[106.63564255746005,-6.160432323390146],[106.63564255746005,-6.164259075741827]]],"type":"Polygon"},"properties":{"ALL_POI_COUNT":0}},{"type":"Feature","geometry":{"coordinates":[[[106.63946930981172,-6.164259075741827],[106.6432960621634,-6.164259075741827],[106.6432960621634,-6.160432323390146],[106.63946930981172,-6.160432323390146],[106.63946930981172,-6.164259075741827]]],"type":"Polygon"},"properties":{"ALL_POI_COUNT":0}},{"type":"Feature","geometry":{"coordinates":[[[106.6432960621634,-6.164259075741827],[106.64712281451509,-6.164259075741827],[106.64712281451509,-6.160432323390146],[106.6432960621634,-6.160432323390146],[106.6432960621634,-6.164259075741827]]],"type":"Polygon"},"properties":{"ALL_POI_COUNT":0}},{"type":"Feature","geometry":{"coordinates":[[[106.64712281451509,-6.164259075741827],[106.65094956686677,-6.164259075741827],[106.65094956686677,-6.160432323390146],[106.64712281451509,-6.160432323390146],[106.64712281451509,-6.164259075741827]]],"type":"Polygon"},"properties":{"ALL_POI_COUNT":0}},{"type":"Feature","geometry":{"coordinates":[[[106.65094956686677,-6.164259075741827],[106.65477631921846,-6.164259075741827],[106.65477631921846,-6.160432323390146],[106.65094956686677,-6.160432323390146],[106.65094956686677,-6.164259075741827]]],"type":"Polygon"},"properties":{"ALL_POI_COUNT":0}},{"type":"Feature","geometry":{"coordinates":[[[106.65477631921844,-6.164259075741827],[106.65860307157013,-6.164259075741827],[106.65860307157013,-6.160432323390146],[106.65477631921844,-6.160432323390146],[106.65477631921844,-6.164259075741827]]],"type":"Polygon"},"properties":{"ALL_POI_COUNT":0}},{"type":"Feature","geometry":{"coordinates":[[[106.65860307157013,-6.164259075741827],[106.66242982392181,-6.164259075741827],[106.66242982392181,-6.160432323390146],[106.65860307157013,-6.160432323390146],[106.65860307157013,-6.164259075741827]]],"type":"Polygon"},"properties":{"ALL_POI_COUNT":0}},{"type":"Feature","geometry":{"coordinates":[[[106.66242982392181,-6.164259075741827],[106.6662565762735,-6.164259075741827],[106.6662565762735,-6.160432323390146],[106.66242982392181,-6.160432323390146],[106.66242982392181,-6.164259075741827]]],"type":"Polygon"},"properties":{"ALL_POI_COUNT":0}},{"type":"Feature","geometry":{"coordinates":[[[106.6662565762735,-6.164259075741827],[106.67008332862518,-6.164259075741827],[106.67008332862518,-6.160432323390146],[106.6662565762735,-6.160432323390146],[106.6662565762735,-6.164259075741827]]],"type":"Polygon"},"properties":{"ALL_POI_COUNT":0}},{"type":"Feature","geometry":{"coordinates":[[[106.67008332862517,-6.164259075741827],[106.67391008097685,-6.164259075741827],[106.67391008097685,-6.160432323390146],[106.67008332862517,-6.160432323390146],[106.67008332862517,-6.164259075741827]]],"type":"Polygon"},"properties":{"ALL_POI_COUNT":0}},{"type":"Feature","geometry":{"coordinates":[[[106.67391008097685,-6.164259075741827],[106.67773683332854,-6.164259075741827],[106.67773683332854,-6.160432323390146],[106.67391008097685,-6.160432323390146],[106.67391008097685,-6.164259075741827]]],"type":"Polygon"},"properties":{"ALL_POI_COUNT":0}},{"type":"Feature","geometry":{"coordinates":[[[106.67773683332854,-6.164259075741827],[106.68156358568022,-6.164259075741827],[106.68156358568022,-6.160432323390146],[106.67773683332854,-6.160432323390146],[106.67773683332854,-6.164259075741827]]],"type":"Polygon"},"properties":{"ALL_POI_COUNT":0}},{"type":"Feature","geometry":{"coordinates":[[[106.68156358568022,-6.164259075741827],[106.68539033803191,-6.164259075741827],[106.68539033803191,-6.160432323390146],[106.68156358568022,-6.160432323390146],[106.68156358568022,-6.164259075741827]]],"type":"Polygon"},"properties":{"ALL_POI_COUNT":0}},{"type":"Feature","geometry":{"coordinates":[[[106.6853903380319,-6.164259075741827],[106.68921709038358,-6.164259075741827],[106.68921709038358,-6.160432323390146],[106.6853903380319,-6.160432323390146],[106.6853903380319,-6.164259075741827]]],"type":"Polygon"},"properties":{"ALL_POI_COUNT":0}},{"type":"Feature","geometry":{"coordinates":[[[106.59354828159154,-6.160432323390146],[106.59737503394322,-6.160432323390146],[106.59737503394322,-6.156605571038464],[106.59354828159154,-6.156605571038464],[106.59354828159154,-6.160432323390146]]],"type":"Polygon"},"properties":{"ALL_POI_COUNT":0}},{"type":"Feature","geometry":{"coordinates":[[[106.59737503394322,-6.160432323390146],[106.60120178629491,-6.160432323390146],[106.60120178629491,-6.156605571038464],[106.59737503394322,-6.156605571038464],[106.59737503394322,-6.160432323390146]]],"type":"Polygon"},"properties":{"ALL_POI_COUNT":0}},{"type":"Feature","geometry":{"coordinates":[[[106.60120178629491,-6.160432323390146],[106.6050285386466,-6.160432323390146],[106.6050285386466,-6.156605571038464],[106.60120178629491,-6.156605571038464],[106.60120178629491,-6.160432323390146]]],"type":"Polygon"},"properties":{"ALL_POI_COUNT":0}},{"type":"Feature","geometry":{"coordinates":[[[106.6050285386466,-6.160432323390146],[106.60885529099828,-6.160432323390146],[106.60885529099828,-6.156605571038464],[106.6050285386466,-6.156605571038464],[106.6050285386466,-6.160432323390146]]],"type":"Polygon"},"properties":{"ALL_POI_COUNT":0}},{"type":"Feature","geometry":{"coordinates":[[[106.60885529099826,-6.160432323390146],[106.61268204334995,-6.160432323390146],[106.61268204334995,-6.156605571038464],[106.60885529099826,-6.156605571038464],[106.60885529099826,-6.160432323390146]]],"type":"Polygon"},"properties":{"ALL_POI_COUNT":0}},{"type":"Feature","geometry":{"coordinates":[[[106.61268204334995,-6.160432323390146],[106.61650879570163,-6.160432323390146],[106.61650879570163,-6.156605571038464],[106.61268204334995,-6.156605571038464],[106.61268204334995,-6.160432323390146]]],"type":"Polygon"},"properties":{"ALL_POI_COUNT":0}},{"type":"Feature","geometry":{"coordinates":[[[106.61650879570163,-6.160432323390146],[106.62033554805332,-6.160432323390146],[106.62033554805332,-6.156605571038464],[106.61650879570163,-6.156605571038464],[106.61650879570163,-6.160432323390146]]],"type":"Polygon"},"properties":{"ALL_POI_COUNT":0}},{"type":"Feature","geometry":{"coordinates":[[[106.62033554805332,-6.160432323390146],[106.624162300405,-6.160432323390146],[106.624162300405,-6.156605571038464],[106.62033554805332,-6.156605571038464],[106.62033554805332,-6.160432323390146]]],"type":"Polygon"},"properties":{"ALL_POI_COUNT":0}},{"type":"Feature","geometry":{"coordinates":[[[106.62416230040499,-6.160432323390146],[106.62798905275667,-6.160432323390146],[106.62798905275667,-6.156605571038464],[106.62416230040499,-6.156605571038464],[106.62416230040499,-6.160432323390146]]],"type":"Polygon"},"properties":{"ALL_POI_COUNT":0}},{"type":"Feature","geometry":{"coordinates":[[[106.62798905275667,-6.160432323390146],[106.63181580510836,-6.160432323390146],[106.63181580510836,-6.156605571038464],[106.62798905275667,-6.156605571038464],[106.62798905275667,-6.160432323390146]]],"type":"Polygon"},"properties":{"ALL_POI_COUNT":0}},{"type":"Feature","geometry":{"coordinates":[[[106.63181580510836,-6.160432323390146],[106.63564255746005,-6.160432323390146],[106.63564255746005,-6.156605571038464],[106.63181580510836,-6.156605571038464],[106.63181580510836,-6.160432323390146]]],"type":"Polygon"},"properties":{"ALL_POI_COUNT":0}},{"type":"Feature","geometry":{"coordinates":[[[106.63564255746005,-6.160432323390146],[106.63946930981173,-6.160432323390146],[106.63946930981173,-6.156605571038464],[106.63564255746005,-6.156605571038464],[106.63564255746005,-6.160432323390146]]],"type":"Polygon"},"properties":{"ALL_POI_COUNT":0}},{"type":"Feature","geometry":{"coordinates":[[[106.63946930981172,-6.160432323390146],[106.6432960621634,-6.160432323390146],[106.6432960621634,-6.156605571038464],[106.63946930981172,-6.156605571038464],[106.63946930981172,-6.160432323390146]]],"type":"Polygon"},"properties":{"ALL_POI_COUNT":0}},{"type":"Feature","geometry":{"coordinates":[[[106.6432960621634,-6.160432323390146],[106.64712281451509,-6.160432323390146],[106.64712281451509,-6.156605571038464],[106.6432960621634,-6.156605571038464],[106.6432960621634,-6.160432323390146]]],"type":"Polygon"},"properties":{"ALL_POI_COUNT":0}},{"type":"Feature","geometry":{"coordinates":[[[106.64712281451509,-6.160432323390146],[106.65094956686677,-6.160432323390146],[106.65094956686677,-6.156605571038464],[106.64712281451509,-6.156605571038464],[106.64712281451509,-6.160432323390146]]],"type":"Polygon"},"properties":{"ALL_POI_COUNT":0}},{"type":"Feature","geometry":{"coordinates":[[[106.65094956686677,-6.160432323390146],[106.65477631921846,-6.160432323390146],[106.65477631921846,-6.156605571038464],[106.65094956686677,-6.156605571038464],[106.65094956686677,-6.160432323390146]]],"type":"Polygon"},"properties":{"ALL_POI_COUNT":0}},{"type":"Feature","geometry":{"coordinates":[[[106.65477631921844,-6.160432323390146],[106.65860307157013,-6.160432323390146],[106.65860307157013,-6.156605571038464],[106.65477631921844,-6.156605571038464],[106.65477631921844,-6.160432323390146]]],"type":"Polygon"},"properties":{"ALL_POI_COUNT":0}},{"type":"Feature","geometry":{"coordinates":[[[106.65860307157013,-6.160432323390146],[106.66242982392181,-6.160432323390146],[106.66242982392181,-6.156605571038464],[106.65860307157013,-6.156605571038464],[106.65860307157013,-6.160432323390146]]],"type":"Polygon"},"properties":{"ALL_POI_COUNT":0}},{"type":"Feature","geometry":{"coordinates":[[[106.66242982392181,-6.160432323390146],[106.6662565762735,-6.160432323390146],[106.6662565762735,-6.156605571038464],[106.66242982392181,-6.156605571038464],[106.66242982392181,-6.160432323390146]]],"type":"Polygon"},"properties":{"ALL_POI_COUNT":0}},{"type":"Feature","geometry":{"coordinates":[[[106.6662565762735,-6.160432323390146],[106.67008332862518,-6.160432323390146],[106.67008332862518,-6.156605571038464],[106.6662565762735,-6.156605571038464],[106.6662565762735,-6.160432323390146]]],"type":"Polygon"},"properties":{"ALL_POI_COUNT":0}},{"type":"Feature","geometry":{"coordinates":[[[106.67008332862517,-6.160432323390146],[106.67391008097685,-6.160432323390146],[106.67391008097685,-6.156605571038464],[106.67008332862517,-6.156605571038464],[106.67008332862517,-6.160432323390146]]],"type":"Polygon"},"properties":{"ALL_POI_COUNT":0}},{"type":"Feature","geometry":{"coordinates":[[[106.67391008097685,-6.160432323390146],[106.67773683332854,-6.160432323390146],[106.67773683332854,-6.156605571038464],[106.67391008097685,-6.156605571038464],[106.67391008097685,-6.160432323390146]]],"type":"Polygon"},"properties":{"ALL_POI_COUNT":0}},{"type":"Feature","geometry":{"coordinates":[[[106.67773683332854,-6.160432323390146],[106.68156358568022,-6.160432323390146],[106.68156358568022,-6.156605571038464],[106.67773683332854,-6.156605571038464],[106.67773683332854,-6.160432323390146]]],"type":"Polygon"},"properties":{"ALL_POI_COUNT":0}},{"type":"Feature","geometry":{"coordinates":[[[106.68156358568022,-6.160432323390146],[106.68539033803191,-6.160432323390146],[106.68539033803191,-6.156605571038464],[106.68156358568022,-6.156605571038464],[106.68156358568022,-6.160432323390146]]],"type":"Polygon"},"properties":{"ALL_POI_COUNT":0}},{"type":"Feature","geometry":{"coordinates":[[[106.6853903380319,-6.160432323390146],[106.68921709038358,-6.160432323390146],[106.68921709038358,-6.156605571038464],[106.6853903380319,-6.156605571038464],[106.6853903380319,-6.160432323390146]]],"type":"Polygon"},"properties":{"ALL_POI_COUNT":0}},{"type":"Feature","geometry":{"coordinates":[[[106.58972152923987,-6.156605571038464],[106.59354828159155,-6.156605571038464],[106.59354828159155,-6.152778818686783],[106.58972152923987,-6.152778818686783],[106.58972152923987,-6.156605571038464]]],"type":"Polygon"},"properties":{"ALL_POI_COUNT":0}},{"type":"Feature","geometry":{"coordinates":[[[106.59354828159154,-6.156605571038464],[106.59737503394322,-6.156605571038464],[106.59737503394322,-6.152778818686783],[106.59354828159154,-6.152778818686783],[106.59354828159154,-6.156605571038464]]],"type":"Polygon"},"properties":{"ALL_POI_COUNT":0}},{"type":"Feature","geometry":{"coordinates":[[[106.59737503394322,-6.156605571038464],[106.60120178629491,-6.156605571038464],[106.60120178629491,-6.152778818686783],[106.59737503394322,-6.152778818686783],[106.59737503394322,-6.156605571038464]]],"type":"Polygon"},"properties":{"ALL_POI_COUNT":0}},{"type":"Feature","geometry":{"coordinates":[[[106.60120178629491,-6.156605571038464],[106.6050285386466,-6.156605571038464],[106.6050285386466,-6.152778818686783],[106.60120178629491,-6.152778818686783],[106.60120178629491,-6.156605571038464]]],"type":"Polygon"},"properties":{"ALL_POI_COUNT":0}},{"type":"Feature","geometry":{"coordinates":[[[106.6050285386466,-6.156605571038464],[106.60885529099828,-6.156605571038464],[106.60885529099828,-6.152778818686783],[106.6050285386466,-6.152778818686783],[106.6050285386466,-6.156605571038464]]],"type":"Polygon"},"properties":{"ALL_POI_COUNT":0}},{"type":"Feature","geometry":{"coordinates":[[[106.60885529099826,-6.156605571038464],[106.61268204334995,-6.156605571038464],[106.61268204334995,-6.152778818686783],[106.60885529099826,-6.152778818686783],[106.60885529099826,-6.156605571038464]]],"type":"Polygon"},"properties":{"ALL_POI_COUNT":0}},{"type":"Feature","geometry":{"coordinates":[[[106.61268204334995,-6.156605571038464],[106.61650879570163,-6.156605571038464],[106.61650879570163,-6.152778818686783],[106.61268204334995,-6.152778818686783],[106.61268204334995,-6.156605571038464]]],"type":"Polygon"},"properties":{"ALL_POI_COUNT":0}},{"type":"Feature","geometry":{"coordinates":[[[106.61650879570163,-6.156605571038464],[106.62033554805332,-6.156605571038464],[106.62033554805332,-6.152778818686783],[106.61650879570163,-6.152778818686783],[106.61650879570163,-6.156605571038464]]],"type":"Polygon"},"properties":{"ALL_POI_COUNT":0}},{"type":"Feature","geometry":{"coordinates":[[[106.62033554805332,-6.156605571038464],[106.624162300405,-6.156605571038464],[106.624162300405,-6.152778818686783],[106.62033554805332,-6.152778818686783],[106.62033554805332,-6.156605571038464]]],"type":"Polygon"},"properties":{"ALL_POI_COUNT":0}},{"type":"Feature","geometry":{"coordinates":[[[106.62416230040499,-6.156605571038464],[106.62798905275667,-6.156605571038464],[106.62798905275667,-6.152778818686783],[106.62416230040499,-6.152778818686783],[106.62416230040499,-6.156605571038464]]],"type":"Polygon"},"properties":{"ALL_POI_COUNT":0}},{"type":"Feature","geometry":{"coordinates":[[[106.62798905275667,-6.156605571038464],[106.63181580510836,-6.156605571038464],[106.63181580510836,-6.152778818686783],[106.62798905275667,-6.152778818686783],[106.62798905275667,-6.156605571038464]]],"type":"Polygon"},"properties":{"ALL_POI_COUNT":0}},{"type":"Feature","geometry":{"coordinates":[[[106.63181580510836,-6.156605571038464],[106.63564255746005,-6.156605571038464],[106.63564255746005,-6.152778818686783],[106.63181580510836,-6.152778818686783],[106.63181580510836,-6.156605571038464]]],"type":"Polygon"},"properties":{"ALL_POI_COUNT":0}},{"type":"Feature","geometry":{"coordinates":[[[106.63564255746005,-6.156605571038464],[106.63946930981173,-6.156605571038464],[106.63946930981173,-6.152778818686783],[106.63564255746005,-6.152778818686783],[106.63564255746005,-6.156605571038464]]],"type":"Polygon"},"properties":{"ALL_POI_COUNT":0}},{"type":"Feature","geometry":{"coordinates":[[[106.63946930981172,-6.156605571038464],[106.6432960621634,-6.156605571038464],[106.6432960621634,-6.152778818686783],[106.63946930981172,-6.152778818686783],[106.63946930981172,-6.156605571038464]]],"type":"Polygon"},"properties":{"ALL_POI_COUNT":0}},{"type":"Feature","geometry":{"coordinates":[[[106.6432960621634,-6.156605571038464],[106.64712281451509,-6.156605571038464],[106.64712281451509,-6.152778818686783],[106.6432960621634,-6.152778818686783],[106.6432960621634,-6.156605571038464]]],"type":"Polygon"},"properties":{"ALL_POI_COUNT":0}},{"type":"Feature","geometry":{"coordinates":[[[106.64712281451509,-6.156605571038464],[106.65094956686677,-6.156605571038464],[106.65094956686677,-6.152778818686783],[106.64712281451509,-6.152778818686783],[106.64712281451509,-6.156605571038464]]],"type":"Polygon"},"properties":{"ALL_POI_COUNT":0}},{"type":"Feature","geometry":{"coordinates":[[[106.65094956686677,-6.156605571038464],[106.65477631921846,-6.156605571038464],[106.65477631921846,-6.152778818686783],[106.65094956686677,-6.152778818686783],[106.65094956686677,-6.156605571038464]]],"type":"Polygon"},"properties":{"ALL_POI_COUNT":0}},{"type":"Feature","geometry":{"coordinates":[[[106.65477631921844,-6.156605571038464],[106.65860307157013,-6.156605571038464],[106.65860307157013,-6.152778818686783],[106.65477631921844,-6.152778818686783],[106.65477631921844,-6.156605571038464]]],"type":"Polygon"},"properties":{"ALL_POI_COUNT":0}},{"type":"Feature","geometry":{"coordinates":[[[106.65860307157013,-6.156605571038464],[106.66242982392181,-6.156605571038464],[106.66242982392181,-6.152778818686783],[106.65860307157013,-6.152778818686783],[106.65860307157013,-6.156605571038464]]],"type":"Polygon"},"properties":{"ALL_POI_COUNT":0}},{"type":"Feature","geometry":{"coordinates":[[[106.66242982392181,-6.156605571038464],[106.6662565762735,-6.156605571038464],[106.6662565762735,-6.152778818686783],[106.66242982392181,-6.152778818686783],[106.66242982392181,-6.156605571038464]]],"type":"Polygon"},"properties":{"ALL_POI_COUNT":0}},{"type":"Feature","geometry":{"coordinates":[[[106.6662565762735,-6.156605571038464],[106.67008332862518,-6.156605571038464],[106.67008332862518,-6.152778818686783],[106.6662565762735,-6.152778818686783],[106.6662565762735,-6.156605571038464]]],"type":"Polygon"},"properties":{"ALL_POI_COUNT":0}},{"type":"Feature","geometry":{"coordinates":[[[106.67008332862517,-6.156605571038464],[106.67391008097685,-6.156605571038464],[106.67391008097685,-6.152778818686783],[106.67008332862517,-6.152778818686783],[106.67008332862517,-6.156605571038464]]],"type":"Polygon"},"properties":{"ALL_POI_COUNT":0}},{"type":"Feature","geometry":{"coordinates":[[[106.67391008097685,-6.156605571038464],[106.67773683332854,-6.156605571038464],[106.67773683332854,-6.152778818686783],[106.67391008097685,-6.152778818686783],[106.67391008097685,-6.156605571038464]]],"type":"Polygon"},"properties":{"ALL_POI_COUNT":0}},{"type":"Feature","geometry":{"coordinates":[[[106.67773683332854,-6.156605571038464],[106.68156358568022,-6.156605571038464],[106.68156358568022,-6.152778818686783],[106.67773683332854,-6.152778818686783],[106.67773683332854,-6.156605571038464]]],"type":"Polygon"},"properties":{"ALL_POI_COUNT":0}},{"type":"Feature","geometry":{"coordinates":[[[106.68156358568022,-6.156605571038464],[106.68539033803191,-6.156605571038464],[106.68539033803191,-6.152778818686783],[106.68156358568022,-6.152778818686783],[106.68156358568022,-6.156605571038464]]],"type":"Polygon"},"properties":{"ALL_POI_COUNT":0}},{"type":"Feature","geometry":{"coordinates":[[[106.6853903380319,-6.156605571038464],[106.68921709038358,-6.156605571038464],[106.68921709038358,-6.152778818686783],[106.6853903380319,-6.152778818686783],[106.6853903380319,-6.156605571038464]]],"type":"Polygon"},"properties":{"ALL_POI_COUNT":0}},{"type":"Feature","geometry":{"coordinates":[[[106.58972152923987,-6.152778818686783],[106.59354828159155,-6.152778818686783],[106.59354828159155,-6.148952066335101],[106.58972152923987,-6.148952066335101],[106.58972152923987,-6.152778818686783]]],"type":"Polygon"},"properties":{"ALL_POI_COUNT":0}},{"type":"Feature","geometry":{"coordinates":[[[106.59354828159154,-6.152778818686783],[106.59737503394322,-6.152778818686783],[106.59737503394322,-6.148952066335101],[106.59354828159154,-6.148952066335101],[106.59354828159154,-6.152778818686783]]],"type":"Polygon"},"properties":{"ALL_POI_COUNT":0}},{"type":"Feature","geometry":{"coordinates":[[[106.59737503394322,-6.152778818686783],[106.60120178629491,-6.152778818686783],[106.60120178629491,-6.148952066335101],[106.59737503394322,-6.148952066335101],[106.59737503394322,-6.152778818686783]]],"type":"Polygon"},"properties":{"ALL_POI_COUNT":0}},{"type":"Feature","geometry":{"coordinates":[[[106.60120178629491,-6.152778818686783],[106.6050285386466,-6.152778818686783],[106.6050285386466,-6.148952066335101],[106.60120178629491,-6.148952066335101],[106.60120178629491,-6.152778818686783]]],"type":"Polygon"},"properties":{"ALL_POI_COUNT":0}},{"type":"Feature","geometry":{"coordinates":[[[106.6050285386466,-6.152778818686783],[106.60885529099828,-6.152778818686783],[106.60885529099828,-6.148952066335101],[106.6050285386466,-6.148952066335101],[106.6050285386466,-6.152778818686783]]],"type":"Polygon"},"properties":{"ALL_POI_COUNT":0}},{"type":"Feature","geometry":{"coordinates":[[[106.60885529099826,-6.152778818686783],[106.61268204334995,-6.152778818686783],[106.61268204334995,-6.148952066335101],[106.60885529099826,-6.148952066335101],[106.60885529099826,-6.152778818686783]]],"type":"Polygon"},"properties":{"ALL_POI_COUNT":0}},{"type":"Feature","geometry":{"coordinates":[[[106.61268204334995,-6.152778818686783],[106.61650879570163,-6.152778818686783],[106.61650879570163,-6.148952066335101],[106.61268204334995,-6.148952066335101],[106.61268204334995,-6.152778818686783]]],"type":"Polygon"},"properties":{"ALL_POI_COUNT":0}},{"type":"Feature","geometry":{"coordinates":[[[106.61650879570163,-6.152778818686783],[106.62033554805332,-6.152778818686783],[106.62033554805332,-6.148952066335101],[106.61650879570163,-6.148952066335101],[106.61650879570163,-6.152778818686783]]],"type":"Polygon"},"properties":{"ALL_POI_COUNT":0}},{"type":"Feature","geometry":{"coordinates":[[[106.62033554805332,-6.152778818686783],[106.624162300405,-6.152778818686783],[106.624162300405,-6.148952066335101],[106.62033554805332,-6.148952066335101],[106.62033554805332,-6.152778818686783]]],"type":"Polygon"},"properties":{"ALL_POI_COUNT":0}},{"type":"Feature","geometry":{"coordinates":[[[106.62416230040499,-6.152778818686783],[106.62798905275667,-6.152778818686783],[106.62798905275667,-6.148952066335101],[106.62416230040499,-6.148952066335101],[106.62416230040499,-6.152778818686783]]],"type":"Polygon"},"properties":{"ALL_POI_COUNT":0}},{"type":"Feature","geometry":{"coordinates":[[[106.62798905275667,-6.152778818686783],[106.63181580510836,-6.152778818686783],[106.63181580510836,-6.148952066335101],[106.62798905275667,-6.148952066335101],[106.62798905275667,-6.152778818686783]]],"type":"Polygon"},"properties":{"ALL_POI_COUNT":0}},{"type":"Feature","geometry":{"coordinates":[[[106.63181580510836,-6.152778818686783],[106.63564255746005,-6.152778818686783],[106.63564255746005,-6.148952066335101],[106.63181580510836,-6.148952066335101],[106.63181580510836,-6.152778818686783]]],"type":"Polygon"},"properties":{"ALL_POI_COUNT":0}},{"type":"Feature","geometry":{"coordinates":[[[106.63564255746005,-6.152778818686783],[106.63946930981173,-6.152778818686783],[106.63946930981173,-6.148952066335101],[106.63564255746005,-6.148952066335101],[106.63564255746005,-6.152778818686783]]],"type":"Polygon"},"properties":{"ALL_POI_COUNT":0}},{"type":"Feature","geometry":{"coordinates":[[[106.63946930981172,-6.152778818686783],[106.6432960621634,-6.152778818686783],[106.6432960621634,-6.148952066335101],[106.63946930981172,-6.148952066335101],[106.63946930981172,-6.152778818686783]]],"type":"Polygon"},"properties":{"ALL_POI_COUNT":0}},{"type":"Feature","geometry":{"coordinates":[[[106.6432960621634,-6.152778818686783],[106.64712281451509,-6.152778818686783],[106.64712281451509,-6.148952066335101],[106.6432960621634,-6.148952066335101],[106.6432960621634,-6.152778818686783]]],"type":"Polygon"},"properties":{"ALL_POI_COUNT":0}},{"type":"Feature","geometry":{"coordinates":[[[106.64712281451509,-6.152778818686783],[106.65094956686677,-6.152778818686783],[106.65094956686677,-6.148952066335101],[106.64712281451509,-6.148952066335101],[106.64712281451509,-6.152778818686783]]],"type":"Polygon"},"properties":{"ALL_POI_COUNT":0}},{"type":"Feature","geometry":{"coordinates":[[[106.65094956686677,-6.152778818686783],[106.65477631921846,-6.152778818686783],[106.65477631921846,-6.148952066335101],[106.65094956686677,-6.148952066335101],[106.65094956686677,-6.152778818686783]]],"type":"Polygon"},"properties":{"ALL_POI_COUNT":0}},{"type":"Feature","geometry":{"coordinates":[[[106.65477631921844,-6.152778818686783],[106.65860307157013,-6.152778818686783],[106.65860307157013,-6.148952066335101],[106.65477631921844,-6.148952066335101],[106.65477631921844,-6.152778818686783]]],"type":"Polygon"},"properties":{"ALL_POI_COUNT":0}},{"type":"Feature","geometry":{"coordinates":[[[106.65860307157013,-6.152778818686783],[106.66242982392181,-6.152778818686783],[106.66242982392181,-6.148952066335101],[106.65860307157013,-6.148952066335101],[106.65860307157013,-6.152778818686783]]],"type":"Polygon"},"properties":{"ALL_POI_COUNT":0}},{"type":"Feature","geometry":{"coordinates":[[[106.66242982392181,-6.152778818686783],[106.6662565762735,-6.152778818686783],[106.6662565762735,-6.148952066335101],[106.66242982392181,-6.148952066335101],[106.66242982392181,-6.152778818686783]]],"type":"Polygon"},"properties":{"ALL_POI_COUNT":0}},{"type":"Feature","geometry":{"coordinates":[[[106.6662565762735,-6.152778818686783],[106.67008332862518,-6.152778818686783],[106.67008332862518,-6.148952066335101],[106.6662565762735,-6.148952066335101],[106.6662565762735,-6.152778818686783]]],"type":"Polygon"},"properties":{"ALL_POI_COUNT":0}},{"type":"Feature","geometry":{"coordinates":[[[106.67008332862517,-6.152778818686783],[106.67391008097685,-6.152778818686783],[106.67391008097685,-6.148952066335101],[106.67008332862517,-6.148952066335101],[106.67008332862517,-6.152778818686783]]],"type":"Polygon"},"properties":{"ALL_POI_COUNT":0}},{"type":"Feature","geometry":{"coordinates":[[[106.67391008097685,-6.152778818686783],[106.67773683332854,-6.152778818686783],[106.67773683332854,-6.148952066335101],[106.67391008097685,-6.148952066335101],[106.67391008097685,-6.152778818686783]]],"type":"Polygon"},"properties":{"ALL_POI_COUNT":0}},{"type":"Feature","geometry":{"coordinates":[[[106.67773683332854,-6.152778818686783],[106.68156358568022,-6.152778818686783],[106.68156358568022,-6.148952066335101],[106.67773683332854,-6.148952066335101],[106.67773683332854,-6.152778818686783]]],"type":"Polygon"},"properties":{"ALL_POI_COUNT":0}},{"type":"Feature","geometry":{"coordinates":[[[106.68156358568022,-6.152778818686783],[106.68539033803191,-6.152778818686783],[106.68539033803191,-6.148952066335101],[106.68156358568022,-6.148952066335101],[106.68156358568022,-6.152778818686783]]],"type":"Polygon"},"properties":{"ALL_POI_COUNT":0}},{"type":"Feature","geometry":{"coordinates":[[[106.6853903380319,-6.152778818686783],[106.68921709038358,-6.152778818686783],[106.68921709038358,-6.148952066335101],[106.6853903380319,-6.148952066335101],[106.6853903380319,-6.152778818686783]]],"type":"Polygon"},"properties":{"ALL_POI_COUNT":0}},{"type":"Feature","geometry":{"coordinates":[[[106.61268204334995,-6.148952066335101],[106.61650879570163,-6.148952066335101],[106.61650879570163,-6.14512531398342],[106.61268204334995,-6.14512531398342],[106.61268204334995,-6.148952066335101]]],"type":"Polygon"},"properties":{"ALL_POI_COUNT":0}},{"type":"Feature","geometry":{"coordinates":[[[106.61650879570163,-6.148952066335101],[106.62033554805332,-6.148952066335101],[106.62033554805332,-6.14512531398342],[106.61650879570163,-6.14512531398342],[106.61650879570163,-6.148952066335101]]],"type":"Polygon"},"properties":{"ALL_POI_COUNT":0}},{"type":"Feature","geometry":{"coordinates":[[[106.62033554805332,-6.148952066335101],[106.624162300405,-6.148952066335101],[106.624162300405,-6.14512531398342],[106.62033554805332,-6.14512531398342],[106.62033554805332,-6.148952066335101]]],"type":"Polygon"},"properties":{"ALL_POI_COUNT":0}},{"type":"Feature","geometry":{"coordinates":[[[106.62416230040499,-6.148952066335101],[106.62798905275667,-6.148952066335101],[106.62798905275667,-6.14512531398342],[106.62416230040499,-6.14512531398342],[106.62416230040499,-6.148952066335101]]],"type":"Polygon"},"properties":{"ALL_POI_COUNT":0}},{"type":"Feature","geometry":{"coordinates":[[[106.62798905275667,-6.148952066335101],[106.63181580510836,-6.148952066335101],[106.63181580510836,-6.14512531398342],[106.62798905275667,-6.14512531398342],[106.62798905275667,-6.148952066335101]]],"type":"Polygon"},"properties":{"ALL_POI_COUNT":0}},{"type":"Feature","geometry":{"coordinates":[[[106.63181580510836,-6.148952066335101],[106.63564255746005,-6.148952066335101],[106.63564255746005,-6.14512531398342],[106.63181580510836,-6.14512531398342],[106.63181580510836,-6.148952066335101]]],"type":"Polygon"},"properties":{"ALL_POI_COUNT":0}},{"type":"Feature","geometry":{"coordinates":[[[106.63564255746005,-6.148952066335101],[106.63946930981173,-6.148952066335101],[106.63946930981173,-6.14512531398342],[106.63564255746005,-6.14512531398342],[106.63564255746005,-6.148952066335101]]],"type":"Polygon"},"properties":{"ALL_POI_COUNT":0}},{"type":"Feature","geometry":{"coordinates":[[[106.63946930981172,-6.148952066335101],[106.6432960621634,-6.148952066335101],[106.6432960621634,-6.14512531398342],[106.63946930981172,-6.14512531398342],[106.63946930981172,-6.148952066335101]]],"type":"Polygon"},"properties":{"ALL_POI_COUNT":0}},{"type":"Feature","geometry":{"coordinates":[[[106.6432960621634,-6.148952066335101],[106.64712281451509,-6.148952066335101],[106.64712281451509,-6.14512531398342],[106.6432960621634,-6.14512531398342],[106.6432960621634,-6.148952066335101]]],"type":"Polygon"},"properties":{"ALL_POI_COUNT":0}},{"type":"Feature","geometry":{"coordinates":[[[106.64712281451509,-6.148952066335101],[106.65094956686677,-6.148952066335101],[106.65094956686677,-6.14512531398342],[106.64712281451509,-6.14512531398342],[106.64712281451509,-6.148952066335101]]],"type":"Polygon"},"properties":{"ALL_POI_COUNT":0}},{"type":"Feature","geometry":{"coordinates":[[[106.65094956686677,-6.148952066335101],[106.65477631921846,-6.148952066335101],[106.65477631921846,-6.14512531398342],[106.65094956686677,-6.14512531398342],[106.65094956686677,-6.148952066335101]]],"type":"Polygon"},"properties":{"ALL_POI_COUNT":0}},{"type":"Feature","geometry":{"coordinates":[[[106.65477631921844,-6.148952066335101],[106.65860307157013,-6.148952066335101],[106.65860307157013,-6.14512531398342],[106.65477631921844,-6.14512531398342],[106.65477631921844,-6.148952066335101]]],"type":"Polygon"},"properties":{"ALL_POI_COUNT":0}},{"type":"Feature","geometry":{"coordinates":[[[106.65860307157013,-6.148952066335101],[106.66242982392181,-6.148952066335101],[106.66242982392181,-6.14512531398342],[106.65860307157013,-6.14512531398342],[106.65860307157013,-6.148952066335101]]],"type":"Polygon"},"properties":{"ALL_POI_COUNT":0}},{"type":"Feature","geometry":{"coordinates":[[[106.66242982392181,-6.148952066335101],[106.6662565762735,-6.148952066335101],[106.6662565762735,-6.14512531398342],[106.66242982392181,-6.14512531398342],[106.66242982392181,-6.148952066335101]]],"type":"Polygon"},"properties":{"ALL_POI_COUNT":0}},{"type":"Feature","geometry":{"coordinates":[[[106.6662565762735,-6.148952066335101],[106.67008332862518,-6.148952066335101],[106.67008332862518,-6.14512531398342],[106.6662565762735,-6.14512531398342],[106.6662565762735,-6.148952066335101]]],"type":"Polygon"},"properties":{"ALL_POI_COUNT":0}},{"type":"Feature","geometry":{"coordinates":[[[106.67008332862517,-6.148952066335101],[106.67391008097685,-6.148952066335101],[106.67391008097685,-6.14512531398342],[106.67008332862517,-6.14512531398342],[106.67008332862517,-6.148952066335101]]],"type":"Polygon"},"properties":{"ALL_POI_COUNT":0}},{"type":"Feature","geometry":{"coordinates":[[[106.67391008097685,-6.148952066335101],[106.67773683332854,-6.148952066335101],[106.67773683332854,-6.14512531398342],[106.67391008097685,-6.14512531398342],[106.67391008097685,-6.148952066335101]]],"type":"Polygon"},"properties":{"ALL_POI_COUNT":2}},{"type":"Feature","geometry":{"coordinates":[[[106.67773683332854,-6.148952066335101],[106.68156358568022,-6.148952066335101],[106.68156358568022,-6.14512531398342],[106.67773683332854,-6.14512531398342],[106.67773683332854,-6.148952066335101]]],"type":"Polygon"},"properties":{"ALL_POI_COUNT":0}},{"type":"Feature","geometry":{"coordinates":[[[106.68156358568022,-6.148952066335101],[106.68539033803191,-6.148952066335101],[106.68539033803191,-6.14512531398342],[106.68156358568022,-6.14512531398342],[106.68156358568022,-6.148952066335101]]],"type":"Polygon"},"properties":{"ALL_POI_COUNT":0}},{"type":"Feature","geometry":{"coordinates":[[[106.6853903380319,-6.148952066335101],[106.68921709038358,-6.148952066335101],[106.68921709038358,-6.14512531398342],[106.6853903380319,-6.14512531398342],[106.6853903380319,-6.148952066335101]]],"type":"Polygon"},"properties":{"ALL_POI_COUNT":0}},{"type":"Feature","geometry":{"coordinates":[[[106.61650879570163,-6.14512531398342],[106.62033554805332,-6.14512531398342],[106.62033554805332,-6.141298561631738],[106.61650879570163,-6.141298561631738],[106.61650879570163,-6.14512531398342]]],"type":"Polygon"},"properties":{"ALL_POI_COUNT":0}},{"type":"Feature","geometry":{"coordinates":[[[106.62033554805332,-6.14512531398342],[106.624162300405,-6.14512531398342],[106.624162300405,-6.141298561631738],[106.62033554805332,-6.141298561631738],[106.62033554805332,-6.14512531398342]]],"type":"Polygon"},"properties":{"ALL_POI_COUNT":0}},{"type":"Feature","geometry":{"coordinates":[[[106.62416230040499,-6.14512531398342],[106.62798905275667,-6.14512531398342],[106.62798905275667,-6.141298561631738],[106.62416230040499,-6.141298561631738],[106.62416230040499,-6.14512531398342]]],"type":"Polygon"},"properties":{"ALL_POI_COUNT":0}},{"type":"Feature","geometry":{"coordinates":[[[106.62798905275667,-6.14512531398342],[106.63181580510836,-6.14512531398342],[106.63181580510836,-6.141298561631738],[106.62798905275667,-6.141298561631738],[106.62798905275667,-6.14512531398342]]],"type":"Polygon"},"properties":{"ALL_POI_COUNT":0}},{"type":"Feature","geometry":{"coordinates":[[[106.63181580510836,-6.14512531398342],[106.63564255746005,-6.14512531398342],[106.63564255746005,-6.141298561631738],[106.63181580510836,-6.141298561631738],[106.63181580510836,-6.14512531398342]]],"type":"Polygon"},"properties":{"ALL_POI_COUNT":0}},{"type":"Feature","geometry":{"coordinates":[[[106.63564255746005,-6.14512531398342],[106.63946930981173,-6.14512531398342],[106.63946930981173,-6.141298561631738],[106.63564255746005,-6.141298561631738],[106.63564255746005,-6.14512531398342]]],"type":"Polygon"},"properties":{"ALL_POI_COUNT":0}},{"type":"Feature","geometry":{"coordinates":[[[106.63946930981172,-6.14512531398342],[106.6432960621634,-6.14512531398342],[106.6432960621634,-6.141298561631738],[106.63946930981172,-6.141298561631738],[106.63946930981172,-6.14512531398342]]],"type":"Polygon"},"properties":{"ALL_POI_COUNT":0}},{"type":"Feature","geometry":{"coordinates":[[[106.6432960621634,-6.14512531398342],[106.64712281451509,-6.14512531398342],[106.64712281451509,-6.141298561631738],[106.6432960621634,-6.141298561631738],[106.6432960621634,-6.14512531398342]]],"type":"Polygon"},"properties":{"ALL_POI_COUNT":0}},{"type":"Feature","geometry":{"coordinates":[[[106.64712281451509,-6.14512531398342],[106.65094956686677,-6.14512531398342],[106.65094956686677,-6.141298561631738],[106.64712281451509,-6.141298561631738],[106.64712281451509,-6.14512531398342]]],"type":"Polygon"},"properties":{"ALL_POI_COUNT":0}},{"type":"Feature","geometry":{"coordinates":[[[106.65094956686677,-6.14512531398342],[106.65477631921846,-6.14512531398342],[106.65477631921846,-6.141298561631738],[106.65094956686677,-6.141298561631738],[106.65094956686677,-6.14512531398342]]],"type":"Polygon"},"properties":{"ALL_POI_COUNT":0}},{"type":"Feature","geometry":{"coordinates":[[[106.65477631921844,-6.14512531398342],[106.65860307157013,-6.14512531398342],[106.65860307157013,-6.141298561631738],[106.65477631921844,-6.141298561631738],[106.65477631921844,-6.14512531398342]]],"type":"Polygon"},"properties":{"ALL_POI_COUNT":0}},{"type":"Feature","geometry":{"coordinates":[[[106.65860307157013,-6.14512531398342],[106.66242982392181,-6.14512531398342],[106.66242982392181,-6.141298561631738],[106.65860307157013,-6.141298561631738],[106.65860307157013,-6.14512531398342]]],"type":"Polygon"},"properties":{"ALL_POI_COUNT":0}},{"type":"Feature","geometry":{"coordinates":[[[106.66242982392181,-6.14512531398342],[106.6662565762735,-6.14512531398342],[106.6662565762735,-6.141298561631738],[106.66242982392181,-6.141298561631738],[106.66242982392181,-6.14512531398342]]],"type":"Polygon"},"properties":{"ALL_POI_COUNT":0}},{"type":"Feature","geometry":{"coordinates":[[[106.6662565762735,-6.14512531398342],[106.67008332862518,-6.14512531398342],[106.67008332862518,-6.141298561631738],[106.6662565762735,-6.141298561631738],[106.6662565762735,-6.14512531398342]]],"type":"Polygon"},"properties":{"ALL_POI_COUNT":0}},{"type":"Feature","geometry":{"coordinates":[[[106.67008332862517,-6.14512531398342],[106.67391008097685,-6.14512531398342],[106.67391008097685,-6.141298561631738],[106.67008332862517,-6.141298561631738],[106.67008332862517,-6.14512531398342]]],"type":"Polygon"},"properties":{"ALL_POI_COUNT":0}},{"type":"Feature","geometry":{"coordinates":[[[106.67391008097685,-6.14512531398342],[106.67773683332854,-6.14512531398342],[106.67773683332854,-6.141298561631738],[106.67391008097685,-6.141298561631738],[106.67391008097685,-6.14512531398342]]],"type":"Polygon"},"properties":{"ALL_POI_COUNT":0}},{"type":"Feature","geometry":{"coordinates":[[[106.67773683332854,-6.14512531398342],[106.68156358568022,-6.14512531398342],[106.68156358568022,-6.141298561631738],[106.67773683332854,-6.141298561631738],[106.67773683332854,-6.14512531398342]]],"type":"Polygon"},"properties":{"ALL_POI_COUNT":0}},{"type":"Feature","geometry":{"coordinates":[[[106.68156358568022,-6.14512531398342],[106.68539033803191,-6.14512531398342],[106.68539033803191,-6.141298561631738],[106.68156358568022,-6.141298561631738],[106.68156358568022,-6.14512531398342]]],"type":"Polygon"},"properties":{"ALL_POI_COUNT":0}},{"type":"Feature","geometry":{"coordinates":[[[106.61650879570163,-6.1412985616317375],[106.62033554805332,-6.1412985616317375],[106.62033554805332,-6.137471809280056],[106.61650879570163,-6.137471809280056],[106.61650879570163,-6.1412985616317375]]],"type":"Polygon"},"properties":{"ALL_POI_COUNT":0}},{"type":"Feature","geometry":{"coordinates":[[[106.62033554805332,-6.1412985616317375],[106.624162300405,-6.1412985616317375],[106.624162300405,-6.137471809280056],[106.62033554805332,-6.137471809280056],[106.62033554805332,-6.1412985616317375]]],"type":"Polygon"},"properties":{"ALL_POI_COUNT":0}},{"type":"Feature","geometry":{"coordinates":[[[106.62416230040499,-6.1412985616317375],[106.62798905275667,-6.1412985616317375],[106.62798905275667,-6.137471809280056],[106.62416230040499,-6.137471809280056],[106.62416230040499,-6.1412985616317375]]],"type":"Polygon"},"properties":{"ALL_POI_COUNT":0}},{"type":"Feature","geometry":{"coordinates":[[[106.62798905275667,-6.1412985616317375],[106.63181580510836,-6.1412985616317375],[106.63181580510836,-6.137471809280056],[106.62798905275667,-6.137471809280056],[106.62798905275667,-6.1412985616317375]]],"type":"Polygon"},"properties":{"ALL_POI_COUNT":0}},{"type":"Feature","geometry":{"coordinates":[[[106.63181580510836,-6.1412985616317375],[106.63564255746005,-6.1412985616317375],[106.63564255746005,-6.137471809280056],[106.63181580510836,-6.137471809280056],[106.63181580510836,-6.1412985616317375]]],"type":"Polygon"},"properties":{"ALL_POI_COUNT":0}},{"type":"Feature","geometry":{"coordinates":[[[106.63564255746005,-6.1412985616317375],[106.63946930981173,-6.1412985616317375],[106.63946930981173,-6.137471809280056],[106.63564255746005,-6.137471809280056],[106.63564255746005,-6.1412985616317375]]],"type":"Polygon"},"properties":{"ALL_POI_COUNT":0}},{"type":"Feature","geometry":{"coordinates":[[[106.63946930981172,-6.1412985616317375],[106.6432960621634,-6.1412985616317375],[106.6432960621634,-6.137471809280056],[106.63946930981172,-6.137471809280056],[106.63946930981172,-6.1412985616317375]]],"type":"Polygon"},"properties":{"ALL_POI_COUNT":0}},{"type":"Feature","geometry":{"coordinates":[[[106.6432960621634,-6.1412985616317375],[106.64712281451509,-6.1412985616317375],[106.64712281451509,-6.137471809280056],[106.6432960621634,-6.137471809280056],[106.6432960621634,-6.1412985616317375]]],"type":"Polygon"},"properties":{"ALL_POI_COUNT":0}},{"type":"Feature","geometry":{"coordinates":[[[106.64712281451509,-6.1412985616317375],[106.65094956686677,-6.1412985616317375],[106.65094956686677,-6.137471809280056],[106.64712281451509,-6.137471809280056],[106.64712281451509,-6.1412985616317375]]],"type":"Polygon"},"properties":{"ALL_POI_COUNT":0}},{"type":"Feature","geometry":{"coordinates":[[[106.65094956686677,-6.1412985616317375],[106.65477631921846,-6.1412985616317375],[106.65477631921846,-6.137471809280056],[106.65094956686677,-6.137471809280056],[106.65094956686677,-6.1412985616317375]]],"type":"Polygon"},"properties":{"ALL_POI_COUNT":0}},{"type":"Feature","geometry":{"coordinates":[[[106.65477631921844,-6.1412985616317375],[106.65860307157013,-6.1412985616317375],[106.65860307157013,-6.137471809280056],[106.65477631921844,-6.137471809280056],[106.65477631921844,-6.1412985616317375]]],"type":"Polygon"},"properties":{"ALL_POI_COUNT":0}},{"type":"Feature","geometry":{"coordinates":[[[106.65860307157013,-6.1412985616317375],[106.66242982392181,-6.1412985616317375],[106.66242982392181,-6.137471809280056],[106.65860307157013,-6.137471809280056],[106.65860307157013,-6.1412985616317375]]],"type":"Polygon"},"properties":{"ALL_POI_COUNT":0}},{"type":"Feature","geometry":{"coordinates":[[[106.66242982392181,-6.1412985616317375],[106.6662565762735,-6.1412985616317375],[106.6662565762735,-6.137471809280056],[106.66242982392181,-6.137471809280056],[106.66242982392181,-6.1412985616317375]]],"type":"Polygon"},"properties":{"ALL_POI_COUNT":0}},{"type":"Feature","geometry":{"coordinates":[[[106.6662565762735,-6.1412985616317375],[106.67008332862518,-6.1412985616317375],[106.67008332862518,-6.137471809280056],[106.6662565762735,-6.137471809280056],[106.6662565762735,-6.1412985616317375]]],"type":"Polygon"},"properties":{"ALL_POI_COUNT":0}},{"type":"Feature","geometry":{"coordinates":[[[106.67008332862517,-6.1412985616317375],[106.67391008097685,-6.1412985616317375],[106.67391008097685,-6.137471809280056],[106.67008332862517,-6.137471809280056],[106.67008332862517,-6.1412985616317375]]],"type":"Polygon"},"properties":{"ALL_POI_COUNT":0}},{"type":"Feature","geometry":{"coordinates":[[[106.67391008097685,-6.1412985616317375],[106.67773683332854,-6.1412985616317375],[106.67773683332854,-6.137471809280056],[106.67391008097685,-6.137471809280056],[106.67391008097685,-6.1412985616317375]]],"type":"Polygon"},"properties":{"ALL_POI_COUNT":0}},{"type":"Feature","geometry":{"coordinates":[[[106.67773683332854,-6.1412985616317375],[106.68156358568022,-6.1412985616317375],[106.68156358568022,-6.137471809280056],[106.67773683332854,-6.137471809280056],[106.67773683332854,-6.1412985616317375]]],"type":"Polygon"},"properties":{"ALL_POI_COUNT":0}},{"type":"Feature","geometry":{"coordinates":[[[106.68156358568022,-6.1412985616317375],[106.68539033803191,-6.1412985616317375],[106.68539033803191,-6.137471809280056],[106.68156358568022,-6.137471809280056],[106.68156358568022,-6.1412985616317375]]],"type":"Polygon"},"properties":{"ALL_POI_COUNT":0}},{"type":"Feature","geometry":{"coordinates":[[[106.61268204334995,-6.137471809280056],[106.61650879570163,-6.137471809280056],[106.61650879570163,-6.1336450569283745],[106.61268204334995,-6.1336450569283745],[106.61268204334995,-6.137471809280056]]],"type":"Polygon"},"properties":{"ALL_POI_COUNT":0}},{"type":"Feature","geometry":{"coordinates":[[[106.61650879570163,-6.137471809280056],[106.62033554805332,-6.137471809280056],[106.62033554805332,-6.1336450569283745],[106.61650879570163,-6.1336450569283745],[106.61650879570163,-6.137471809280056]]],"type":"Polygon"},"properties":{"ALL_POI_COUNT":0}},{"type":"Feature","geometry":{"coordinates":[[[106.62033554805332,-6.137471809280056],[106.624162300405,-6.137471809280056],[106.624162300405,-6.1336450569283745],[106.62033554805332,-6.1336450569283745],[106.62033554805332,-6.137471809280056]]],"type":"Polygon"},"properties":{"ALL_POI_COUNT":0}},{"type":"Feature","geometry":{"coordinates":[[[106.62416230040499,-6.137471809280056],[106.62798905275667,-6.137471809280056],[106.62798905275667,-6.1336450569283745],[106.62416230040499,-6.1336450569283745],[106.62416230040499,-6.137471809280056]]],"type":"Polygon"},"properties":{"ALL_POI_COUNT":0}},{"type":"Feature","geometry":{"coordinates":[[[106.62798905275667,-6.137471809280056],[106.63181580510836,-6.137471809280056],[106.63181580510836,-6.1336450569283745],[106.62798905275667,-6.1336450569283745],[106.62798905275667,-6.137471809280056]]],"type":"Polygon"},"properties":{"ALL_POI_COUNT":0}},{"type":"Feature","geometry":{"coordinates":[[[106.63181580510836,-6.137471809280056],[106.63564255746005,-6.137471809280056],[106.63564255746005,-6.1336450569283745],[106.63181580510836,-6.1336450569283745],[106.63181580510836,-6.137471809280056]]],"type":"Polygon"},"properties":{"ALL_POI_COUNT":0}},{"type":"Feature","geometry":{"coordinates":[[[106.63564255746005,-6.137471809280056],[106.63946930981173,-6.137471809280056],[106.63946930981173,-6.1336450569283745],[106.63564255746005,-6.1336450569283745],[106.63564255746005,-6.137471809280056]]],"type":"Polygon"},"properties":{"ALL_POI_COUNT":0}},{"type":"Feature","geometry":{"coordinates":[[[106.63946930981172,-6.137471809280056],[106.6432960621634,-6.137471809280056],[106.6432960621634,-6.1336450569283745],[106.63946930981172,-6.1336450569283745],[106.63946930981172,-6.137471809280056]]],"type":"Polygon"},"properties":{"ALL_POI_COUNT":0}},{"type":"Feature","geometry":{"coordinates":[[[106.6432960621634,-6.137471809280056],[106.64712281451509,-6.137471809280056],[106.64712281451509,-6.1336450569283745],[106.6432960621634,-6.1336450569283745],[106.6432960621634,-6.137471809280056]]],"type":"Polygon"},"properties":{"ALL_POI_COUNT":0}},{"type":"Feature","geometry":{"coordinates":[[[106.64712281451509,-6.137471809280056],[106.65094956686677,-6.137471809280056],[106.65094956686677,-6.1336450569283745],[106.64712281451509,-6.1336450569283745],[106.64712281451509,-6.137471809280056]]],"type":"Polygon"},"properties":{"ALL_POI_COUNT":0}},{"type":"Feature","geometry":{"coordinates":[[[106.65094956686677,-6.137471809280056],[106.65477631921846,-6.137471809280056],[106.65477631921846,-6.1336450569283745],[106.65094956686677,-6.1336450569283745],[106.65094956686677,-6.137471809280056]]],"type":"Polygon"},"properties":{"ALL_POI_COUNT":0}},{"type":"Feature","geometry":{"coordinates":[[[106.65477631921844,-6.137471809280056],[106.65860307157013,-6.137471809280056],[106.65860307157013,-6.1336450569283745],[106.65477631921844,-6.1336450569283745],[106.65477631921844,-6.137471809280056]]],"type":"Polygon"},"properties":{"ALL_POI_COUNT":0}},{"type":"Feature","geometry":{"coordinates":[[[106.65860307157013,-6.137471809280056],[106.66242982392181,-6.137471809280056],[106.66242982392181,-6.1336450569283745],[106.65860307157013,-6.1336450569283745],[106.65860307157013,-6.137471809280056]]],"type":"Polygon"},"properties":{"ALL_POI_COUNT":0}},{"type":"Feature","geometry":{"coordinates":[[[106.66242982392181,-6.137471809280056],[106.6662565762735,-6.137471809280056],[106.6662565762735,-6.1336450569283745],[106.66242982392181,-6.1336450569283745],[106.66242982392181,-6.137471809280056]]],"type":"Polygon"},"properties":{"ALL_POI_COUNT":0}},{"type":"Feature","geometry":{"coordinates":[[[106.6662565762735,-6.137471809280056],[106.67008332862518,-6.137471809280056],[106.67008332862518,-6.1336450569283745],[106.6662565762735,-6.1336450569283745],[106.6662565762735,-6.137471809280056]]],"type":"Polygon"},"properties":{"ALL_POI_COUNT":0}},{"type":"Feature","geometry":{"coordinates":[[[106.67008332862517,-6.137471809280056],[106.67391008097685,-6.137471809280056],[106.67391008097685,-6.1336450569283745],[106.67008332862517,-6.1336450569283745],[106.67008332862517,-6.137471809280056]]],"type":"Polygon"},"properties":{"ALL_POI_COUNT":0}},{"type":"Feature","geometry":{"coordinates":[[[106.67391008097685,-6.137471809280056],[106.67773683332854,-6.137471809280056],[106.67773683332854,-6.1336450569283745],[106.67391008097685,-6.1336450569283745],[106.67391008097685,-6.137471809280056]]],"type":"Polygon"},"properties":{"ALL_POI_COUNT":0}},{"type":"Feature","geometry":{"coordinates":[[[106.67773683332854,-6.137471809280056],[106.68156358568022,-6.137471809280056],[106.68156358568022,-6.1336450569283745],[106.67773683332854,-6.1336450569283745],[106.67773683332854,-6.137471809280056]]],"type":"Polygon"},"properties":{"ALL_POI_COUNT":0}},{"type":"Feature","geometry":{"coordinates":[[[106.68156358568022,-6.137471809280056],[106.68539033803191,-6.137471809280056],[106.68539033803191,-6.1336450569283745],[106.68156358568022,-6.1336450569283745],[106.68156358568022,-6.137471809280056]]],"type":"Polygon"},"properties":{"ALL_POI_COUNT":0}},{"type":"Feature","geometry":{"coordinates":[[[106.61268204334995,-6.1336450569283745],[106.61650879570163,-6.1336450569283745],[106.61650879570163,-6.129818304576693],[106.61268204334995,-6.129818304576693],[106.61268204334995,-6.1336450569283745]]],"type":"Polygon"},"properties":{"ALL_POI_COUNT":0}},{"type":"Feature","geometry":{"coordinates":[[[106.61650879570163,-6.1336450569283745],[106.62033554805332,-6.1336450569283745],[106.62033554805332,-6.129818304576693],[106.61650879570163,-6.129818304576693],[106.61650879570163,-6.1336450569283745]]],"type":"Polygon"},"properties":{"ALL_POI_COUNT":0}},{"type":"Feature","geometry":{"coordinates":[[[106.62033554805332,-6.1336450569283745],[106.624162300405,-6.1336450569283745],[106.624162300405,-6.129818304576693],[106.62033554805332,-6.129818304576693],[106.62033554805332,-6.1336450569283745]]],"type":"Polygon"},"properties":{"ALL_POI_COUNT":0}},{"type":"Feature","geometry":{"coordinates":[[[106.62416230040499,-6.1336450569283745],[106.62798905275667,-6.1336450569283745],[106.62798905275667,-6.129818304576693],[106.62416230040499,-6.129818304576693],[106.62416230040499,-6.1336450569283745]]],"type":"Polygon"},"properties":{"ALL_POI_COUNT":0}},{"type":"Feature","geometry":{"coordinates":[[[106.62798905275667,-6.1336450569283745],[106.63181580510836,-6.1336450569283745],[106.63181580510836,-6.129818304576693],[106.62798905275667,-6.129818304576693],[106.62798905275667,-6.1336450569283745]]],"type":"Polygon"},"properties":{"ALL_POI_COUNT":0}},{"type":"Feature","geometry":{"coordinates":[[[106.63181580510836,-6.1336450569283745],[106.63564255746005,-6.1336450569283745],[106.63564255746005,-6.129818304576693],[106.63181580510836,-6.129818304576693],[106.63181580510836,-6.1336450569283745]]],"type":"Polygon"},"properties":{"ALL_POI_COUNT":0}},{"type":"Feature","geometry":{"coordinates":[[[106.63564255746005,-6.1336450569283745],[106.63946930981173,-6.1336450569283745],[106.63946930981173,-6.129818304576693],[106.63564255746005,-6.129818304576693],[106.63564255746005,-6.1336450569283745]]],"type":"Polygon"},"properties":{"ALL_POI_COUNT":0}},{"type":"Feature","geometry":{"coordinates":[[[106.63946930981172,-6.1336450569283745],[106.6432960621634,-6.1336450569283745],[106.6432960621634,-6.129818304576693],[106.63946930981172,-6.129818304576693],[106.63946930981172,-6.1336450569283745]]],"type":"Polygon"},"properties":{"ALL_POI_COUNT":0}},{"type":"Feature","geometry":{"coordinates":[[[106.6432960621634,-6.1336450569283745],[106.64712281451509,-6.1336450569283745],[106.64712281451509,-6.129818304576693],[106.6432960621634,-6.129818304576693],[106.6432960621634,-6.1336450569283745]]],"type":"Polygon"},"properties":{"ALL_POI_COUNT":0}},{"type":"Feature","geometry":{"coordinates":[[[106.64712281451509,-6.1336450569283745],[106.65094956686677,-6.1336450569283745],[106.65094956686677,-6.129818304576693],[106.64712281451509,-6.129818304576693],[106.64712281451509,-6.1336450569283745]]],"type":"Polygon"},"properties":{"ALL_POI_COUNT":0}},{"type":"Feature","geometry":{"coordinates":[[[106.65094956686677,-6.1336450569283745],[106.65477631921846,-6.1336450569283745],[106.65477631921846,-6.129818304576693],[106.65094956686677,-6.129818304576693],[106.65094956686677,-6.1336450569283745]]],"type":"Polygon"},"properties":{"ALL_POI_COUNT":0}},{"type":"Feature","geometry":{"coordinates":[[[106.65477631921844,-6.1336450569283745],[106.65860307157013,-6.1336450569283745],[106.65860307157013,-6.129818304576693],[106.65477631921844,-6.129818304576693],[106.65477631921844,-6.1336450569283745]]],"type":"Polygon"},"properties":{"ALL_POI_COUNT":0}},{"type":"Feature","geometry":{"coordinates":[[[106.65860307157013,-6.1336450569283745],[106.66242982392181,-6.1336450569283745],[106.66242982392181,-6.129818304576693],[106.65860307157013,-6.129818304576693],[106.65860307157013,-6.1336450569283745]]],"type":"Polygon"},"properties":{"ALL_POI_COUNT":0}},{"type":"Feature","geometry":{"coordinates":[[[106.66242982392181,-6.1336450569283745],[106.6662565762735,-6.1336450569283745],[106.6662565762735,-6.129818304576693],[106.66242982392181,-6.129818304576693],[106.66242982392181,-6.1336450569283745]]],"type":"Polygon"},"properties":{"ALL_POI_COUNT":0}},{"type":"Feature","geometry":{"coordinates":[[[106.6662565762735,-6.1336450569283745],[106.67008332862518,-6.1336450569283745],[106.67008332862518,-6.129818304576693],[106.6662565762735,-6.129818304576693],[106.6662565762735,-6.1336450569283745]]],"type":"Polygon"},"properties":{"ALL_POI_COUNT":0}},{"type":"Feature","geometry":{"coordinates":[[[106.67008332862517,-6.1336450569283745],[106.67391008097685,-6.1336450569283745],[106.67391008097685,-6.129818304576693],[106.67008332862517,-6.129818304576693],[106.67008332862517,-6.1336450569283745]]],"type":"Polygon"},"properties":{"ALL_POI_COUNT":0}},{"type":"Feature","geometry":{"coordinates":[[[106.67391008097685,-6.1336450569283745],[106.67773683332854,-6.1336450569283745],[106.67773683332854,-6.129818304576693],[106.67391008097685,-6.129818304576693],[106.67391008097685,-6.1336450569283745]]],"type":"Polygon"},"properties":{"ALL_POI_COUNT":0}},{"type":"Feature","geometry":{"coordinates":[[[106.67773683332854,-6.1336450569283745],[106.68156358568022,-6.1336450569283745],[106.68156358568022,-6.129818304576693],[106.67773683332854,-6.129818304576693],[106.67773683332854,-6.1336450569283745]]],"type":"Polygon"},"properties":{"ALL_POI_COUNT":0}},{"type":"Feature","geometry":{"coordinates":[[[106.68156358568022,-6.1336450569283745],[106.68539033803191,-6.1336450569283745],[106.68539033803191,-6.129818304576693],[106.68156358568022,-6.129818304576693],[106.68156358568022,-6.1336450569283745]]],"type":"Polygon"},"properties":{"ALL_POI_COUNT":0}},{"type":"Feature","geometry":{"coordinates":[[[106.61268204334995,-6.129818304576693],[106.61650879570163,-6.129818304576693],[106.61650879570163,-6.1259915522250115],[106.61268204334995,-6.1259915522250115],[106.61268204334995,-6.129818304576693]]],"type":"Polygon"},"properties":{"ALL_POI_COUNT":0}},{"type":"Feature","geometry":{"coordinates":[[[106.61650879570163,-6.129818304576693],[106.62033554805332,-6.129818304576693],[106.62033554805332,-6.1259915522250115],[106.61650879570163,-6.1259915522250115],[106.61650879570163,-6.129818304576693]]],"type":"Polygon"},"properties":{"ALL_POI_COUNT":0}},{"type":"Feature","geometry":{"coordinates":[[[106.62033554805332,-6.129818304576693],[106.624162300405,-6.129818304576693],[106.624162300405,-6.1259915522250115],[106.62033554805332,-6.1259915522250115],[106.62033554805332,-6.129818304576693]]],"type":"Polygon"},"properties":{"ALL_POI_COUNT":0}},{"type":"Feature","geometry":{"coordinates":[[[106.62416230040499,-6.129818304576693],[106.62798905275667,-6.129818304576693],[106.62798905275667,-6.1259915522250115],[106.62416230040499,-6.1259915522250115],[106.62416230040499,-6.129818304576693]]],"type":"Polygon"},"properties":{"ALL_POI_COUNT":0}},{"type":"Feature","geometry":{"coordinates":[[[106.62798905275667,-6.129818304576693],[106.63181580510836,-6.129818304576693],[106.63181580510836,-6.1259915522250115],[106.62798905275667,-6.1259915522250115],[106.62798905275667,-6.129818304576693]]],"type":"Polygon"},"properties":{"ALL_POI_COUNT":0}},{"type":"Feature","geometry":{"coordinates":[[[106.63181580510836,-6.129818304576693],[106.63564255746005,-6.129818304576693],[106.63564255746005,-6.1259915522250115],[106.63181580510836,-6.1259915522250115],[106.63181580510836,-6.129818304576693]]],"type":"Polygon"},"properties":{"ALL_POI_COUNT":0}},{"type":"Feature","geometry":{"coordinates":[[[106.63564255746005,-6.129818304576693],[106.63946930981173,-6.129818304576693],[106.63946930981173,-6.1259915522250115],[106.63564255746005,-6.1259915522250115],[106.63564255746005,-6.129818304576693]]],"type":"Polygon"},"properties":{"ALL_POI_COUNT":0}},{"type":"Feature","geometry":{"coordinates":[[[106.63946930981172,-6.129818304576693],[106.6432960621634,-6.129818304576693],[106.6432960621634,-6.1259915522250115],[106.63946930981172,-6.1259915522250115],[106.63946930981172,-6.129818304576693]]],"type":"Polygon"},"properties":{"ALL_POI_COUNT":0}},{"type":"Feature","geometry":{"coordinates":[[[106.6432960621634,-6.129818304576693],[106.64712281451509,-6.129818304576693],[106.64712281451509,-6.1259915522250115],[106.6432960621634,-6.1259915522250115],[106.6432960621634,-6.129818304576693]]],"type":"Polygon"},"properties":{"ALL_POI_COUNT":0}},{"type":"Feature","geometry":{"coordinates":[[[106.64712281451509,-6.129818304576693],[106.65094956686677,-6.129818304576693],[106.65094956686677,-6.1259915522250115],[106.64712281451509,-6.1259915522250115],[106.64712281451509,-6.129818304576693]]],"type":"Polygon"},"properties":{"ALL_POI_COUNT":0}},{"type":"Feature","geometry":{"coordinates":[[[106.65094956686677,-6.129818304576693],[106.65477631921846,-6.129818304576693],[106.65477631921846,-6.1259915522250115],[106.65094956686677,-6.1259915522250115],[106.65094956686677,-6.129818304576693]]],"type":"Polygon"},"properties":{"ALL_POI_COUNT":0}},{"type":"Feature","geometry":{"coordinates":[[[106.65477631921844,-6.129818304576693],[106.65860307157013,-6.129818304576693],[106.65860307157013,-6.1259915522250115],[106.65477631921844,-6.1259915522250115],[106.65477631921844,-6.129818304576693]]],"type":"Polygon"},"properties":{"ALL_POI_COUNT":1}},{"type":"Feature","geometry":{"coordinates":[[[106.65860307157013,-6.129818304576693],[106.66242982392181,-6.129818304576693],[106.66242982392181,-6.1259915522250115],[106.65860307157013,-6.1259915522250115],[106.65860307157013,-6.129818304576693]]],"type":"Polygon"},"properties":{"ALL_POI_COUNT":0}},{"type":"Feature","geometry":{"coordinates":[[[106.66242982392181,-6.129818304576693],[106.6662565762735,-6.129818304576693],[106.6662565762735,-6.1259915522250115],[106.66242982392181,-6.1259915522250115],[106.66242982392181,-6.129818304576693]]],"type":"Polygon"},"properties":{"ALL_POI_COUNT":0}},{"type":"Feature","geometry":{"coordinates":[[[106.6662565762735,-6.129818304576693],[106.67008332862518,-6.129818304576693],[106.67008332862518,-6.1259915522250115],[106.6662565762735,-6.1259915522250115],[106.6662565762735,-6.129818304576693]]],"type":"Polygon"},"properties":{"ALL_POI_COUNT":0}},{"type":"Feature","geometry":{"coordinates":[[[106.67008332862517,-6.129818304576693],[106.67391008097685,-6.129818304576693],[106.67391008097685,-6.1259915522250115],[106.67008332862517,-6.1259915522250115],[106.67008332862517,-6.129818304576693]]],"type":"Polygon"},"properties":{"ALL_POI_COUNT":0}},{"type":"Feature","geometry":{"coordinates":[[[106.67391008097685,-6.129818304576693],[106.67773683332854,-6.129818304576693],[106.67773683332854,-6.1259915522250115],[106.67391008097685,-6.1259915522250115],[106.67391008097685,-6.129818304576693]]],"type":"Polygon"},"properties":{"ALL_POI_COUNT":0}},{"type":"Feature","geometry":{"coordinates":[[[106.67773683332854,-6.129818304576693],[106.68156358568022,-6.129818304576693],[106.68156358568022,-6.1259915522250115],[106.67773683332854,-6.1259915522250115],[106.67773683332854,-6.129818304576693]]],"type":"Polygon"},"properties":{"ALL_POI_COUNT":0}},{"type":"Feature","geometry":{"coordinates":[[[106.68156358568022,-6.129818304576693],[106.68539033803191,-6.129818304576693],[106.68539033803191,-6.1259915522250115],[106.68156358568022,-6.1259915522250115],[106.68156358568022,-6.129818304576693]]],"type":"Polygon"},"properties":{"ALL_POI_COUNT":0}},{"type":"Feature","geometry":{"coordinates":[[[106.61650879570163,-6.1259915522250115],[106.62033554805332,-6.1259915522250115],[106.62033554805332,-6.12216479987333],[106.61650879570163,-6.12216479987333],[106.61650879570163,-6.1259915522250115]]],"type":"Polygon"},"properties":{"ALL_POI_COUNT":0}},{"type":"Feature","geometry":{"coordinates":[[[106.62033554805332,-6.1259915522250115],[106.624162300405,-6.1259915522250115],[106.624162300405,-6.12216479987333],[106.62033554805332,-6.12216479987333],[106.62033554805332,-6.1259915522250115]]],"type":"Polygon"},"properties":{"ALL_POI_COUNT":0}},{"type":"Feature","geometry":{"coordinates":[[[106.62416230040499,-6.1259915522250115],[106.62798905275667,-6.1259915522250115],[106.62798905275667,-6.12216479987333],[106.62416230040499,-6.12216479987333],[106.62416230040499,-6.1259915522250115]]],"type":"Polygon"},"properties":{"ALL_POI_COUNT":0}},{"type":"Feature","geometry":{"coordinates":[[[106.62798905275667,-6.1259915522250115],[106.63181580510836,-6.1259915522250115],[106.63181580510836,-6.12216479987333],[106.62798905275667,-6.12216479987333],[106.62798905275667,-6.1259915522250115]]],"type":"Polygon"},"properties":{"ALL_POI_COUNT":0}},{"type":"Feature","geometry":{"coordinates":[[[106.63181580510836,-6.1259915522250115],[106.63564255746005,-6.1259915522250115],[106.63564255746005,-6.12216479987333],[106.63181580510836,-6.12216479987333],[106.63181580510836,-6.1259915522250115]]],"type":"Polygon"},"properties":{"ALL_POI_COUNT":0}},{"type":"Feature","geometry":{"coordinates":[[[106.63564255746005,-6.1259915522250115],[106.63946930981173,-6.1259915522250115],[106.63946930981173,-6.12216479987333],[106.63564255746005,-6.12216479987333],[106.63564255746005,-6.1259915522250115]]],"type":"Polygon"},"properties":{"ALL_POI_COUNT":0}},{"type":"Feature","geometry":{"coordinates":[[[106.63946930981172,-6.1259915522250115],[106.6432960621634,-6.1259915522250115],[106.6432960621634,-6.12216479987333],[106.63946930981172,-6.12216479987333],[106.63946930981172,-6.1259915522250115]]],"type":"Polygon"},"properties":{"ALL_POI_COUNT":0}},{"type":"Feature","geometry":{"coordinates":[[[106.6432960621634,-6.1259915522250115],[106.64712281451509,-6.1259915522250115],[106.64712281451509,-6.12216479987333],[106.6432960621634,-6.12216479987333],[106.6432960621634,-6.1259915522250115]]],"type":"Polygon"},"properties":{"ALL_POI_COUNT":0}},{"type":"Feature","geometry":{"coordinates":[[[106.64712281451509,-6.1259915522250115],[106.65094956686677,-6.1259915522250115],[106.65094956686677,-6.12216479987333],[106.64712281451509,-6.12216479987333],[106.64712281451509,-6.1259915522250115]]],"type":"Polygon"},"properties":{"ALL_POI_COUNT":0}},{"type":"Feature","geometry":{"coordinates":[[[106.65094956686677,-6.1259915522250115],[106.65477631921846,-6.1259915522250115],[106.65477631921846,-6.12216479987333],[106.65094956686677,-6.12216479987333],[106.65094956686677,-6.1259915522250115]]],"type":"Polygon"},"properties":{"ALL_POI_COUNT":1}},{"type":"Feature","geometry":{"coordinates":[[[106.65477631921844,-6.1259915522250115],[106.65860307157013,-6.1259915522250115],[106.65860307157013,-6.12216479987333],[106.65477631921844,-6.12216479987333],[106.65477631921844,-6.1259915522250115]]],"type":"Polygon"},"properties":{"ALL_POI_COUNT":0}},{"type":"Feature","geometry":{"coordinates":[[[106.65860307157013,-6.1259915522250115],[106.66242982392181,-6.1259915522250115],[106.66242982392181,-6.12216479987333],[106.65860307157013,-6.12216479987333],[106.65860307157013,-6.1259915522250115]]],"type":"Polygon"},"properties":{"ALL_POI_COUNT":0}},{"type":"Feature","geometry":{"coordinates":[[[106.66242982392181,-6.1259915522250115],[106.6662565762735,-6.1259915522250115],[106.6662565762735,-6.12216479987333],[106.66242982392181,-6.12216479987333],[106.66242982392181,-6.1259915522250115]]],"type":"Polygon"},"properties":{"ALL_POI_COUNT":0}},{"type":"Feature","geometry":{"coordinates":[[[106.6662565762735,-6.1259915522250115],[106.67008332862518,-6.1259915522250115],[106.67008332862518,-6.12216479987333],[106.6662565762735,-6.12216479987333],[106.6662565762735,-6.1259915522250115]]],"type":"Polygon"},"properties":{"ALL_POI_COUNT":0}},{"type":"Feature","geometry":{"coordinates":[[[106.67008332862517,-6.1259915522250115],[106.67391008097685,-6.1259915522250115],[106.67391008097685,-6.12216479987333],[106.67008332862517,-6.12216479987333],[106.67008332862517,-6.1259915522250115]]],"type":"Polygon"},"properties":{"ALL_POI_COUNT":0}},{"type":"Feature","geometry":{"coordinates":[[[106.67391008097685,-6.1259915522250115],[106.67773683332854,-6.1259915522250115],[106.67773683332854,-6.12216479987333],[106.67391008097685,-6.12216479987333],[106.67391008097685,-6.1259915522250115]]],"type":"Polygon"},"properties":{"ALL_POI_COUNT":0}},{"type":"Feature","geometry":{"coordinates":[[[106.67773683332854,-6.1259915522250115],[106.68156358568022,-6.1259915522250115],[106.68156358568022,-6.12216479987333],[106.67773683332854,-6.12216479987333],[106.67773683332854,-6.1259915522250115]]],"type":"Polygon"},"properties":{"ALL_POI_COUNT":0}},{"type":"Feature","geometry":{"coordinates":[[[106.68156358568022,-6.1259915522250115],[106.68539033803191,-6.1259915522250115],[106.68539033803191,-6.12216479987333],[106.68156358568022,-6.12216479987333],[106.68156358568022,-6.1259915522250115]]],"type":"Polygon"},"properties":{"ALL_POI_COUNT":0}},{"type":"Feature","geometry":{"coordinates":[[[106.6853903380319,-6.1259915522250115],[106.68921709038358,-6.1259915522250115],[106.68921709038358,-6.12216479987333],[106.6853903380319,-6.12216479987333],[106.6853903380319,-6.1259915522250115]]],"type":"Polygon"},"properties":{"ALL_POI_COUNT":0}},{"type":"Feature","geometry":{"coordinates":[[[106.63181580510836,-6.12216479987333],[106.63564255746005,-6.12216479987333],[106.63564255746005,-6.1183380475216484],[106.63181580510836,-6.1183380475216484],[106.63181580510836,-6.12216479987333]]],"type":"Polygon"},"properties":{"ALL_POI_COUNT":0}},{"type":"Feature","geometry":{"coordinates":[[[106.63564255746005,-6.12216479987333],[106.63946930981173,-6.12216479987333],[106.63946930981173,-6.1183380475216484],[106.63564255746005,-6.1183380475216484],[106.63564255746005,-6.12216479987333]]],"type":"Polygon"},"properties":{"ALL_POI_COUNT":0}},{"type":"Feature","geometry":{"coordinates":[[[106.63946930981172,-6.12216479987333],[106.6432960621634,-6.12216479987333],[106.6432960621634,-6.1183380475216484],[106.63946930981172,-6.1183380475216484],[106.63946930981172,-6.12216479987333]]],"type":"Polygon"},"properties":{"ALL_POI_COUNT":0}},{"type":"Feature","geometry":{"coordinates":[[[106.65094956686677,-6.12216479987333],[106.65477631921846,-6.12216479987333],[106.65477631921846,-6.1183380475216484],[106.65094956686677,-6.1183380475216484],[106.65094956686677,-6.12216479987333]]],"type":"Polygon"},"properties":{"ALL_POI_COUNT":0}},{"type":"Feature","geometry":{"coordinates":[[[106.65477631921844,-6.12216479987333],[106.65860307157013,-6.12216479987333],[106.65860307157013,-6.1183380475216484],[106.65477631921844,-6.1183380475216484],[106.65477631921844,-6.12216479987333]]],"type":"Polygon"},"properties":{"ALL_POI_COUNT":0}},{"type":"Feature","geometry":{"coordinates":[[[106.65860307157013,-6.12216479987333],[106.66242982392181,-6.12216479987333],[106.66242982392181,-6.1183380475216484],[106.65860307157013,-6.1183380475216484],[106.65860307157013,-6.12216479987333]]],"type":"Polygon"},"properties":{"ALL_POI_COUNT":0}},{"type":"Feature","geometry":{"coordinates":[[[106.66242982392181,-6.12216479987333],[106.6662565762735,-6.12216479987333],[106.6662565762735,-6.1183380475216484],[106.66242982392181,-6.1183380475216484],[106.66242982392181,-6.12216479987333]]],"type":"Polygon"},"properties":{"ALL_POI_COUNT":0}},{"type":"Feature","geometry":{"coordinates":[[[106.6662565762735,-6.12216479987333],[106.67008332862518,-6.12216479987333],[106.67008332862518,-6.1183380475216484],[106.6662565762735,-6.1183380475216484],[106.6662565762735,-6.12216479987333]]],"type":"Polygon"},"properties":{"ALL_POI_COUNT":0}},{"type":"Feature","geometry":{"coordinates":[[[106.67008332862517,-6.12216479987333],[106.67391008097685,-6.12216479987333],[106.67391008097685,-6.1183380475216484],[106.67008332862517,-6.1183380475216484],[106.67008332862517,-6.12216479987333]]],"type":"Polygon"},"properties":{"ALL_POI_COUNT":0}},{"type":"Feature","geometry":{"coordinates":[[[106.67391008097685,-6.12216479987333],[106.67773683332854,-6.12216479987333],[106.67773683332854,-6.1183380475216484],[106.67391008097685,-6.1183380475216484],[106.67391008097685,-6.12216479987333]]],"type":"Polygon"},"properties":{"ALL_POI_COUNT":0}},{"type":"Feature","geometry":{"coordinates":[[[106.67773683332854,-6.12216479987333],[106.68156358568022,-6.12216479987333],[106.68156358568022,-6.1183380475216484],[106.67773683332854,-6.1183380475216484],[106.67773683332854,-6.12216479987333]]],"type":"Polygon"},"properties":{"ALL_POI_COUNT":0}},{"type":"Feature","geometry":{"coordinates":[[[106.68156358568022,-6.12216479987333],[106.68539033803191,-6.12216479987333],[106.68539033803191,-6.1183380475216484],[106.68156358568022,-6.1183380475216484],[106.68156358568022,-6.12216479987333]]],"type":"Polygon"},"properties":{"ALL_POI_COUNT":0}},{"type":"Feature","geometry":{"coordinates":[[[106.6853903380319,-6.12216479987333],[106.68921709038358,-6.12216479987333],[106.68921709038358,-6.1183380475216484],[106.6853903380319,-6.1183380475216484],[106.6853903380319,-6.12216479987333]]],"type":"Polygon"},"properties":{"ALL_POI_COUNT":0}},{"type":"Feature","geometry":{"coordinates":[[[106.63181580510836,-6.1183380475216484],[106.63564255746005,-6.1183380475216484],[106.63564255746005,-6.114511295169967],[106.63181580510836,-6.114511295169967],[106.63181580510836,-6.1183380475216484]]],"type":"Polygon"},"properties":{"ALL_POI_COUNT":0}},{"type":"Feature","geometry":{"coordinates":[[[106.63564255746005,-6.1183380475216484],[106.63946930981173,-6.1183380475216484],[106.63946930981173,-6.114511295169967],[106.63564255746005,-6.114511295169967],[106.63564255746005,-6.1183380475216484]]],"type":"Polygon"},"properties":{"ALL_POI_COUNT":0}},{"type":"Feature","geometry":{"coordinates":[[[106.63946930981172,-6.1183380475216484],[106.6432960621634,-6.1183380475216484],[106.6432960621634,-6.114511295169967],[106.63946930981172,-6.114511295169967],[106.63946930981172,-6.1183380475216484]]],"type":"Polygon"},"properties":{"ALL_POI_COUNT":0}},{"type":"Feature","geometry":{"coordinates":[[[106.67391008097685,-6.1183380475216484],[106.67773683332854,-6.1183380475216484],[106.67773683332854,-6.114511295169967],[106.67391008097685,-6.114511295169967],[106.67391008097685,-6.1183380475216484]]],"type":"Polygon"},"properties":{"ALL_POI_COUNT":0}},{"type":"Feature","geometry":{"coordinates":[[[106.67773683332854,-6.1183380475216484],[106.68156358568022,-6.1183380475216484],[106.68156358568022,-6.114511295169967],[106.67773683332854,-6.114511295169967],[106.67773683332854,-6.1183380475216484]]],"type":"Polygon"},"properties":{"ALL_POI_COUNT":0}},{"type":"Feature","geometry":{"coordinates":[[[106.68156358568022,-6.1183380475216484],[106.68539033803191,-6.1183380475216484],[106.68539033803191,-6.114511295169967],[106.68156358568022,-6.114511295169967],[106.68156358568022,-6.1183380475216484]]],"type":"Polygon"},"properties":{"ALL_POI_COUNT":0}},{"type":"Feature","geometry":{"coordinates":[[[106.6853903380319,-6.1183380475216484],[106.68921709038358,-6.1183380475216484],[106.68921709038358,-6.114511295169967],[106.6853903380319,-6.114511295169967],[106.6853903380319,-6.1183380475216484]]],"type":"Polygon"},"properties":{"ALL_POI_COUNT":0}},{"type":"Feature","geometry":{"coordinates":[[[106.63181580510836,-6.114511295169967],[106.63564255746005,-6.114511295169967],[106.63564255746005,-6.110684542818285],[106.63181580510836,-6.110684542818285],[106.63181580510836,-6.114511295169967]]],"type":"Polygon"},"properties":{"ALL_POI_COUNT":0}},{"type":"Feature","geometry":{"coordinates":[[[106.63564255746005,-6.114511295169967],[106.63946930981173,-6.114511295169967],[106.63946930981173,-6.110684542818285],[106.63564255746005,-6.110684542818285],[106.63564255746005,-6.114511295169967]]],"type":"Polygon"},"properties":{"ALL_POI_COUNT":0}},{"type":"Feature","geometry":{"coordinates":[[[106.63946930981172,-6.114511295169967],[106.6432960621634,-6.114511295169967],[106.6432960621634,-6.110684542818285],[106.63946930981172,-6.110684542818285],[106.63946930981172,-6.114511295169967]]],"type":"Polygon"},"properties":{"ALL_POI_COUNT":0}},{"type":"Feature","geometry":{"coordinates":[[[106.67391008097685,-6.114511295169967],[106.67773683332854,-6.114511295169967],[106.67773683332854,-6.110684542818285],[106.67391008097685,-6.110684542818285],[106.67391008097685,-6.114511295169967]]],"type":"Polygon"},"properties":{"ALL_POI_COUNT":0}},{"type":"Feature","geometry":{"coordinates":[[[106.67773683332854,-6.114511295169967],[106.68156358568022,-6.114511295169967],[106.68156358568022,-6.110684542818285],[106.67773683332854,-6.110684542818285],[106.67773683332854,-6.114511295169967]]],"type":"Polygon"},"properties":{"ALL_POI_COUNT":0}},{"type":"Feature","geometry":{"coordinates":[[[106.68156358568022,-6.114511295169967],[106.68539033803191,-6.114511295169967],[106.68539033803191,-6.110684542818285],[106.68156358568022,-6.110684542818285],[106.68156358568022,-6.114511295169967]]],"type":"Polygon"},"properties":{"ALL_POI_COUNT":0}},{"type":"Feature","geometry":{"coordinates":[[[106.6853903380319,-6.114511295169967],[106.68921709038358,-6.114511295169967],[106.68921709038358,-6.110684542818285],[106.6853903380319,-6.110684542818285],[106.6853903380319,-6.114511295169967]]],"type":"Polygon"},"properties":{"ALL_POI_COUNT":0}},{"type":"Feature","geometry":{"coordinates":[[[106.68921709038358,-6.114511295169967],[106.69304384273526,-6.114511295169967],[106.69304384273526,-6.110684542818285],[106.68921709038358,-6.110684542818285],[106.68921709038358,-6.114511295169967]]],"type":"Polygon"},"properties":{"ALL_POI_COUNT":0}},{"type":"Feature","geometry":{"coordinates":[[[106.69304384273526,-6.114511295169967],[106.69687059508695,-6.114511295169967],[106.69687059508695,-6.110684542818285],[106.69304384273526,-6.110684542818285],[106.69304384273526,-6.114511295169967]]],"type":"Polygon"},"properties":{"ALL_POI_COUNT":0}},{"type":"Feature","geometry":{"coordinates":[[[106.63564255746005,-6.110684542818285],[106.63946930981173,-6.110684542818285],[106.63946930981173,-6.106857790466604],[106.63564255746005,-6.106857790466604],[106.63564255746005,-6.110684542818285]]],"type":"Polygon"},"properties":{"ALL_POI_COUNT":0}},{"type":"Feature","geometry":{"coordinates":[[[106.63946930981172,-6.110684542818285],[106.6432960621634,-6.110684542818285],[106.6432960621634,-6.106857790466604],[106.63946930981172,-6.106857790466604],[106.63946930981172,-6.110684542818285]]],"type":"Polygon"},"properties":{"ALL_POI_COUNT":0}},{"type":"Feature","geometry":{"coordinates":[[[106.67391008097685,-6.110684542818285],[106.67773683332854,-6.110684542818285],[106.67773683332854,-6.106857790466604],[106.67391008097685,-6.106857790466604],[106.67391008097685,-6.110684542818285]]],"type":"Polygon"},"properties":{"ALL_POI_COUNT":0}},{"type":"Feature","geometry":{"coordinates":[[[106.67773683332854,-6.110684542818285],[106.68156358568022,-6.110684542818285],[106.68156358568022,-6.106857790466604],[106.67773683332854,-6.106857790466604],[106.67773683332854,-6.110684542818285]]],"type":"Polygon"},"properties":{"ALL_POI_COUNT":0}},{"type":"Feature","geometry":{"coordinates":[[[106.68156358568022,-6.110684542818285],[106.68539033803191,-6.110684542818285],[106.68539033803191,-6.106857790466604],[106.68156358568022,-6.106857790466604],[106.68156358568022,-6.110684542818285]]],"type":"Polygon"},"properties":{"ALL_POI_COUNT":0}},{"type":"Feature","geometry":{"coordinates":[[[106.6853903380319,-6.110684542818285],[106.68921709038358,-6.110684542818285],[106.68921709038358,-6.106857790466604],[106.6853903380319,-6.106857790466604],[106.6853903380319,-6.110684542818285]]],"type":"Polygon"},"properties":{"ALL_POI_COUNT":0}},{"type":"Feature","geometry":{"coordinates":[[[106.68921709038358,-6.110684542818285],[106.69304384273526,-6.110684542818285],[106.69304384273526,-6.106857790466604],[106.68921709038358,-6.106857790466604],[106.68921709038358,-6.110684542818285]]],"type":"Polygon"},"properties":{"ALL_POI_COUNT":0}},{"type":"Feature","geometry":{"coordinates":[[[106.69304384273526,-6.110684542818285],[106.69687059508695,-6.110684542818285],[106.69687059508695,-6.106857790466604],[106.69304384273526,-6.106857790466604],[106.69304384273526,-6.110684542818285]]],"type":"Polygon"},"properties":{"ALL_POI_COUNT":0}},{"type":"Feature","geometry":{"coordinates":[[[106.67008332862517,-6.106857790466604],[106.67391008097685,-6.106857790466604],[106.67391008097685,-6.103031038114922],[106.67008332862517,-6.103031038114922],[106.67008332862517,-6.106857790466604]]],"type":"Polygon"},"properties":{"ALL_POI_COUNT":0}},{"type":"Feature","geometry":{"coordinates":[[[106.67391008097685,-6.106857790466604],[106.67773683332854,-6.106857790466604],[106.67773683332854,-6.103031038114922],[106.67391008097685,-6.103031038114922],[106.67391008097685,-6.106857790466604]]],"type":"Polygon"},"properties":{"ALL_POI_COUNT":0}},{"type":"Feature","geometry":{"coordinates":[[[106.67773683332854,-6.106857790466604],[106.68156358568022,-6.106857790466604],[106.68156358568022,-6.103031038114922],[106.67773683332854,-6.103031038114922],[106.67773683332854,-6.106857790466604]]],"type":"Polygon"},"properties":{"ALL_POI_COUNT":0}},{"type":"Feature","geometry":{"coordinates":[[[106.68156358568022,-6.106857790466604],[106.68539033803191,-6.106857790466604],[106.68539033803191,-6.103031038114922],[106.68156358568022,-6.103031038114922],[106.68156358568022,-6.106857790466604]]],"type":"Polygon"},"properties":{"ALL_POI_COUNT":0}},{"type":"Feature","geometry":{"coordinates":[[[106.6853903380319,-6.106857790466604],[106.68921709038358,-6.106857790466604],[106.68921709038358,-6.103031038114922],[106.6853903380319,-6.103031038114922],[106.6853903380319,-6.106857790466604]]],"type":"Polygon"},"properties":{"ALL_POI_COUNT":0}},{"type":"Feature","geometry":{"coordinates":[[[106.67773683332854,-6.103031038114922],[106.68156358568022,-6.103031038114922],[106.68156358568022,-6.099204285763241],[106.67773683332854,-6.099204285763241],[106.67773683332854,-6.103031038114922]]],"type":"Polygon"},"properties":{"ALL_POI_COUNT":0}},{"type":"Feature","geometry":{"coordinates":[[[106.68156358568022,-6.103031038114922],[106.68539033803191,-6.103031038114922],[106.68539033803191,-6.099204285763241],[106.68156358568022,-6.099204285763241],[106.68156358568022,-6.103031038114922]]],"type":"Polygon"},"properties":{"ALL_POI_COUNT":0}},{"type":"Feature","geometry":{"coordinates":[[[106.6853903380319,-6.103031038114922],[106.68921709038358,-6.103031038114922],[106.68921709038358,-6.099204285763241],[106.6853903380319,-6.099204285763241],[106.6853903380319,-6.103031038114922]]],"type":"Polygon"},"properties":{"ALL_POI_COUNT":0}},{"type":"Feature","geometry":{"coordinates":[[[106.6853903380319,-6.099204285763241],[106.68921709038358,-6.099204285763241],[106.68921709038358,-6.095377533411559],[106.6853903380319,-6.095377533411559],[106.6853903380319,-6.099204285763241]]],"type":"Polygon"},"properties":{"ALL_POI_COUNT":0}}]}