{
"type": "FeatureCollection",
"name": "Kelurahan Prioritas",
"crs": { "type": "name", "properties": { "name": "urn:ogc:def:crs:OGC:1.3:CRS84" } },
"xy_coordinate_resolution": 1e-15,
"features": [
{ "type": "Feature", "properties": { "OBJECTID": 83534, "NAMOBJ": "Jatake", "FCODE": "BA03080040", "REMARK": " ", "METADATA": "TASWIL1000020221227_DATA_BATAS_DESAKELURAHAN", "SRS_ID": "SRGI 2013", "KDBBPS": " ", "KDCBPS": " ", "KDCPUM": "36.71.02", "KDEBPS": " ", "KDEPUM": "36.71.02.1002", "KDPBPS": " ", "KDPKAB": "36.71", "KDPPUM": "36", "LUASWH": 0.0, "TIPADM": 2, "WADMKC": "Jatiuwung", "WADMKD": "Jatake", "WADMKK": "Kota Tangerang", "WADMPR": "Banten", "WIADKC": " ", "WIADKK": " ", "WIADPR": " ", "WIADKD": " ", "UUPP": " ", "luas": null, "SHAPE_Length": 0.05122611232730518, "SHAPE_Area": 8.9123209405804011e-05 }, "geometry": { "type": "MultiPolygon", "coordinates": [ [ [ [ 106.578732965000086, -6.195894447999931, 0.0 ], [ 106.57875043100006, -6.195931096999968, 0.0 ], [ 106.578747365000083, -6.195971048999979, 0.0 ], [ 106.578735087000041, -6.196032514999959, 0.0 ], [ 106.578722809000055, -6.196087832999977, 0.0 ], [ 106.578695179000078, -6.196192323999988, 0.0 ], [ 106.578646043000049, -6.196269160999975, 0.0 ], [ 106.578590757000086, -6.19630911999997, 0.0 ], [ 106.578523185000051, -6.196346007999969, 0.0 ], [ 106.578480188000071, -6.196389038999941, 0.0 ], [ 106.57846790900004, -6.196444357999954, 0.0 ], [ 106.57847713600006, -6.19652118599992, 0.0 ], [ 106.578495571000076, -6.196558060999968, 0.0 ], [ 106.57851708000004, -6.196598008999958, 0.0 ], [ 106.578569301000073, -6.196613366999946, 0.0 ], [ 106.578655309000055, -6.196619500999931, 0.0 ], [ 106.578719815000056, -6.19661334499994, 0.0 ], [ 106.578787393000084, -6.196616407999946, 0.0 ], [ 106.578861117000088, -6.196637908999944, 0.0 ], [ 106.578919485000085, -6.196671704999974, 0.0 ], [ 106.578940995000039, -6.196727018999981, 0.0 ], [ 106.578956369000082, -6.196828430999965, 0.0 ], [ 106.578957588000037, -6.196879358999975, 0.0 ], [ 106.578959459000032, -6.196957503999957, 0.0 ], [ 106.578962543000046, -6.197034332999974, 0.0 ], [ 106.578947203000041, -6.197157260999969, 0.0 ], [ 106.578916495000044, -6.197221802999931, 0.0 ], [ 106.578876570000034, -6.197270978999937, 0.0 ], [ 106.578833572000065, -6.197314009999955, 0.0 ], [ 106.578807967000046, -6.197337803999963, 0.0 ], [ 106.578790574000038, -6.197353966999968, 0.0 ], [ 106.578750329000059, -6.197393000999958, 0.0 ], [ 106.578731907000076, -6.197451393999936, 0.0 ], [ 106.57871963100007, -6.197519005999934, 0.0 ], [ 106.578728858000034, -6.197601979999948, 0.0 ], [ 106.578768799000045, -6.197660363999942, 0.0 ], [ 106.578827175000072, -6.197743330999971, 0.0 ], [ 106.578837039000064, -6.197758951999959, 0.0 ], [ 106.578864044000056, -6.197801714999974, 0.0 ], [ 106.57887019900005, -6.197881616999959, 0.0 ], [ 106.578867135000053, -6.197933860999959, 0.0 ], [ 106.578894790000049, -6.197998393999965, 0.0 ], [ 106.578918379000072, -6.198037125999968, 0.0 ], [ 106.578988421000076, -6.198152132999956, 0.0 ], [ 106.579201816000079, -6.198074759999947, 0.0 ], [ 106.57948480500005, -6.197972152999964, 0.0 ], [ 106.579576974000076, -6.197938733999937, 0.0 ], [ 106.57958371000008, -6.197936290999966, 0.0 ], [ 106.579584238000052, -6.197954891999924, 0.0 ], [ 106.579590535000079, -6.198062539999975, 0.0 ], [ 106.579602418000036, -6.198173783999954, 0.0 ], [ 106.579612590000067, -6.198269008999947, 0.0 ], [ 106.579615127000068, -6.198292753999972, 0.0 ], [ 106.579636749000088, -6.198528958999937, 0.0 ], [ 106.579660896000064, -6.198609636999947, 0.0 ], [ 106.579643339000086, -6.198735300999949, 0.0 ], [ 106.579631653000035, -6.19882505799996, 0.0 ], [ 106.57973402500005, -6.198848080999938, 0.0 ], [ 106.579866792000075, -6.19887519999998, 0.0 ], [ 106.579901593000045, -6.198920555999963, 0.0 ], [ 106.579966299000034, -6.198973, 0.0 ], [ 106.58004055400005, -6.199020630999944, 0.0 ], [ 106.580126670000084, -6.199037121999932, 0.0 ], [ 106.580138756000053, -6.199081348999931, 0.0 ], [ 106.580165855000089, -6.199102619999966, 0.0 ], [ 106.580127494000067, -6.199315260999988, 0.0 ], [ 106.580125502000044, -6.199326301999982, 0.0 ], [ 106.580122134000078, -6.199343067999957, 0.0 ], [ 106.580085757000077, -6.19952416899998, 0.0 ], [ 106.580066133000059, -6.199621870999968, 0.0 ], [ 106.580050206000067, -6.199701162999922, 0.0 ], [ 106.580023142000073, -6.199824304999932, 0.0 ], [ 106.580019274000051, -6.199863064999933, 0.0 ], [ 106.579982671000039, -6.200046309999956, 0.0 ], [ 106.579961209000032, -6.200153751999951, 0.0 ], [ 106.579930249000085, -6.200453599999949, 0.0 ], [ 106.57992990300005, -6.200456664999941, 0.0 ], [ 106.579925193000079, -6.200498298999946, 0.0 ], [ 106.579914890000055, -6.200589384999949, 0.0 ], [ 106.5798988210001, -6.200731440999963, 0.0 ], [ 106.57988894600004, -6.200818736999969, 0.0 ], [ 106.579854923000099, -6.201059729999937, 0.0 ], [ 106.579820779000059, -6.20134491299995, 0.0 ], [ 106.579818496000087, -6.201363979999943, 0.0 ], [ 106.579811163000045, -6.201452469999938, 0.0 ], [ 106.579799467000043, -6.201593594999967, 0.0 ], [ 106.579798616000062, -6.201593454999965, 0.0 ], [ 106.579750340000032, -6.201585547999964, 0.0 ], [ 106.578992989000085, -6.201461505999922, 0.0 ], [ 106.57893623800004, -6.201672222999946, 0.0 ], [ 106.578865171000075, -6.201892554999968, 0.0 ], [ 106.578865047000079, -6.201894134999971, 0.0 ], [ 106.578854880000051, -6.202024439999954, 0.0 ], [ 106.578851353000061, -6.202069647999962, 0.0 ], [ 106.578851072000077, -6.202091892999928, 0.0 ], [ 106.578848101000062, -6.202326691999925, 0.0 ], [ 106.578842562000034, -6.20276441999994, 0.0 ], [ 106.578857799000048, -6.202820133999978, 0.0 ], [ 106.578848429000061, -6.202884761999935, 0.0 ], [ 106.578827111000066, -6.202951817999979, 0.0 ], [ 106.578784448000079, -6.203076359999957, 0.0 ], [ 106.578717828000038, -6.203184225999963, 0.0 ], [ 106.578670290000048, -6.203277678999936, 0.0 ], [ 106.578667478000057, -6.203289745999934, 0.0 ], [ 106.578639602000067, -6.203409362999941, 0.0 ], [ 106.57862463500004, -6.203521500999951, 0.0 ], [ 106.578609130000075, -6.203613422999973, 0.0 ], [ 106.578575019000084, -6.203719755999942, 0.0 ], [ 106.578569138000034, -6.203734930999929, 0.0 ], [ 106.578549395000039, -6.203785868999942, 0.0 ], [ 106.578536759000087, -6.203877781999945, 0.0 ], [ 106.578536955000061, -6.203943816999975, 0.0 ], [ 106.578546118000077, -6.204077176999932, 0.0 ], [ 106.578565365000088, -6.204117793999948, 0.0 ], [ 106.578571349000072, -6.204131073999982, 0.0 ], [ 106.578571533000058, -6.204131482999968, 0.0 ], [ 106.578606279000041, -6.204208590999943, 0.0 ], [ 106.578632726000095, -6.204258756999934, 0.0 ], [ 106.578604272000064, -6.204337796999939, 0.0 ], [ 106.57859125400006, -6.204403961999949, 0.0 ], [ 106.578590141000063, -6.204409616999961, 0.0 ], [ 106.578592724000089, -6.204474209999938, 0.0 ], [ 106.578600096000059, -6.204541180999965, 0.0 ], [ 106.578632614000071, -6.204602566999943, 0.0 ], [ 106.578648182000052, -6.204631955999957, 0.0 ], [ 106.578655561000062, -6.204701318999979, 0.0 ], [ 106.578632045000063, -6.20483298299996, 0.0 ], [ 106.578603655000052, -6.204933555999963, 0.0 ], [ 106.578534263000051, -6.205074948999936, 0.0 ], [ 106.578489589000071, -6.205165977999972, 0.0 ], [ 106.57839683400006, -6.205328951999945, 0.0 ], [ 106.578332395000075, -6.20540678399993, 0.0 ], [ 106.578281097000058, -6.205521780999959, 0.0 ], [ 106.578242751000062, -6.20565109599994, 0.0 ], [ 106.578201417000059, -6.205740223999959, 0.0 ], [ 106.578136849000089, -6.205734673999925, 0.0 ], [ 106.57807510400005, -6.205713324999978, 0.0 ], [ 106.578020594000066, -6.205713486999971, 0.0 ], [ 106.577953350000087, -6.205772545999928, 0.0 ], [ 106.577855863000082, -6.205791497999944, 0.0 ], [ 106.577802805000047, -6.205797398999943, 0.0 ], [ 106.577781344000073, -6.205816124999946, 0.0 ], [ 106.577777207000054, -6.205872123999945, 0.0 ], [ 106.577652199000056, -6.205864448999933, 0.0 ], [ 106.577627109000048, -6.205837959999946, 0.0 ], [ 106.577612975000079, -6.205823038999934, 0.0 ], [ 106.57758160200008, -6.20578991799993, 0.0 ], [ 106.577605110000036, -6.205650639999933, 0.0 ], [ 106.577618818000076, -6.205536865999927, 0.0 ], [ 106.577520044000039, -6.205537570999974, 0.0 ], [ 106.577338438000083, -6.205538866999976, 0.0 ], [ 106.577240104000055, -6.205553638999953, 0.0 ], [ 106.577235426000072, -6.205554341999972, 0.0 ], [ 106.577229702000068, -6.205555201999975, 0.0 ], [ 106.577181584000073, -6.205562429999921, 0.0 ], [ 106.577044340000057, -6.205607566999963, 0.0 ], [ 106.577011899000084, -6.205641191999964, 0.0 ], [ 106.576991804000045, -6.20566202099996, 0.0 ], [ 106.576989449000052, -6.205664461999954, 0.0 ], [ 106.576944359000038, -6.205705661999951, 0.0 ], [ 106.576905149000083, -6.205739014999957, 0.0 ], [ 106.57685613700005, -6.205774331999978, 0.0 ], [ 106.576811541000041, -6.205809798999947, 0.0 ], [ 106.576789002000055, -6.205820618999942, 0.0 ], [ 106.576772387000062, -6.20586134199993, 0.0 ], [ 106.576643164000075, -6.205820454999983, 0.0 ], [ 106.576653370000088, -6.205784790999926, 0.0 ], [ 106.576636740000083, -6.205782161999926, 0.0 ], [ 106.57650906300006, -6.205766460999941, 0.0 ], [ 106.576501974000053, -6.205765589999937, 0.0 ], [ 106.576479841000037, -6.205762867999965, 0.0 ], [ 106.576239280000038, -6.205704921999943, 0.0 ], [ 106.576120222000043, -6.205718644999933, 0.0 ], [ 106.576036714000054, -6.20573098199998, 0.0 ], [ 106.575910383000064, -6.205749645999965, 0.0 ], [ 106.575861606000046, -6.205756851999976, 0.0 ], [ 106.575635508000062, -6.20579025499995, 0.0 ], [ 106.575341463000086, -6.20555977799995, 0.0 ], [ 106.575337805000061, -6.205515445999938, 0.0 ], [ 106.575259585000083, -6.20552411099994, 0.0 ], [ 106.575238539000054, -6.205526442999947, 0.0 ], [ 106.575143618000084, -6.205536958999969, 0.0 ], [ 106.575126804000035, -6.205383535999946, 0.0 ], [ 106.575122935000081, -6.205348230999952, 0.0 ], [ 106.575104806000084, -6.205340949999933, 0.0 ], [ 106.57506221400007, -6.205323844999951, 0.0 ], [ 106.574963590000038, -6.20528202799994, 0.0 ], [ 106.57495736400007, -6.205279834999933, 0.0 ], [ 106.57467256700005, -6.205179532999973, 0.0 ], [ 106.574718534000056, -6.205060403999944, 0.0 ], [ 106.574709183000039, -6.205051386999968, 0.0 ], [ 106.574699277000036, -6.205041833999934, 0.0 ], [ 106.574618266000073, -6.204963711999946, 0.0 ], [ 106.574471749000054, -6.204765091999954, 0.0 ], [ 106.574444351000082, -6.204727951999928, 0.0 ], [ 106.574440692000053, -6.204722991999979, 0.0 ], [ 106.574427683000067, -6.204705355999976, 0.0 ], [ 106.574421889000064, -6.204697502999976, 0.0 ], [ 106.574407217000044, -6.204677612999942, 0.0 ], [ 106.574260615000071, -6.204478877999983, 0.0 ], [ 106.574211546000072, -6.20442838199994, 0.0 ], [ 106.57421333800005, -6.204307071999948, 0.0 ], [ 106.574216681000053, -6.204225234999962, 0.0 ], [ 106.574239522000084, -6.20418784199996, 0.0 ], [ 106.574286050000069, -6.204156839999937, 0.0 ], [ 106.574320404000062, -6.204132332999955, 0.0 ], [ 106.574334689000068, -6.20411219299996, 0.0 ], [ 106.574351866000086, -6.20409993899994, 0.0 ], [ 106.574495290000073, -6.204092334999924, 0.0 ], [ 106.574582068000041, -6.204089923999962, 0.0 ], [ 106.57463153100008, -6.204081162999948, 0.0 ], [ 106.574677393000059, -6.20406738899993, 0.0 ], [ 106.574690166000039, -6.20404090299997, 0.0 ], [ 106.574682554000049, -6.203989539999956, 0.0 ], [ 106.574681572000088, -6.203955953999984, 0.0 ], [ 106.574679849000063, -6.203897043999979, 0.0 ], [ 106.57467930200005, -6.203878342999928, 0.0 ], [ 106.57467661000004, -6.203786312999964, 0.0 ], [ 106.574674684000058, -6.203720499999969, 0.0 ], [ 106.574672970000051, -6.203661892999942, 0.0 ], [ 106.574671660000035, -6.203628978999975, 0.0 ], [ 106.574665601000049, -6.203476753999945, 0.0 ], [ 106.574553365000043, -6.203469167999971, 0.0 ], [ 106.57447611300006, -6.203469178999968, 0.0 ], [ 106.574376330000064, -6.203472412999922, 0.0 ], [ 106.574327778000054, -6.203462455999949, 0.0 ], [ 106.574250792000043, -6.20344666799997, 0.0 ], [ 106.574046166000073, -6.203432605999973, 0.0 ], [ 106.573969918000046, -6.203441365999936, 0.0 ], [ 106.573894598000038, -6.203448972999982, 0.0 ], [ 106.573802479000051, -6.203458427999973, 0.0 ], [ 106.573752892000073, -6.203463517999974, 0.0 ], [ 106.573706814000047, -6.203469286999967, 0.0 ], [ 106.573529782000037, -6.203495072999936, 0.0 ], [ 106.573500824000064, -6.203572364999956, 0.0 ], [ 106.573494186000062, -6.203627212999949, 0.0 ], [ 106.573487963000048, -6.203678636999934, 0.0 ], [ 106.573487975000035, -6.203768805999979, 0.0 ], [ 106.573446138000065, -6.203823556999968, 0.0 ], [ 106.573336712000071, -6.203920181999937, 0.0 ], [ 106.573296324000069, -6.203966373999939, 0.0 ], [ 106.573246599000072, -6.204023244999967, 0.0 ], [ 106.573153262000062, -6.204090883999929, 0.0 ], [ 106.573142163000057, -6.204098880999934, 0.0 ], [ 106.573072799000045, -6.204148860999972, 0.0 ], [ 106.573031207000042, -6.204188997999943, 0.0 ], [ 106.572975900000074, -6.204261006999952, 0.0 ], [ 106.572958777000053, -6.204291683999938, 0.0 ], [ 106.572956027000032, -6.204331887999954, 0.0 ], [ 106.572940789000086, -6.204352987999926, 0.0 ], [ 106.572876350000072, -6.204439001999962, 0.0 ], [ 106.572858870000061, -6.204462333999974, 0.0 ], [ 106.572832015000074, -6.204484600999931, 0.0 ], [ 106.5728102180001, -6.204502673999974, 0.0 ], [ 106.572728081000037, -6.204538328999945, 0.0 ], [ 106.572660286000087, -6.204572982999941, 0.0 ], [ 106.572636012000032, -6.204600400999935, 0.0 ], [ 106.572621208000058, -6.204617122999935, 0.0 ], [ 106.57254772400006, -6.204750247999928, 0.0 ], [ 106.572541307000051, -6.204761873999921, 0.0 ], [ 106.572536054000068, -6.20477486399994, 0.0 ], [ 106.572522320000076, -6.20480882599998, 0.0 ], [ 106.572517174000041, -6.204820121999938, 0.0 ], [ 106.572516826000083, -6.204820884999954, 0.0 ], [ 106.572510214000033, -6.204835396999953, 0.0 ], [ 106.572506823000083, -6.204842838999976, 0.0 ], [ 106.572506778000047, -6.204842936999968, 0.0 ], [ 106.572506702000055, -6.204843103999956, 0.0 ], [ 106.572506669000077, -6.204843176999936, 0.0 ], [ 106.572506609000072, -6.204843307999966, 0.0 ], [ 106.572506571000076, -6.204843391999931, 0.0 ], [ 106.572450347000085, -6.204966791999936, 0.0 ], [ 106.572419794000041, -6.204983151999958, 0.0 ], [ 106.572371099000065, -6.205009136999942, 0.0 ], [ 106.572315821000075, -6.205072465999934, 0.0 ], [ 106.572295872000041, -6.205117505999957, 0.0 ], [ 106.572230124000043, -6.205193708999958, 0.0 ], [ 106.572100499000044, -6.205343947999957, 0.0 ], [ 106.572087192000083, -6.205360024999943, 0.0 ], [ 106.572042106000083, -6.205414496999933, 0.0 ], [ 106.572038560000067, -6.20541878099993, 0.0 ], [ 106.571837652000056, -6.20514857999996, 0.0 ], [ 106.571678201000054, -6.204934135999962, 0.0 ], [ 106.571491463000086, -6.204689541999926, 0.0 ], [ 106.57146289800005, -6.204652126999971, 0.0 ], [ 106.571421307000037, -6.204597649999926, 0.0 ], [ 106.571239080000055, -6.204713835999946, 0.0 ], [ 106.571188855000059, -6.204745858999956, 0.0 ], [ 106.57056123600006, -6.205146020999951, 0.0 ], [ 106.570546753000102, -6.205155254999971, 0.0 ], [ 106.570494311000061, -6.205188690999925, 0.0 ], [ 106.570249628000056, -6.205374323999935, 0.0 ], [ 106.570176796000055, -6.205429579999925, 0.0 ], [ 106.569104563000053, -6.206243045999941, 0.0 ], [ 106.569093643000102, -6.206261298999953, 0.0 ], [ 106.569084, -6.206268000999957, 0.0 ], [ 106.569078461000061, -6.206265743999952, 0.0 ], [ 106.569030977000068, -6.20624639799996, 0.0 ], [ 106.569030393000048, -6.206246159999986, 0.0 ], [ 106.56903, -6.206246, 0.0 ], [ 106.568871116000082, -6.206181417999974, 0.0 ], [ 106.568791988000044, -6.206149253999965, 0.0 ], [ 106.568474001000084, -6.206020000999963, 0.0 ], [ 106.568225700000085, -6.205867, 0.0 ], [ 106.568053396000039, -6.20576082799993, 0.0 ], [ 106.567807, -6.205609000999972, 0.0 ], [ 106.567804669000054, -6.205607406999943, 0.0 ], [ 106.567519001000051, -6.205412000999961, 0.0 ], [ 106.567308431000072, -6.205287283999946, 0.0 ], [ 106.56721821900004, -6.205233852999919, 0.0 ], [ 106.56720256300008, -6.205224579999943, 0.0 ], [ 106.567156, -6.205197000999928, 0.0 ], [ 106.567079302000081, -6.205183202999932, 0.0 ], [ 106.566969370000038, -6.205163426999942, 0.0 ], [ 106.566967152000075, -6.205163027999964, 0.0 ], [ 106.566967, -6.205163000999958, 0.0 ], [ 106.566954814000042, -6.205160737999952, 0.0 ], [ 106.566967864000048, -6.205122868999976, 0.0 ], [ 106.566981008000084, -6.205083106999957, 0.0 ], [ 106.567059806000088, -6.204844734999939, 0.0 ], [ 106.567580775000067, -6.202882048999934, 0.0 ], [ 106.567604921000054, -6.202521547999932, 0.0 ], [ 106.56760966800006, -6.202450668999978, 0.0 ], [ 106.567620846000068, -6.202283776999934, 0.0 ], [ 106.56765856300008, -6.201791692999963, 0.0 ], [ 106.56775914800005, -6.200479365999975, 0.0 ], [ 106.567762434000088, -6.20043650199995, 0.0 ], [ 106.568688527000063, -6.20049266099994, 0.0 ], [ 106.569149802000084, -6.200528151999955, 0.0 ], [ 106.569332453000072, -6.200542204999982, 0.0 ], [ 106.569801096000049, -6.20057826199996, 0.0 ], [ 106.569814884000039, -6.200578946999949, 0.0 ], [ 106.570199018000039, -6.200598039999924, 0.0 ], [ 106.570274149000056, -6.19967938299994, 0.0 ], [ 106.570564606000062, -6.199672540999922, 0.0 ], [ 106.570722825000075, -6.199672376999955, 0.0 ], [ 106.570716642000036, -6.199501912999949, 0.0 ], [ 106.570706646000076, -6.199226336999978, 0.0 ], [ 106.570699069000057, -6.19901742899998, 0.0 ], [ 106.570563615000083, -6.198995248999955, 0.0 ], [ 106.570602886000074, -6.198921739999944, 0.0 ], [ 106.570770867000078, -6.198497825999934, 0.0 ], [ 106.571024383000065, -6.198384163999943, 0.0 ], [ 106.571147968000048, -6.198366120999939, 0.0 ], [ 106.571221740000055, -6.198355350999973, 0.0 ], [ 106.571356716000082, -6.19833564499993, 0.0 ], [ 106.571419095000067, -6.198326537999944, 0.0 ], [ 106.571392082000045, -6.198167244999982, 0.0 ], [ 106.571361681000042, -6.197987974999938, 0.0 ], [ 106.571271481000053, -6.197790932999961, 0.0 ], [ 106.57116129700006, -6.197550232999956, 0.0 ], [ 106.571077788000096, -6.197367806999983, 0.0 ], [ 106.571037337000064, -6.197320858999937, 0.0 ], [ 106.571012072000087, -6.197291535999965, 0.0 ], [ 106.570907970000064, -6.197170714999966, 0.0 ], [ 106.570815569000047, -6.19692042899993, 0.0 ], [ 106.570749269000046, -6.196740840999942, 0.0 ], [ 106.570752018000064, -6.19671563599996, 0.0 ], [ 106.57101937300007, -6.196690513999946, 0.0 ], [ 106.571611605000044, -6.196660529999972, 0.0 ], [ 106.571772030000034, -6.196674011999952, 0.0 ], [ 106.572260499000038, -6.196715062999936, 0.0 ], [ 106.572278949000065, -6.196712698999934, 0.0 ], [ 106.572315939000077, -6.196707959999962, 0.0 ], [ 106.572418581000079, -6.196694810999922, 0.0 ], [ 106.572470923000083, -6.19668810499996, 0.0 ], [ 106.572711621000053, -6.196657268999956, 0.0 ], [ 106.572810889000039, -6.196654644999963, 0.0 ], [ 106.572885075000045, -6.196664890999962, 0.0 ], [ 106.572922821000077, -6.196670103999967, 0.0 ], [ 106.572998724000058, -6.196675954999931, 0.0 ], [ 106.573102168000048, -6.196683927999967, 0.0 ], [ 106.573215820000087, -6.196697150999973, 0.0 ], [ 106.573258577000061, -6.196702125999925, 0.0 ], [ 106.573406285000033, -6.19668876799995, 0.0 ], [ 106.573613331000047, -6.196621178999969, 0.0 ], [ 106.573639276000051, -6.196612708999967, 0.0 ], [ 106.573812589000056, -6.196618648999964, 0.0 ], [ 106.574291448000054, -6.196635061999921, 0.0 ], [ 106.574406503000034, -6.196639004999959, 0.0 ], [ 106.574690419000035, -6.196648736999976, 0.0 ], [ 106.574725588000035, -6.19664994199997, 0.0 ], [ 106.574763529000052, -6.196651241999975, 0.0 ], [ 106.574843355000041, -6.196651750999942, 0.0 ], [ 106.575070372000084, -6.19665319999996, 0.0 ], [ 106.575070506000088, -6.196653200999954, 0.0 ], [ 106.575313432000087, -6.196662049999936, 0.0 ], [ 106.575402041000075, -6.196667242999983, 0.0 ], [ 106.575437772000043, -6.196669336999954, 0.0 ], [ 106.57548945700006, -6.196684495999936, 0.0 ], [ 106.575521264000088, -6.196716658999942, 0.0 ], [ 106.575547966000045, -6.196743658999934, 0.0 ], [ 106.575589181000055, -6.196775118999938, 0.0 ], [ 106.575622883000065, -6.196777828999925, 0.0 ], [ 106.57562361500004, -6.196777887999922, 0.0 ], [ 106.575733594000042, -6.196779474999974, 0.0 ], [ 106.575782362000041, -6.196778372999979, 0.0 ], [ 106.575829266000085, -6.196793545999975, 0.0 ], [ 106.57603388800004, -6.196870378999964, 0.0 ], [ 106.576049670000089, -6.196823740999951, 0.0 ], [ 106.576079895000078, -6.196734421999961, 0.0 ], [ 106.576098057000081, -6.196738856999962, 0.0 ], [ 106.576138041000036, -6.196748620999919, 0.0 ], [ 106.576331583000069, -6.19679588099996, 0.0 ], [ 106.576438210000049, -6.196810428999982, 0.0 ], [ 106.576475074000086, -6.19681545899994, 0.0 ], [ 106.576564001000065, -6.196827592999972, 0.0 ], [ 106.576722867000058, -6.196849268999933, 0.0 ], [ 106.576713264000034, -6.196814750999978, 0.0 ], [ 106.576702537000074, -6.196766066999951, 0.0 ], [ 106.576666300000056, -6.196639366999937, 0.0 ], [ 106.576654077000057, -6.196548483999952, 0.0 ], [ 106.576684921000037, -6.196469436999965, 0.0 ], [ 106.576729713000077, -6.19625636199992, 0.0 ], [ 106.576755989000048, -6.196249105999923, 0.0 ], [ 106.577095578000069, -6.196283984999983, 0.0 ], [ 106.577116746000058, -6.196166684999981, 0.0 ], [ 106.577118774000041, -6.196044655999975, 0.0 ], [ 106.577108860000067, -6.195922031999944, 0.0 ], [ 106.577103883000063, -6.195860469999957, 0.0 ], [ 106.57710856500006, -6.195826959999969, 0.0 ], [ 106.577137712000081, -6.195825348999962, 0.0 ], [ 106.577428871000052, -6.195809258999923, 0.0 ], [ 106.577660713000071, -6.195789427999945, 0.0 ], [ 106.577730044000077, -6.195789221999974, 0.0 ], [ 106.577816174000077, -6.195810498999941, 0.0 ], [ 106.577928530000065, -6.195807771999958, 0.0 ], [ 106.57801455300006, -6.195793160999933, 0.0 ], [ 106.57834465600007, -6.195854385999945, 0.0 ], [ 106.578524038000069, -6.195880170999933, 0.0 ], [ 106.578732965000086, -6.195894447999931, 0.0 ] ] ] ] } },
{ "type": "Feature", "properties": { "OBJECTID": 83536, "NAMOBJ": "Gandasari", "FCODE": "BA03080040", "REMARK": " ", "METADATA": "TASWIL1000020221227_DATA_BATAS_DESAKELURAHAN", "SRS_ID": "SRGI 2013", "KDBBPS": " ", "KDCBPS": " ", "KDCPUM": "36.71.02", "KDEBPS": " ", "KDEPUM": "36.71.02.1004", "KDPBPS": " ", "KDPKAB": "36.71", "KDPPUM": "36", "LUASWH": 0.0, "TIPADM": 2, "WADMKC": "Jatiuwung", "WADMKD": "Gandasari", "WADMKK": "Kota Tangerang", "WADMPR": "Banten", "WIADKC": " ", "WIADKK": " ", "WIADPR": " ", "WIADKD": " ", "UUPP": " ", "luas": null, "SHAPE_Length": 0.089704283046807554, "SHAPE_Area": 0.00030636586541738365 }, "geometry": { "type": "MultiPolygon", "coordinates": [ [ [ [ 106.589318555000034, -6.201580718999931, 0.0 ], [ 106.589444981000042, -6.201885394999971, 0.0 ], [ 106.589451159000077, -6.20188499799997, 0.0 ], [ 106.589697201000035, -6.201869180999949, 0.0 ], [ 106.589737792000051, -6.201866571999974, 0.0 ], [ 106.590061777000074, -6.202278320999932, 0.0 ], [ 106.590444552000065, -6.202365029999951, 0.0 ], [ 106.590682498000035, -6.202403695999981, 0.0 ], [ 106.590753794000079, -6.202417954999931, 0.0 ], [ 106.590816343000085, -6.202430464999961, 0.0 ], [ 106.591063212000051, -6.202501848999931, 0.0 ], [ 106.591217877000076, -6.202567283999946, 0.0 ], [ 106.591295209000066, -6.202653538999917, 0.0 ], [ 106.59141715700008, -6.202760614999934, 0.0 ], [ 106.591470695000055, -6.202852818999935, 0.0 ], [ 106.591482592000034, -6.202888510999964, 0.0 ], [ 106.592059611000082, -6.20289743399996, 0.0 ], [ 106.592255917000045, -6.202906356999966, 0.0 ], [ 106.592394899000055, -6.202828150999947, 0.0 ], [ 106.592519108000033, -6.202797774999969, 0.0 ], [ 106.592577872000049, -6.202783403999941, 0.0 ], [ 106.592599010000072, -6.202843286999949, 0.0 ], [ 106.592632489000039, -6.202992223999964, 0.0 ], [ 106.592683563000037, -6.203094375999975, 0.0 ], [ 106.592738151000049, -6.20315953699997, 0.0 ], [ 106.592806823000046, -6.20321764999994, 0.0 ], [ 106.592901902000051, -6.203266951999971, 0.0 ], [ 106.593008018000035, -6.203297070999946, 0.0 ], [ 106.593040021000036, -6.203306154999947, 0.0 ], [ 106.593300597000052, -6.203374802999972, 0.0 ], [ 106.593362221000064, -6.203404734999932, 0.0 ], [ 106.593383793000044, -6.203437096999942, 0.0 ], [ 106.593384115000049, -6.203437579999959, 0.0 ], [ 106.593387513000039, -6.203442676999937, 0.0 ], [ 106.593395109000085, -6.203454072999929, 0.0 ], [ 106.593411529000036, -6.203478704999956, 0.0 ], [ 106.59341291000004, -6.203493872999949, 0.0 ], [ 106.593413474000045, -6.203500069999958, 0.0 ], [ 106.593416598000033, -6.203534380999941, 0.0 ], [ 106.593416797000089, -6.203536568999942, 0.0 ], [ 106.593418585000052, -6.20355620399994, 0.0 ], [ 106.593417960000068, -6.203562991999945, 0.0 ], [ 106.593406414000071, -6.203688291999986, 0.0 ], [ 106.593405205000067, -6.203701413999959, 0.0 ], [ 106.593429867000054, -6.203784193999985, 0.0 ], [ 106.593479177000077, -6.203865208999966, 0.0 ], [ 106.593544338000072, -6.203981448999964, 0.0 ], [ 106.593570329000045, -6.204046145999933, 0.0 ], [ 106.593627122000044, -6.204187513999946, 0.0 ], [ 106.593665768000051, -6.20434383299994, 0.0 ], [ 106.593668212000068, -6.204356419999961, 0.0 ], [ 106.59368409800004, -6.204438240999928, 0.0 ], [ 106.593676839000082, -6.204587522999926, 0.0 ], [ 106.593716500000085, -6.204683009999939, 0.0 ], [ 106.593952067000046, -6.204706803999957, 0.0 ], [ 106.594323263000035, -6.204690147999942, 0.0 ], [ 106.594618316000037, -6.204759151999942, 0.0 ], [ 106.594950428000061, -6.204809147999974, 0.0 ], [ 106.595060895000074, -6.204825776999947, 0.0 ], [ 106.595517752000035, -6.204899540999968, 0.0 ], [ 106.595633092000071, -6.204902388999929, 0.0 ], [ 106.595710488000066, -6.20490429999996, 0.0 ], [ 106.595727146000058, -6.204906347999954, 0.0 ], [ 106.595753562000098, -6.205730499999953, 0.0 ], [ 106.595702001000063, -6.205879, 0.0 ], [ 106.595664464000038, -6.206156688999955, 0.0 ], [ 106.595650747000036, -6.20625816299997, 0.0 ], [ 106.595609, -6.206566998999963, 0.0 ], [ 106.595609361000072, -6.206604855999956, 0.0 ], [ 106.595613001000061, -6.206987, 0.0 ], [ 106.595609, -6.207262, 0.0 ], [ 106.595608, -6.207329, 0.0 ], [ 106.595527, -6.207491000999935, 0.0 ], [ 106.595406, -6.207612, 0.0 ], [ 106.595064, -6.207850000999949, 0.0 ], [ 106.595032940000067, -6.207871577999979, 0.0 ], [ 106.594874, -6.207982000999939, 0.0 ], [ 106.594662001000074, -6.208151, 0.0 ], [ 106.594606, -6.208314, 0.0 ], [ 106.594577295000079, -6.208478360999953, 0.0 ], [ 106.594550542000036, -6.208631547999964, 0.0 ], [ 106.594544001000088, -6.208669, 0.0 ], [ 106.594554, -6.208994, 0.0 ], [ 106.59456139200006, -6.209041813999939, 0.0 ], [ 106.594601836000038, -6.209303437999949, 0.0 ], [ 106.594618, -6.209408000999925, 0.0 ], [ 106.594712384000047, -6.209690575999955, 0.0 ], [ 106.594782001000056, -6.20989900099994, 0.0 ], [ 106.594820001000073, -6.210011, 0.0 ], [ 106.594814001000088, -6.210306000999936, 0.0 ], [ 106.594752231000086, -6.21069833599995, 0.0 ], [ 106.594723, -6.210884, 0.0 ], [ 106.594555, -6.211398, 0.0 ], [ 106.594541026000059, -6.211431938999965, 0.0 ], [ 106.594541001000039, -6.211432, 0.0 ], [ 106.594505128000037, -6.211523856999971, 0.0 ], [ 106.594409, -6.21177, 0.0 ], [ 106.594346, -6.211932, 0.0 ], [ 106.594203447000041, -6.212220460999959, 0.0 ], [ 106.59403515300005, -6.212561008999949, 0.0 ], [ 106.594006, -6.21262, 0.0 ], [ 106.593992, -6.212647000999937, 0.0 ], [ 106.593809537000084, -6.213286059999967, 0.0 ], [ 106.593785, -6.213371998999951, 0.0 ], [ 106.593733, -6.213552, 0.0 ], [ 106.593727001000047, -6.213633000999946, 0.0 ], [ 106.594138001000033, -6.213879998999964, 0.0 ], [ 106.594170635000069, -6.213908677999943, 0.0 ], [ 106.594336, -6.214054, 0.0 ], [ 106.594387, -6.214098, 0.0 ], [ 106.594396, -6.214106000999941, 0.0 ], [ 106.594555, -6.214245, 0.0 ], [ 106.594718001000047, -6.214474000999928, 0.0 ], [ 106.594744702000071, -6.214571603999949, 0.0 ], [ 106.594746999000051, -6.21458, 0.0 ], [ 106.594584, -6.214997, 0.0 ], [ 106.594557126000041, -6.215072293999978, 0.0 ], [ 106.594115001000034, -6.216311, 0.0 ], [ 106.593896762000043, -6.216920695999932, 0.0 ], [ 106.593829001000074, -6.21711, 0.0 ], [ 106.593805772000053, -6.217206234999942, 0.0 ], [ 106.593761431000075, -6.217389933999923, 0.0 ], [ 106.593752001000041, -6.217429, 0.0 ], [ 106.593750268000065, -6.217439780999932, 0.0 ], [ 106.593724328000064, -6.217601143999952, 0.0 ], [ 106.593684001000042, -6.217852000999921, 0.0 ], [ 106.593675199000074, -6.217883738999938, 0.0 ], [ 106.593619729000068, -6.218083743999958, 0.0 ], [ 106.593613001000051, -6.218108000999969, 0.0 ], [ 106.593420001000098, -6.218333, 0.0 ], [ 106.593379001000088, -6.218442, 0.0 ], [ 106.593418, -6.218521000999939, 0.0 ], [ 106.593367761000096, -6.218500256999959, 0.0 ], [ 106.593263, -6.218457000999936, 0.0 ], [ 106.593216, -6.218489, 0.0 ], [ 106.593113, -6.218724, 0.0 ], [ 106.592993, -6.218998000999938, 0.0 ], [ 106.592914506000056, -6.219140755999939, 0.0 ], [ 106.59262915000005, -6.219659726999971, 0.0 ], [ 106.592629, -6.21966, 0.0 ], [ 106.592368, -6.21999, 0.0 ], [ 106.592120001000069, -6.220181, 0.0 ], [ 106.591627, -6.220455, 0.0 ], [ 106.591297, -6.220639, 0.0 ], [ 106.591124, -6.220822000999925, 0.0 ], [ 106.591073381000058, -6.220878757999976, 0.0 ], [ 106.590555, -6.221460000999971, 0.0 ], [ 106.590430001000072, -6.22147, 0.0 ], [ 106.590034, -6.221448, 0.0 ], [ 106.589705146000085, -6.22142936899997, 0.0 ], [ 106.589681, -6.22142800099994, 0.0 ], [ 106.58968, -6.221522, 0.0 ], [ 106.589601, -6.221570000999971, 0.0 ], [ 106.589522, -6.221617000999963, 0.0 ], [ 106.589460784000039, -6.22165608199998, 0.0 ], [ 106.589345, -6.221730000999973, 0.0 ], [ 106.589339, -6.221745, 0.0 ], [ 106.589256, -6.221931, 0.0 ], [ 106.589178, -6.22227500099996, 0.0 ], [ 106.589155575000063, -6.222344494999951, 0.0 ], [ 106.589087001000053, -6.222557000999931, 0.0 ], [ 106.589006, -6.222626, 0.0 ], [ 106.588626, -6.222575000999935, 0.0 ], [ 106.588122, -6.222506, 0.0 ], [ 106.58806, -6.222394000999944, 0.0 ], [ 106.588039, -6.222233, 0.0 ], [ 106.588010054000051, -6.221572062999945, 0.0 ], [ 106.587304354000082, -6.221488739999919, 0.0 ], [ 106.586761838000086, -6.221454475999958, 0.0 ], [ 106.586366371000054, -6.221427349999934, 0.0 ], [ 106.586182200000053, -6.221403078999963, 0.0 ], [ 106.586021349000077, -6.221374144999966, 0.0 ], [ 106.585792921000063, -6.221341784999941, 0.0 ], [ 106.585370329000057, -6.221381758999931, 0.0 ], [ 106.585081938000087, -6.221405553999941, 0.0 ], [ 106.584833522000054, -6.221377951999961, 0.0 ], [ 106.584567974000038, -6.221209485999959, 0.0 ], [ 106.584480410000083, -6.221130488999967, 0.0 ], [ 106.584393798000065, -6.221053393999972, 0.0 ], [ 106.583316378000063, -6.22080307399994, 0.0 ], [ 106.583281162000048, -6.220792604999938, 0.0 ], [ 106.582996136000077, -6.220700352999935, 0.0 ], [ 106.582918, -6.220678000999952, 0.0 ], [ 106.582904231000043, -6.220651499999969, 0.0 ], [ 106.582296603000103, -6.219481978999966, 0.0 ], [ 106.581753, -6.219004, 0.0 ], [ 106.58172025600004, -6.218973774999944, 0.0 ], [ 106.58171400100008, -6.218968000999952, 0.0 ], [ 106.581279948000088, -6.218570875999942, 0.0 ], [ 106.580997, -6.218312, 0.0 ], [ 106.580761001000042, -6.217996, 0.0 ], [ 106.580653, -6.217667, 0.0 ], [ 106.580557820000081, -6.217281637999974, 0.0 ], [ 106.58052807100006, -6.217161189999952, 0.0 ], [ 106.58044926000008, -6.216842101999925, 0.0 ], [ 106.580325, -6.216339, 0.0 ], [ 106.58022233800007, -6.216234645999974, 0.0 ], [ 106.58022189000009, -6.216199662999938, 0.0 ], [ 106.580221834000042, -6.216195248999948, 0.0 ], [ 106.580218559000059, -6.215939240999946, 0.0 ], [ 106.580208947000074, -6.215774269999947, 0.0 ], [ 106.580226532000054, -6.215579396999939, 0.0 ], [ 106.580261027000063, -6.215450867999943, 0.0 ], [ 106.58029934800004, -6.215272460999925, 0.0 ], [ 106.580341514000054, -6.215155439999934, 0.0 ], [ 106.580508310000084, -6.215017297999962, 0.0 ], [ 106.580553513000041, -6.214942894999975, 0.0 ], [ 106.580563860000041, -6.214853044999929, 0.0 ], [ 106.580572496000059, -6.21472893099996, 0.0 ], [ 106.582895250000036, -6.21469098599994, 0.0 ], [ 106.582864867000069, -6.213657874999967, 0.0 ], [ 106.582802832000084, -6.213644200999959, 0.0 ], [ 106.582825568000032, -6.213369083999956, 0.0 ], [ 106.582861301000037, -6.213325910999972, 0.0 ], [ 106.58287546300005, -6.213264856999948, 0.0 ], [ 106.582853496000041, -6.213114188999948, 0.0 ], [ 106.582856470000095, -6.212909613999963, 0.0 ], [ 106.582834095000067, -6.212622568999962, 0.0 ], [ 106.582712166000078, -6.212622933999963, 0.0 ], [ 106.582668510000076, -6.212414908999961, 0.0 ], [ 106.582614159000059, -6.212228449999949, 0.0 ], [ 106.582575428000041, -6.212068261999943, 0.0 ], [ 106.582560987000079, -6.212036004999965, 0.0 ], [ 106.582531740000036, -6.211849469999938, 0.0 ], [ 106.58254192000004, -6.211655638999959, 0.0 ], [ 106.582541459000083, -6.211501317999939, 0.0 ], [ 106.58255487100007, -6.211189044999967, 0.0 ], [ 106.582575959000053, -6.211045425999945, 0.0 ], [ 106.582589830000074, -6.210935765999976, 0.0 ], [ 106.582600483000078, -6.210851552999944, 0.0 ], [ 106.582596565000074, -6.210740308999956, 0.0 ], [ 106.582560596000064, -6.210704526999957, 0.0 ], [ 106.582335328000056, -6.210691810999945, 0.0 ], [ 106.582427231000054, -6.210150046999956, 0.0 ], [ 106.582451733000084, -6.209948994999933, 0.0 ], [ 106.582436949000055, -6.209801894999948, 0.0 ], [ 106.58240440600008, -6.209712269999947, 0.0 ], [ 106.582350357000053, -6.209626297999933, 0.0 ], [ 106.582264086000066, -6.209558366999949, 0.0 ], [ 106.58215638300004, -6.209519210999922, 0.0 ], [ 106.581991312000071, -6.209483816999968, 0.0 ], [ 106.581783241000039, -6.209459315999937, 0.0 ], [ 106.581657693000068, -6.209448924999941, 0.0 ], [ 106.581571518000032, -6.209413292999948, 0.0 ], [ 106.581517501000064, -6.209338086999933, 0.0 ], [ 106.581488501000081, -6.209234095999931, 0.0 ], [ 106.58148198400005, -6.209053115999958, 0.0 ], [ 106.581470808000063, -6.208913182999943, 0.0 ], [ 106.581431082000051, -6.208819990999934, 0.0 ], [ 106.581373586000041, -6.208780683999971, 0.0 ], [ 106.581255093000038, -6.208730793999954, 0.0 ], [ 106.581194022000034, -6.208695086999973, 0.0 ], [ 106.581150870000045, -6.208655738999932, 0.0 ], [ 106.581118423000078, -6.208598412999952, 0.0 ], [ 106.581089477000049, -6.208512365999978, 0.0 ], [ 106.581067468000086, -6.208347341999975, 0.0 ], [ 106.58103479600004, -6.208214650999938, 0.0 ], [ 106.580959294000081, -6.208150276999966, 0.0 ], [ 106.580866250000042, -6.208140651999941, 0.0 ], [ 106.580780419000064, -6.208132437999947, 0.0 ], [ 106.580618535000042, -6.208126171999934, 0.0 ], [ 106.580518800000064, -6.208141725999952, 0.0 ], [ 106.580504528000063, -6.20831627999996, 0.0 ], [ 106.579452693000064, -6.208146437999973, 0.0 ], [ 106.578665639000064, -6.208019349999981, 0.0 ], [ 106.577417308000065, -6.207817776999938, 0.0 ], [ 106.57748670400008, -6.207233103999948, 0.0 ], [ 106.577559901000086, -6.20661641299995, 0.0 ], [ 106.57757285200006, -6.206467982999923, 0.0 ], [ 106.577595388000077, -6.206209701999961, 0.0 ], [ 106.57760462400006, -6.206152072999943, 0.0 ], [ 106.577620854000088, -6.20605080799993, 0.0 ], [ 106.577630646000046, -6.205966456999938, 0.0 ], [ 106.577652199000056, -6.205864448999933, 0.0 ], [ 106.577777207000054, -6.205872123999945, 0.0 ], [ 106.577781344000073, -6.205816124999946, 0.0 ], [ 106.577802805000047, -6.205797398999943, 0.0 ], [ 106.577855863000082, -6.205791497999944, 0.0 ], [ 106.577953350000087, -6.205772545999928, 0.0 ], [ 106.578020594000066, -6.205713486999971, 0.0 ], [ 106.57807510400005, -6.205713324999978, 0.0 ], [ 106.578136849000089, -6.205734673999925, 0.0 ], [ 106.578201417000059, -6.205740223999959, 0.0 ], [ 106.578242751000062, -6.20565109599994, 0.0 ], [ 106.578281097000058, -6.205521780999959, 0.0 ], [ 106.578332395000075, -6.20540678399993, 0.0 ], [ 106.57839683400006, -6.205328951999945, 0.0 ], [ 106.578489589000071, -6.205165977999972, 0.0 ], [ 106.578534263000051, -6.205074948999936, 0.0 ], [ 106.578603655000052, -6.204933555999963, 0.0 ], [ 106.578632045000063, -6.20483298299996, 0.0 ], [ 106.578655561000062, -6.204701318999979, 0.0 ], [ 106.578648182000052, -6.204631955999957, 0.0 ], [ 106.578632614000071, -6.204602566999943, 0.0 ], [ 106.578600096000059, -6.204541180999965, 0.0 ], [ 106.578592724000089, -6.204474209999938, 0.0 ], [ 106.578590141000063, -6.204409616999961, 0.0 ], [ 106.57859125400006, -6.204403961999949, 0.0 ], [ 106.578604272000064, -6.204337796999939, 0.0 ], [ 106.578632726000095, -6.204258756999934, 0.0 ], [ 106.578606279000041, -6.204208590999943, 0.0 ], [ 106.578571533000058, -6.204131482999968, 0.0 ], [ 106.578571349000072, -6.204131073999982, 0.0 ], [ 106.578565365000088, -6.204117793999948, 0.0 ], [ 106.578546118000077, -6.204077176999932, 0.0 ], [ 106.578536955000061, -6.203943816999975, 0.0 ], [ 106.578536759000087, -6.203877781999945, 0.0 ], [ 106.578549395000039, -6.203785868999942, 0.0 ], [ 106.578569138000034, -6.203734930999929, 0.0 ], [ 106.578575019000084, -6.203719755999942, 0.0 ], [ 106.578609130000075, -6.203613422999973, 0.0 ], [ 106.57862463500004, -6.203521500999951, 0.0 ], [ 106.578639602000067, -6.203409362999941, 0.0 ], [ 106.578667478000057, -6.203289745999934, 0.0 ], [ 106.578670290000048, -6.203277678999936, 0.0 ], [ 106.578717828000038, -6.203184225999963, 0.0 ], [ 106.578784448000079, -6.203076359999957, 0.0 ], [ 106.578827111000066, -6.202951817999979, 0.0 ], [ 106.578848429000061, -6.202884761999935, 0.0 ], [ 106.578857799000048, -6.202820133999978, 0.0 ], [ 106.578842562000034, -6.20276441999994, 0.0 ], [ 106.578848101000062, -6.202326691999925, 0.0 ], [ 106.578851072000077, -6.202091892999928, 0.0 ], [ 106.578851353000061, -6.202069647999962, 0.0 ], [ 106.578854880000051, -6.202024439999954, 0.0 ], [ 106.578865047000079, -6.201894134999971, 0.0 ], [ 106.578865171000075, -6.201892554999968, 0.0 ], [ 106.57893623800004, -6.201672222999946, 0.0 ], [ 106.578992989000085, -6.201461505999922, 0.0 ], [ 106.579750340000032, -6.201585547999964, 0.0 ], [ 106.579798616000062, -6.201593454999965, 0.0 ], [ 106.579799467000043, -6.201593594999967, 0.0 ], [ 106.579811163000045, -6.201452469999938, 0.0 ], [ 106.579818496000087, -6.201363979999943, 0.0 ], [ 106.579820779000059, -6.20134491299995, 0.0 ], [ 106.579854923000099, -6.201059729999937, 0.0 ], [ 106.57988894600004, -6.200818736999969, 0.0 ], [ 106.5798988210001, -6.200731440999963, 0.0 ], [ 106.579914890000055, -6.200589384999949, 0.0 ], [ 106.579925193000079, -6.200498298999946, 0.0 ], [ 106.57992990300005, -6.200456664999941, 0.0 ], [ 106.579930249000085, -6.200453599999949, 0.0 ], [ 106.579961209000032, -6.200153751999951, 0.0 ], [ 106.579982671000039, -6.200046309999956, 0.0 ], [ 106.580019274000051, -6.199863064999933, 0.0 ], [ 106.580023142000073, -6.199824304999932, 0.0 ], [ 106.580050206000067, -6.199701162999922, 0.0 ], [ 106.580066133000059, -6.199621870999968, 0.0 ], [ 106.580085757000077, -6.19952416899998, 0.0 ], [ 106.580122134000078, -6.199343067999957, 0.0 ], [ 106.580125502000044, -6.199326301999982, 0.0 ], [ 106.580127494000067, -6.199315260999988, 0.0 ], [ 106.580165855000089, -6.199102619999966, 0.0 ], [ 106.580138756000053, -6.199081348999931, 0.0 ], [ 106.580126670000084, -6.199037121999932, 0.0 ], [ 106.58004055400005, -6.199020630999944, 0.0 ], [ 106.579966299000034, -6.198973, 0.0 ], [ 106.579901593000045, -6.198920555999963, 0.0 ], [ 106.579866792000075, -6.19887519999998, 0.0 ], [ 106.57973402500005, -6.198848080999938, 0.0 ], [ 106.579631653000035, -6.19882505799996, 0.0 ], [ 106.579643339000086, -6.198735300999949, 0.0 ], [ 106.579660896000064, -6.198609636999947, 0.0 ], [ 106.579636749000088, -6.198528958999937, 0.0 ], [ 106.579615127000068, -6.198292753999972, 0.0 ], [ 106.579612590000067, -6.198269008999947, 0.0 ], [ 106.579602418000036, -6.198173783999954, 0.0 ], [ 106.579590535000079, -6.198062539999975, 0.0 ], [ 106.579584238000052, -6.197954891999924, 0.0 ], [ 106.57958371000008, -6.197936290999966, 0.0 ], [ 106.579590447000044, -6.197933847999941, 0.0 ], [ 106.579917616000046, -6.19781311999997, 0.0 ], [ 106.580175160000067, -6.197718083999972, 0.0 ], [ 106.580185318000076, -6.197714335999925, 0.0 ], [ 106.580256972000086, -6.197687893999959, 0.0 ], [ 106.580298092000078, -6.197673502999979, 0.0 ], [ 106.580457212000056, -6.197617813999953, 0.0 ], [ 106.580805410000039, -6.197495950999953, 0.0 ], [ 106.580839145000084, -6.197484143999936, 0.0 ], [ 106.581105927000067, -6.197404495999939, 0.0 ], [ 106.581189304000077, -6.197379603999932, 0.0 ], [ 106.58122452200007, -6.197370271999947, 0.0 ], [ 106.581325622000065, -6.197343483999925, 0.0 ], [ 106.581328567000071, -6.197342703999928, 0.0 ], [ 106.581621450000057, -6.197267932999981, 0.0 ], [ 106.581878786000061, -6.197202235999946, 0.0 ], [ 106.581889088000082, -6.197199605999978, 0.0 ], [ 106.582188788000053, -6.197131570999947, 0.0 ], [ 106.58253761900005, -6.19705238199998, 0.0 ], [ 106.58263521300006, -6.197030226999979, 0.0 ], [ 106.582739900000036, -6.196995120999937, 0.0 ], [ 106.582911378000063, -6.196937615999961, 0.0 ], [ 106.583179675000068, -6.196803351999961, 0.0 ], [ 106.583199506000085, -6.196789711999941, 0.0 ], [ 106.583467531000053, -6.196605359999974, 0.0 ], [ 106.583698889000061, -6.196408175999976, 0.0 ], [ 106.583759886000053, -6.196356188999979, 0.0 ], [ 106.583793170000035, -6.196327821999952, 0.0 ], [ 106.583910321000076, -6.196222506999953, 0.0 ], [ 106.584171357000059, -6.195987841999959, 0.0 ], [ 106.584238694000092, -6.195927307999969, 0.0 ], [ 106.584267611000087, -6.195901261999944, 0.0 ], [ 106.584376894000059, -6.195802828999944, 0.0 ], [ 106.584527336000065, -6.195667323999947, 0.0 ], [ 106.584531224000045, -6.195663821999978, 0.0 ], [ 106.584624461000047, -6.195579841999979, 0.0 ], [ 106.584703914000045, -6.195504931999953, 0.0 ], [ 106.584756884000058, -6.195454990999965, 0.0 ], [ 106.584919389000049, -6.195301777999935, 0.0 ], [ 106.58523034500007, -6.195057523999929, 0.0 ], [ 106.585479626000051, -6.194854469999941, 0.0 ], [ 106.585768552000062, -6.194619121999946, 0.0 ], [ 106.585817141000064, -6.19457954299998, 0.0 ], [ 106.585846367000045, -6.19455573699998, 0.0 ], [ 106.586518183000067, -6.194057801999976, 0.0 ], [ 106.586730027000044, -6.193900786999963, 0.0 ], [ 106.586867518000076, -6.193788293999935, 0.0 ], [ 106.587145054000075, -6.193561218999952, 0.0 ], [ 106.587187316000055, -6.193524076999957, 0.0 ], [ 106.587220675000083, -6.193557574999934, 0.0 ], [ 106.587239728000043, -6.19357670899995, 0.0 ], [ 106.587245722000048, -6.193584169999956, 0.0 ], [ 106.587246250000078, -6.193584826999944, 0.0 ], [ 106.587305084000036, -6.193658053999967, 0.0 ], [ 106.58735422400008, -6.193719214999932, 0.0 ], [ 106.587381489000052, -6.193794806999967, 0.0 ], [ 106.58741264300005, -6.193881179999942, 0.0 ], [ 106.587390981000055, -6.194037814999946, 0.0 ], [ 106.587373977000084, -6.194160766999972, 0.0 ], [ 106.587305567000044, -6.194407635999942, 0.0 ], [ 106.587292770000033, -6.194454393999932, 0.0 ], [ 106.587228235000055, -6.194690196999945, 0.0 ], [ 106.587121159000048, -6.194913271999959, 0.0 ], [ 106.587034903000074, -6.195106602999945, 0.0 ], [ 106.586984340000072, -6.195293984999969, 0.0 ], [ 106.58695692100008, -6.195510105999973, 0.0 ], [ 106.58693377600008, -6.195692544999932, 0.0 ], [ 106.586930820000077, -6.195740438999969, 0.0 ], [ 106.586925471000086, -6.19582709199995, 0.0 ], [ 106.586918905000061, -6.195933464999931, 0.0 ], [ 106.586904033000053, -6.196168436999926, 0.0 ], [ 106.586885027000051, -6.196248259999955, 0.0 ], [ 106.586859418000088, -6.196355819999949, 0.0 ], [ 106.586809636000055, -6.196551900999957, 0.0 ], [ 106.586796350000043, -6.196604232999958, 0.0 ], [ 106.586771973000054, -6.196700246999962, 0.0 ], [ 106.586825511000086, -6.196753784999935, 0.0 ], [ 106.586786845000063, -6.196893577999965, 0.0 ], [ 106.586742230000084, -6.196997678999937, 0.0 ], [ 106.586700589000088, -6.197104754999945, 0.0 ], [ 106.586629499000082, -6.19726003199998, 0.0 ], [ 106.586587565000059, -6.197351623999972, 0.0 ], [ 106.586495361000061, -6.197476545999963, 0.0 ], [ 106.586435874000074, -6.197556852999988, 0.0 ], [ 106.586373413000047, -6.197666902999974, 0.0 ], [ 106.586337721000064, -6.197720440999938, 0.0 ], [ 106.586284183000032, -6.197800747999962, 0.0 ], [ 106.586242543000083, -6.197884028999961, 0.0 ], [ 106.586260389000074, -6.197946489999934, 0.0 ], [ 106.586495361000061, -6.198017872999976, 0.0 ], [ 106.586815787000035, -6.198106, 0.0 ], [ 106.587330268000073, -6.198407261999936, 0.0 ], [ 106.587833569000054, -6.198644979999929, 0.0 ], [ 106.587979192000034, -6.198713508999957, 0.0 ], [ 106.588117677000071, -6.198833433999943, 0.0 ], [ 106.588239030000068, -6.198921949999948, 0.0 ], [ 106.588477452000063, -6.199091842999964, 0.0 ], [ 106.588554546000069, -6.199166081999982, 0.0 ], [ 106.588658767000084, -6.199335975999929, 0.0 ], [ 106.588848648000067, -6.199671479999952, 0.0 ], [ 106.589186818000087, -6.200171856999927, 0.0 ], [ 106.589551064000048, -6.200667283999965, 0.0 ], [ 106.589872292000067, -6.201077740999953, 0.0 ], [ 106.589982937000059, -6.201184816999954, 0.0 ], [ 106.589850082000055, -6.201278513999963, 0.0 ], [ 106.589643863000049, -6.201423952999957, 0.0 ], [ 106.589422574000082, -6.201541735999959, 0.0 ], [ 106.589318555000034, -6.201580718999931, 0.0 ] ] ] ] } },
{ "type": "Feature", "properties": { "OBJECTID": 83554, "NAMOBJ": "Gondrong", "FCODE": "BA03080040", "REMARK": " ", "METADATA": "TASWIL1000020221227_DATA_BATAS_DESAKELURAHAN", "SRS_ID": "SRGI 2013", "KDBBPS": " ", "KDCBPS": " ", "KDCPUM": "36.71.05", "KDEBPS": " ", "KDEPUM": "36.71.05.1004", "KDPBPS": " ", "KDPKAB": "36.71", "KDPPUM": "36", "LUASWH": 0.0, "TIPADM": 2, "WADMKC": "Cipondoh", "WADMKD": "Gondrong", "WADMKK": "Kota Tangerang", "WADMPR": "Banten", "WIADKC": " ", "WIADKK": " ", "WIADPR": " ", "WIADKD": " ", "UUPP": " ", "luas": null, "SHAPE_Length": 0.062753959871773596, "SHAPE_Area": 0.00013776894767695468 }, "geometry": { "type": "MultiPolygon", "coordinates": [ [ [ [ 106.701970306000078, -6.186512579999935, 0.0 ], [ 106.701523082000051, -6.186826227999981, 0.0 ], [ 106.701100900000085, -6.187121852999952, 0.0 ], [ 106.700750331000052, -6.187384949999976, 0.0 ], [ 106.700675373000081, -6.187492850999942, 0.0 ], [ 106.700607355000059, -6.187588798999966, 0.0 ], [ 106.700586130000033, -6.187618739999941, 0.0 ], [ 106.700583164000079, -6.187812538999936, 0.0 ], [ 106.700631374000068, -6.188279910999944, 0.0 ], [ 106.700646073000087, -6.188422413999936, 0.0 ], [ 106.70069789300004, -6.188928252999975, 0.0 ], [ 106.700734784000076, -6.18925111599998, 0.0 ], [ 106.700801005000073, -6.189774851999979, 0.0 ], [ 106.700813603000086, -6.189874723999927, 0.0 ], [ 106.700885625000069, -6.190445664999963, 0.0 ], [ 106.700908651000077, -6.190654855999979, 0.0 ], [ 106.700924426000086, -6.190798170999917, 0.0 ], [ 106.70094841000008, -6.191016064999926, 0.0 ], [ 106.701000368000052, -6.191564966999971, 0.0 ], [ 106.701036244000079, -6.191958909999927, 0.0 ], [ 106.701089564000085, -6.192544391999948, 0.0 ], [ 106.701127890000066, -6.192987687999964, 0.0 ], [ 106.701132599000061, -6.193221524999955, 0.0 ], [ 106.701135811000086, -6.193381033999966, 0.0 ], [ 106.701136417000043, -6.19341112499996, 0.0 ], [ 106.701153906000059, -6.19360230799998, 0.0 ], [ 106.701154378000069, -6.193607471999933, 0.0 ], [ 106.701181679000058, -6.193905920999946, 0.0 ], [ 106.701182494000079, -6.19391482899994, 0.0 ], [ 106.701252965000037, -6.194421324999958, 0.0 ], [ 106.701310769000088, -6.194633177999942, 0.0 ], [ 106.701337616000046, -6.194731566999957, 0.0 ], [ 106.701367625000046, -6.194841550999972, 0.0 ], [ 106.70118280700008, -6.19490817499997, 0.0 ], [ 106.700639685000056, -6.195063512999983, 0.0 ], [ 106.700481344000082, -6.195112107999926, 0.0 ], [ 106.70032300400004, -6.195160704999979, 0.0 ], [ 106.70010669900006, -6.195248961999935, 0.0 ], [ 106.700029361000077, -6.195305785999943, 0.0 ], [ 106.699961547000044, -6.195355610999966, 0.0 ], [ 106.700099329000082, -6.195456849999975, 0.0 ], [ 106.700201158000084, -6.195528296999949, 0.0 ], [ 106.70015003900005, -6.195802848999959, 0.0 ], [ 106.700136528000087, -6.195875410999977, 0.0 ], [ 106.700376408000068, -6.19613182899997, 0.0 ], [ 106.700388763000035, -6.196257394999972, 0.0 ], [ 106.700331942000048, -6.19635702899995, 0.0 ], [ 106.700252072000069, -6.196497078999916, 0.0 ], [ 106.700263009000082, -6.196638689999934, 0.0 ], [ 106.700277010000036, -6.196819979999937, 0.0 ], [ 106.700337446000049, -6.197029126999956, 0.0 ], [ 106.70032049200006, -6.197334218999978, 0.0 ], [ 106.700440825000044, -6.197585039999981, 0.0 ], [ 106.700386551000079, -6.197828557999961, 0.0 ], [ 106.700429951000046, -6.197937261999925, 0.0 ], [ 106.700545859000044, -6.197926124999985, 0.0 ], [ 106.700761976000081, -6.197853656999946, 0.0 ], [ 106.700868364000087, -6.197855707999956, 0.0 ], [ 106.700936571000057, -6.197879414999936, 0.0 ], [ 106.700977410000064, -6.197941487999975, 0.0 ], [ 106.701132289000043, -6.198155115999955, 0.0 ], [ 106.701265173000081, -6.198219284999938, 0.0 ], [ 106.701379916000064, -6.198217721999974, 0.0 ], [ 106.701523266000038, -6.198190943999974, 0.0 ], [ 106.701631920000068, -6.198153510999925, 0.0 ], [ 106.701762063000047, -6.198108833999981, 0.0 ], [ 106.701886326000078, -6.198094079999977, 0.0 ], [ 106.701984398000036, -6.19811170899993, 0.0 ], [ 106.702052668000078, -6.198154552999943, 0.0 ], [ 106.702101886000037, -6.198220187999929, 0.0 ], [ 106.70206289700009, -6.198362664999937, 0.0 ], [ 106.701906843000074, -6.198528243999935, 0.0 ], [ 106.701832889000073, -6.19857633099997, 0.0 ], [ 106.701719533000073, -6.198637702999973, 0.0 ], [ 106.701614693000067, -6.198745698999968, 0.0 ], [ 106.701435958000047, -6.19892092199995, 0.0 ], [ 106.70124234900004, -6.19892991799998, 0.0 ], [ 106.701082069000051, -6.198895740999947, 0.0 ], [ 106.70098880900008, -6.198887665999965, 0.0 ], [ 106.700892091000085, -6.198919079999933, 0.0 ], [ 106.700821768000083, -6.198981507999982, 0.0 ], [ 106.700808799000072, -6.199061698999969, 0.0 ], [ 106.700800670000035, -6.199111964999926, 0.0 ], [ 106.700788998000064, -6.199199326999971, 0.0 ], [ 106.700659120000068, -6.199327740999927, 0.0 ], [ 106.700656779000042, -6.199328617999984, 0.0 ], [ 106.700585102000048, -6.199355491999933, 0.0 ], [ 106.700512504000073, -6.199392862999958, 0.0 ], [ 106.700512372000048, -6.199397096999967, 0.0 ], [ 106.70027974900006, -6.199541390999969, 0.0 ], [ 106.70025595900006, -6.199577354999973, 0.0 ], [ 106.700208645000046, -6.199733015999926, 0.0 ], [ 106.70019312900007, -6.199756008999949, 0.0 ], [ 106.700107524000089, -6.199882868999959, 0.0 ], [ 106.70003870100004, -6.199957323999966, 0.0 ], [ 106.699946716000056, -6.200056836999982, 0.0 ], [ 106.69980374000005, -6.200200843999931, 0.0 ], [ 106.699780581000084, -6.200434182999973, 0.0 ], [ 106.699733230000049, -6.200577881999942, 0.0 ], [ 106.699494553000079, -6.20069826899993, 0.0 ], [ 106.699315547000083, -6.20078856199995, 0.0 ], [ 106.699125085000048, -6.201034398999977, 0.0 ], [ 106.698970577000082, -6.201310026999979, 0.0 ], [ 106.699002763000067, -6.201484023999964, 0.0 ], [ 106.699007068000071, -6.201507288999951, 0.0 ], [ 106.698930158000053, -6.201752761999956, 0.0 ], [ 106.698805170000071, -6.201914653999948, 0.0 ], [ 106.698662060000061, -6.202016792999935, 0.0 ], [ 106.698584334000088, -6.202010376999962, 0.0 ], [ 106.698452825000061, -6.201999518999965, 0.0 ], [ 106.698200950000057, -6.201731173999972, 0.0 ], [ 106.698104428000079, -6.201450370999966, 0.0 ], [ 106.698102367000047, -6.201415271999956, 0.0 ], [ 106.698091785000088, -6.201235088999963, 0.0 ], [ 106.698251887000083, -6.200839819999934, 0.0 ], [ 106.698268993000056, -6.200582575999928, 0.0 ], [ 106.698214938000049, -6.200499012999949, 0.0 ], [ 106.697957546000055, -6.200374234999974, 0.0 ], [ 106.697742145000063, -6.200297168999955, 0.0 ], [ 106.697533122000038, -6.200345687999975, 0.0 ], [ 106.697473530000082, -6.200399708999946, 0.0 ], [ 106.697467756000037, -6.200400588999973, 0.0 ], [ 106.697192768000036, -6.200442475999974, 0.0 ], [ 106.697109386000079, -6.200532461999952, 0.0 ], [ 106.697070576000058, -6.200578792999969, 0.0 ], [ 106.696948633000034, -6.200724371999959, 0.0 ], [ 106.696698041000047, -6.200856760999951, 0.0 ], [ 106.696543130000066, -6.200931362999935, 0.0 ], [ 106.69643547700008, -6.200983204999946, 0.0 ], [ 106.696322383000052, -6.20112711599995, 0.0 ], [ 106.696215168000037, -6.201241099999939, 0.0 ], [ 106.696095658000047, -6.201247464999943, 0.0 ], [ 106.696041871000034, -6.201247636999939, 0.0 ], [ 106.695886366000082, -6.201212246999936, 0.0 ], [ 106.695807782000088, -6.201215644999938, 0.0 ], [ 106.695736974000056, -6.201218705999966, 0.0 ], [ 106.69555181700008, -6.201255186999964, 0.0 ], [ 106.695402519000083, -6.201291550999931, 0.0 ], [ 106.695151488000079, -6.201286372999957, 0.0 ], [ 106.695118139000044, -6.201154668999951, 0.0 ], [ 106.695030429000042, -6.200808267999941, 0.0 ], [ 106.694946507000054, -6.200584069999928, 0.0 ], [ 106.694904, -6.200470510999943, 0.0 ], [ 106.694891785000038, -6.20043787999998, 0.0 ], [ 106.694849512000076, -6.200300446999955, 0.0 ], [ 106.694741114000067, -6.200043604999969, 0.0 ], [ 106.694625357000064, -6.199941290999951, 0.0 ], [ 106.69452534900006, -6.199852897999961, 0.0 ], [ 106.694465432000072, -6.199805239999934, 0.0 ], [ 106.694184040000039, -6.199650628999955, 0.0 ], [ 106.694148144000053, -6.199638781999973, 0.0 ], [ 106.694202899000061, -6.199549500999978, 0.0 ], [ 106.694254181000076, -6.199465886999968, 0.0 ], [ 106.694305460000066, -6.199382272999969, 0.0 ], [ 106.694230823000069, -6.199333690999936, 0.0 ], [ 106.694366738000042, -6.199124515999931, 0.0 ], [ 106.694231218000084, -6.199082480999954, 0.0 ], [ 106.694200055000067, -6.199056262999936, 0.0 ], [ 106.694119585000067, -6.198935701999972, 0.0 ], [ 106.694100222000088, -6.198860998999979, 0.0 ], [ 106.694080858000063, -6.198786295999988, 0.0 ], [ 106.69406796700008, -6.19869506699996, 0.0 ], [ 106.694119002000036, -6.198560172999969, 0.0 ], [ 106.694055077000087, -6.198603837999943, 0.0 ], [ 106.693954707000046, -6.198672396999934, 0.0 ], [ 106.693790411000066, -6.198784619999966, 0.0 ], [ 106.693727734000049, -6.198843478999946, 0.0 ], [ 106.693297033000078, -6.199247941999935, 0.0 ], [ 106.693232127000044, -6.19930098699995, 0.0 ], [ 106.693230984000081, -6.199301921999964, 0.0 ], [ 106.693044288000067, -6.199454500999932, 0.0 ], [ 106.692972439000087, -6.199493710999949, 0.0 ], [ 106.692936628000041, -6.199513253999954, 0.0 ], [ 106.692783847000044, -6.19959663199996, 0.0 ], [ 106.692623618000084, -6.199674035999974, 0.0 ], [ 106.69246499500008, -6.199713056999939, 0.0 ], [ 106.692342314000086, -6.199739313999938, 0.0 ], [ 106.692151847000062, -6.199780078999935, 0.0 ], [ 106.692093900000089, -6.19979247999993, 0.0 ], [ 106.691771933000041, -6.199878988999962, 0.0 ], [ 106.691697397000041, -6.199899014999965, 0.0 ], [ 106.69147294000004, -6.199981076999963, 0.0 ], [ 106.69146988500006, -6.19998277099995, 0.0 ], [ 106.691352877000043, -6.200047662999959, 0.0 ], [ 106.691280028000051, -6.200088061999955, 0.0 ], [ 106.691279933000047, -6.200088115999964, 0.0 ], [ 106.691276282000047, -6.20009014099997, 0.0 ], [ 106.691248388000076, -6.200105609999986, 0.0 ], [ 106.69119663500004, -6.200134309999955, 0.0 ], [ 106.691152188000046, -6.20015896099994, 0.0 ], [ 106.691142187000082, -6.200164507999947, 0.0 ], [ 106.691091116000052, -6.200192831999974, 0.0 ], [ 106.690823825000052, -6.200337231999986, 0.0 ], [ 106.690785683000058, -6.200354555999982, 0.0 ], [ 106.690537365000068, -6.200467339999936, 0.0 ], [ 106.690413223000078, -6.200520368999951, 0.0 ], [ 106.690193287000056, -6.200521071999962, 0.0 ], [ 106.68998470300005, -6.200468433999955, 0.0 ], [ 106.689878503000045, -6.200441633999949, 0.0 ], [ 106.68976262800004, -6.200412390999929, 0.0 ], [ 106.689639751000087, -6.200362212999952, 0.0 ], [ 106.689599854000051, -6.200345919999958, 0.0 ], [ 106.689585689000069, -6.200343879999934, 0.0 ], [ 106.689576372000033, -6.200320270999947, 0.0 ], [ 106.689537, -6.200259405999938, 0.0 ], [ 106.689519014000041, -6.200231600999935, 0.0 ], [ 106.689364612000077, -6.199992910999982, 0.0 ], [ 106.689360151000074, -6.199986014999981, 0.0 ], [ 106.689256776000036, -6.199804515999977, 0.0 ], [ 106.689240091000045, -6.199767888999927, 0.0 ], [ 106.689177332000042, -6.199630118999946, 0.0 ], [ 106.68916071600006, -6.199564888999937, 0.0 ], [ 106.689114698000097, -6.199384227999924, 0.0 ], [ 106.68910377900005, -6.199341363999958, 0.0 ], [ 106.689080775000036, -6.199251055999975, 0.0 ], [ 106.689078076000058, -6.19924046299997, 0.0 ], [ 106.689062119000084, -6.199175035999922, 0.0 ], [ 106.68904043200007, -6.199086104999926, 0.0 ], [ 106.68903441100008, -6.199061420999959, 0.0 ], [ 106.689319624000063, -6.199066035999973, 0.0 ], [ 106.689330863000066, -6.199066218999967, 0.0 ], [ 106.689362750000043, -6.199069519999973, 0.0 ], [ 106.689617832000067, -6.199095927999963, 0.0 ], [ 106.689732989000063, -6.199101321999929, 0.0 ], [ 106.689759170000059, -6.199102547999922, 0.0 ], [ 106.689847365000048, -6.199106678999946, 0.0 ], [ 106.690208926000082, -6.199138064999942, 0.0 ], [ 106.690329387000077, -6.199155280999944, 0.0 ], [ 106.690379217000043, -6.199162403999928, 0.0 ], [ 106.690464103000068, -6.199037338999968, 0.0 ], [ 106.690539324000042, -6.198926514999924, 0.0 ], [ 106.690630486000089, -6.198792203999968, 0.0 ], [ 106.690659289000067, -6.198754547999956, 0.0 ], [ 106.690683198000045, -6.198723303999948, 0.0 ], [ 106.690749126000071, -6.198637127999974, 0.0 ], [ 106.690795281000078, -6.198576797999971, 0.0 ], [ 106.69082766300005, -6.19853446999997, 0.0 ], [ 106.690860938000071, -6.198490974999974, 0.0 ], [ 106.690907186000061, -6.198444395999954, 0.0 ], [ 106.690963884000041, -6.198387291999957, 0.0 ], [ 106.691028423000034, -6.198324094999972, 0.0 ], [ 106.691040023000085, -6.198312735999936, 0.0 ], [ 106.691169789000071, -6.198185668999935, 0.0 ], [ 106.691218616000072, -6.19813687599998, 0.0 ], [ 106.691309407000062, -6.198046148999929, 0.0 ], [ 106.691411320000043, -6.197944305999962, 0.0 ], [ 106.691413811000075, -6.197941814999978, 0.0 ], [ 106.691403180000066, -6.197926100999955, 0.0 ], [ 106.691401651000035, -6.197923839999931, 0.0 ], [ 106.691396574000066, -6.197916334999941, 0.0 ], [ 106.691377181000064, -6.197887670999935, 0.0 ], [ 106.691263932000084, -6.197720272999961, 0.0 ], [ 106.691177328000038, -6.197550204999963, 0.0 ], [ 106.691158629000086, -6.197505166999967, 0.0 ], [ 106.691109873000073, -6.197387731999925, 0.0 ], [ 106.691106307000041, -6.197376631999925, 0.0 ], [ 106.69109833300007, -6.197351811999959, 0.0 ], [ 106.691064338000047, -6.197246003999973, 0.0 ], [ 106.691001426000071, -6.197050186999937, 0.0 ], [ 106.690988681000078, -6.197010517999952, 0.0 ], [ 106.690936026000088, -6.196846631999955, 0.0 ], [ 106.690837786000088, -6.196557997999948, 0.0 ], [ 106.690783403000069, -6.196398221999968, 0.0 ], [ 106.690762278000093, -6.196336154999921, 0.0 ], [ 106.690697128000068, -6.196134876999958, 0.0 ], [ 106.690635228000076, -6.195943645999938, 0.0 ], [ 106.690586514000074, -6.195793146999955, 0.0 ], [ 106.690562612000065, -6.195727911999934, 0.0 ], [ 106.690537980000045, -6.195660679999938, 0.0 ], [ 106.690695755000036, -6.195577657999936, 0.0 ], [ 106.690735592000067, -6.195556694999934, 0.0 ], [ 106.690757461000032, -6.195544193999985, 0.0 ], [ 106.69082817900005, -6.195503766999935, 0.0 ], [ 106.69084057300006, -6.195492242999928, 0.0 ], [ 106.690854264000052, -6.195445804999959, 0.0 ], [ 106.690859493000062, -6.195428064999922, 0.0 ], [ 106.690897326000083, -6.195296836999939, 0.0 ], [ 106.690903841000079, -6.195187727999945, 0.0 ], [ 106.690905195000084, -6.195165064999966, 0.0 ], [ 106.690909911000062, -6.195086096999951, 0.0 ], [ 106.690910691000056, -6.195073021999971, 0.0 ], [ 106.690912758000081, -6.195038399999936, 0.0 ], [ 106.690913717000058, -6.195021927999958, 0.0 ], [ 106.690923809000097, -6.194848682999969, 0.0 ], [ 106.690926389000083, -6.194804382999971, 0.0 ], [ 106.690929986000071, -6.19474263599995, 0.0 ], [ 106.690930341000069, -6.194738593999947, 0.0 ], [ 106.690955661000032, -6.194451160999968, 0.0 ], [ 106.690957896000043, -6.194425791999951, 0.0 ], [ 106.690963210000064, -6.194365476999963, 0.0 ], [ 106.690975262000052, -6.194151344999966, 0.0 ], [ 106.690975438000066, -6.194148209999982, 0.0 ], [ 106.690976785000032, -6.194124273999938, 0.0 ], [ 106.690982907000034, -6.194050612999951, 0.0 ], [ 106.691000731000088, -6.19383614499997, 0.0 ], [ 106.691001027000084, -6.193832323999962, 0.0 ], [ 106.691005994000079, -6.193768123999977, 0.0 ], [ 106.691008853000099, -6.193731188999947, 0.0 ], [ 106.691009916000041, -6.193717448999957, 0.0 ], [ 106.691012689000047, -6.193687772999967, 0.0 ], [ 106.691010710000057, -6.193666725999941, 0.0 ], [ 106.69100870300008, -6.193637064999955, 0.0 ], [ 106.691009192000081, -6.193586344999963, 0.0 ], [ 106.69100927900007, -6.193577374999959, 0.0 ], [ 106.691009422000036, -6.193562416999946, 0.0 ], [ 106.691016925000042, -6.19351645899997, 0.0 ], [ 106.691034868000088, -6.193445583999959, 0.0 ], [ 106.691072691000059, -6.193313707999955, 0.0 ], [ 106.691076348000081, -6.193300955999977, 0.0 ], [ 106.691083997000078, -6.193274281999946, 0.0 ], [ 106.691092559000083, -6.193244432999969, 0.0 ], [ 106.691129474000036, -6.19312564999996, 0.0 ], [ 106.691155115000072, -6.19307006199995, 0.0 ], [ 106.691170338000063, -6.193046088999953, 0.0 ], [ 106.691196985000033, -6.193005809999925, 0.0 ], [ 106.691260639000063, -6.192921129999937, 0.0 ], [ 106.691271258000086, -6.192907003999948, 0.0 ], [ 106.691281807000053, -6.19289405999996, 0.0 ], [ 106.691297451000096, -6.192874860999955, 0.0 ], [ 106.691323646000058, -6.192842718999949, 0.0 ], [ 106.691341777000048, -6.192831177999946, 0.0 ], [ 106.691355137000073, -6.192822521999974, 0.0 ], [ 106.691370415000051, -6.192815774999924, 0.0 ], [ 106.691391433000035, -6.192809964999977, 0.0 ], [ 106.691408630000069, -6.192805124999944, 0.0 ], [ 106.691428688000087, -6.192797404999973, 0.0 ], [ 106.691459243000054, -6.192783910999934, 0.0 ], [ 106.691476432000059, -6.192776199999972, 0.0 ], [ 106.691487873000099, -6.192765636999971, 0.0 ], [ 106.691547895000042, -6.192696541999969, 0.0 ], [ 106.691624071000035, -6.192617354999927, 0.0 ], [ 106.691640394000061, -6.192600386999977, 0.0 ], [ 106.691755667000052, -6.192480557999946, 0.0 ], [ 106.691774916000057, -6.192460884999942, 0.0 ], [ 106.691945922000073, -6.192286117999969, 0.0 ], [ 106.692012093000073, -6.19221848999996, 0.0 ], [ 106.692014919000087, -6.192215601999979, 0.0 ], [ 106.692039618000081, -6.192188257999931, 0.0 ], [ 106.692075469000088, -6.192148563999985, 0.0 ], [ 106.692230002000088, -6.191977474999928, 0.0 ], [ 106.692255043000046, -6.191949750999985, 0.0 ], [ 106.692316162000054, -6.19188044199995, 0.0 ], [ 106.692391292000082, -6.191795241999949, 0.0 ], [ 106.692399472000034, -6.191782846999951, 0.0 ], [ 106.692418530000054, -6.191753972999951, 0.0 ], [ 106.692469031000087, -6.191677459999931, 0.0 ], [ 106.692515243000059, -6.191607438999947, 0.0 ], [ 106.692524666000054, -6.191593162999931, 0.0 ], [ 106.692527377000033, -6.191589055999938, 0.0 ], [ 106.692577666000034, -6.191520118999958, 0.0 ], [ 106.692585455000085, -6.191509439999952, 0.0 ], [ 106.692603208000037, -6.191488492999945, 0.0 ], [ 106.692640141000084, -6.191444914999977, 0.0 ], [ 106.692661086000044, -6.191420198999926, 0.0 ], [ 106.692665421000072, -6.191415084999957, 0.0 ], [ 106.692685483000048, -6.19139141099993, 0.0 ], [ 106.692720295000072, -6.191341339999958, 0.0 ], [ 106.69275871800005, -6.191286072999957, 0.0 ], [ 106.692810178000059, -6.191212057999964, 0.0 ], [ 106.692833156000063, -6.191175980999955, 0.0 ], [ 106.692856798000037, -6.191138861999942, 0.0 ], [ 106.692878871000062, -6.191104207999953, 0.0 ], [ 106.692923702000087, -6.191033820999964, 0.0 ], [ 106.692950045000089, -6.190992460999943, 0.0 ], [ 106.692978774000039, -6.190945477999946, 0.0 ], [ 106.693093686000054, -6.190757541999964, 0.0 ], [ 106.693137549000085, -6.190692224999971, 0.0 ], [ 106.693249105000064, -6.190526106999926, 0.0 ], [ 106.693254052000043, -6.190518740999954, 0.0 ], [ 106.693267860000049, -6.19049588499996, 0.0 ], [ 106.693383040000072, -6.190305238999938, 0.0 ], [ 106.693423431000042, -6.190238382999945, 0.0 ], [ 106.693505172000087, -6.190103085999971, 0.0 ], [ 106.693525758000078, -6.190068930999924, 0.0 ], [ 106.693573659000037, -6.189989464999941, 0.0 ], [ 106.693578110000033, -6.189975198999938, 0.0 ], [ 106.693582177000053, -6.189962163999956, 0.0 ], [ 106.693586393000032, -6.189934875999946, 0.0 ], [ 106.693591998000045, -6.189893227999961, 0.0 ], [ 106.693593599000053, -6.189831595999983, 0.0 ], [ 106.693594946000076, -6.189779759999968, 0.0 ], [ 106.693597108000063, -6.189696551999928, 0.0 ], [ 106.693582291000041, -6.189569868999961, 0.0 ], [ 106.693555822000064, -6.18934355599992, 0.0 ], [ 106.693548724000038, -6.18930159099995, 0.0 ], [ 106.693539324000085, -6.189246020999972, 0.0 ], [ 106.693503677000081, -6.189035277999943, 0.0 ], [ 106.693502413000033, -6.189027803999981, 0.0 ], [ 106.69349621200007, -6.18899114699996, 0.0 ], [ 106.69349442500004, -6.188980574999963, 0.0 ], [ 106.693478940000034, -6.188880925999965, 0.0 ], [ 106.693432359000042, -6.188581161999942, 0.0 ], [ 106.693429992000077, -6.188565927999949, 0.0 ], [ 106.693386273000044, -6.188182197999929, 0.0 ], [ 106.693383758000039, -6.188160131999951, 0.0 ], [ 106.693374980000044, -6.188082180999967, 0.0 ], [ 106.693367122000041, -6.188012393999934, 0.0 ], [ 106.693362586000035, -6.187972110999961, 0.0 ], [ 106.693362094000065, -6.187967743999941, 0.0 ], [ 106.693361063000054, -6.187960554999962, 0.0 ], [ 106.693360738000081, -6.187958300999978, 0.0 ], [ 106.693360048000045, -6.187953496999976, 0.0 ], [ 106.693357132000074, -6.187933190999957, 0.0 ], [ 106.693354013000032, -6.187911477999939, 0.0 ], [ 106.693353526000067, -6.18790808199997, 0.0 ], [ 106.69335277600004, -6.187902868999978, 0.0 ], [ 106.693343636000066, -6.18783922099994, 0.0 ], [ 106.693341540000063, -6.187825005999962, 0.0 ], [ 106.693331630000046, -6.187757808999939, 0.0 ], [ 106.693327914000065, -6.187732608999958, 0.0 ], [ 106.693305137000053, -6.18757815099996, 0.0 ], [ 106.693302588000051, -6.187560868999988, 0.0 ], [ 106.693298071000072, -6.187493415999938, 0.0 ], [ 106.693295075000037, -6.187383503999969, 0.0 ], [ 106.693294823000087, -6.187374280999966, 0.0 ], [ 106.693271006000089, -6.187127033999954, 0.0 ], [ 106.693256256000041, -6.186973904999945, 0.0 ], [ 106.693255632000046, -6.186967341999942, 0.0 ], [ 106.693242900000101, -6.18683326999997, 0.0 ], [ 106.693259082000054, -6.186749537999959, 0.0 ], [ 106.693259832000081, -6.186745652999951, 0.0 ], [ 106.693319828000085, -6.186750635999938, 0.0 ], [ 106.693334911000079, -6.186751888999944, 0.0 ], [ 106.693426260000081, -6.186759476999951, 0.0 ], [ 106.693565182000043, -6.186734389999973, 0.0 ], [ 106.693803990000049, -6.186657068999976, 0.0 ], [ 106.693961553000065, -6.186589578999921, 0.0 ], [ 106.694170889000077, -6.186490658999952, 0.0 ], [ 106.694552583000075, -6.186240626999965, 0.0 ], [ 106.695086993000075, -6.185903976999958, 0.0 ], [ 106.695630966000067, -6.18556729499994, 0.0 ], [ 106.695738074000076, -6.18551246699996, 0.0 ], [ 106.695950777000064, -6.185403585999943, 0.0 ], [ 106.696038623000049, -6.185338058999942, 0.0 ], [ 106.696294061000074, -6.185147518999932, 0.0 ], [ 106.696417957000065, -6.185055100999926, 0.0 ], [ 106.696446832000049, -6.185033561999946, 0.0 ], [ 106.696860223000044, -6.184809780999952, 0.0 ], [ 106.696895672000039, -6.184789307999952, 0.0 ], [ 106.697826613000075, -6.184251641999933, 0.0 ], [ 106.697953222000081, -6.184214807999987, 0.0 ], [ 106.698051115000055, -6.184186327999944, 0.0 ], [ 106.698287762000064, -6.184180786999945, 0.0 ], [ 106.698926517000075, -6.184331861999965, 0.0 ], [ 106.699314110000046, -6.184433497999973, 0.0 ], [ 106.700185014000056, -6.18466756499993, 0.0 ], [ 106.700414700000067, -6.184741856999953, 0.0 ], [ 106.70045514800006, -6.184754940999937, 0.0 ], [ 106.700668402000076, -6.184823919999936, 0.0 ], [ 106.701173605000065, -6.185073509999935, 0.0 ], [ 106.701233545000036, -6.18511029699994, 0.0 ], [ 106.701499358000035, -6.185273432999968, 0.0 ], [ 106.701621402000072, -6.185369357999944, 0.0 ], [ 106.701854049000076, -6.185552213999918, 0.0 ], [ 106.702153273000079, -6.185865874999935, 0.0 ], [ 106.702208441000039, -6.185923703999944, 0.0 ], [ 106.702447924000069, -6.186111135999957, 0.0 ], [ 106.702476232000038, -6.186133290999972, 0.0 ], [ 106.702234988000043, -6.186303587999935, 0.0 ], [ 106.701970306000078, -6.186512579999935, 0.0 ] ] ] ] } },
{ "type": "Feature", "properties": { "OBJECTID": 83555, "NAMOBJ": "Kenanga", "FCODE": "BA03080040", "REMARK": " ", "METADATA": "TASWIL1000020221227_DATA_BATAS_DESAKELURAHAN", "SRS_ID": "SRGI 2013", "KDBBPS": " ", "KDCBPS": " ", "KDCPUM": "36.71.05", "KDEBPS": " ", "KDEPUM": "36.71.05.1005", "KDPBPS": " ", "KDPKAB": "36.71", "KDPPUM": "36", "LUASWH": 0.0, "TIPADM": 2, "WADMKC": "Cipondoh", "WADMKD": "Kenanga", "WADMKK": "Kota Tangerang", "WADMPR": "Banten", "WIADKC": " ", "WIADKK": " ", "WIADPR": " ", "WIADKD": " ", "UUPP": " ", "luas": null, "SHAPE_Length": 0.064794051453019863, "SHAPE_Area": 0.00013425764419900963 }, "geometry": { "type": "MultiPolygon", "coordinates": [ [ [ [ 106.690893869000035, -6.185007165999927, 0.0 ], [ 106.691094777000046, -6.18503954399995, 0.0 ], [ 106.691430632000049, -6.185108812999948, 0.0 ], [ 106.691665739000086, -6.185171209999957, 0.0 ], [ 106.691778033000048, -6.18520101299992, 0.0 ], [ 106.691776946000061, -6.185213660999972, 0.0 ], [ 106.691773161000071, -6.185257775999954, 0.0 ], [ 106.691766295000036, -6.185337753999938, 0.0 ], [ 106.691977328000064, -6.185356875999964, 0.0 ], [ 106.692040887000076, -6.185362634999938, 0.0 ], [ 106.692039460000046, -6.185371940999966, 0.0 ], [ 106.692034296000088, -6.185500211999961, 0.0 ], [ 106.692252642000099, -6.185506467999973, 0.0 ], [ 106.692349878000073, -6.185509254999948, 0.0 ], [ 106.692403101000082, -6.185516222999972, 0.0 ], [ 106.692514792000054, -6.185530849999958, 0.0 ], [ 106.692544952000048, -6.185534798999982, 0.0 ], [ 106.692597856000077, -6.185541724999959, 0.0 ], [ 106.692606729000033, -6.185542887999924, 0.0 ], [ 106.692754552000054, -6.185569691999942, 0.0 ], [ 106.692766672000062, -6.185573601999981, 0.0 ], [ 106.692836887000055, -6.185596250999944, 0.0 ], [ 106.692882338000061, -6.185610912999953, 0.0 ], [ 106.692917801000078, -6.185637115999953, 0.0 ], [ 106.692950883000037, -6.185665719999969, 0.0 ], [ 106.692981081000084, -6.18569002799996, 0.0 ], [ 106.693012681000084, -6.185704281999959, 0.0 ], [ 106.693163445000039, -6.18575404399997, 0.0 ], [ 106.693347161000077, -6.185792215999921, 0.0 ], [ 106.693394868000041, -6.185808691999961, 0.0 ], [ 106.693422750000082, -6.18581761999996, 0.0 ], [ 106.69351382800005, -6.185846790999953, 0.0 ], [ 106.693881802000078, -6.185792981999948, 0.0 ], [ 106.694170889000077, -6.186490658999952, 0.0 ], [ 106.693961553000065, -6.186589578999921, 0.0 ], [ 106.693803990000049, -6.186657068999976, 0.0 ], [ 106.693565182000043, -6.186734389999973, 0.0 ], [ 106.693426260000081, -6.186759476999951, 0.0 ], [ 106.693334911000079, -6.186751888999944, 0.0 ], [ 106.693319828000085, -6.186750635999938, 0.0 ], [ 106.693259832000081, -6.186745652999951, 0.0 ], [ 106.693259082000054, -6.186749537999959, 0.0 ], [ 106.693242900000101, -6.18683326999997, 0.0 ], [ 106.693255632000046, -6.186967341999942, 0.0 ], [ 106.693256256000041, -6.186973904999945, 0.0 ], [ 106.693271006000089, -6.187127033999954, 0.0 ], [ 106.693294823000087, -6.187374280999966, 0.0 ], [ 106.693295075000037, -6.187383503999969, 0.0 ], [ 106.693298071000072, -6.187493415999938, 0.0 ], [ 106.693302588000051, -6.187560868999988, 0.0 ], [ 106.693305137000053, -6.18757815099996, 0.0 ], [ 106.693327914000065, -6.187732608999958, 0.0 ], [ 106.693331630000046, -6.187757808999939, 0.0 ], [ 106.693341540000063, -6.187825005999962, 0.0 ], [ 106.693343636000066, -6.18783922099994, 0.0 ], [ 106.69335277600004, -6.187902868999978, 0.0 ], [ 106.693353526000067, -6.18790808199997, 0.0 ], [ 106.693354013000032, -6.187911477999939, 0.0 ], [ 106.693357132000074, -6.187933190999957, 0.0 ], [ 106.693360048000045, -6.187953496999976, 0.0 ], [ 106.693360738000081, -6.187958300999978, 0.0 ], [ 106.693361063000054, -6.187960554999962, 0.0 ], [ 106.693362094000065, -6.187967743999941, 0.0 ], [ 106.693362586000035, -6.187972110999961, 0.0 ], [ 106.693367122000041, -6.188012393999934, 0.0 ], [ 106.693374980000044, -6.188082180999967, 0.0 ], [ 106.693383758000039, -6.188160131999951, 0.0 ], [ 106.693386273000044, -6.188182197999929, 0.0 ], [ 106.693429992000077, -6.188565927999949, 0.0 ], [ 106.693432359000042, -6.188581161999942, 0.0 ], [ 106.693478940000034, -6.188880925999965, 0.0 ], [ 106.69349442500004, -6.188980574999963, 0.0 ], [ 106.69349621200007, -6.18899114699996, 0.0 ], [ 106.693502413000033, -6.189027803999981, 0.0 ], [ 106.693503677000081, -6.189035277999943, 0.0 ], [ 106.693539324000085, -6.189246020999972, 0.0 ], [ 106.693548724000038, -6.18930159099995, 0.0 ], [ 106.693555822000064, -6.18934355599992, 0.0 ], [ 106.693582291000041, -6.189569868999961, 0.0 ], [ 106.693597108000063, -6.189696551999928, 0.0 ], [ 106.693594946000076, -6.189779759999968, 0.0 ], [ 106.693593599000053, -6.189831595999983, 0.0 ], [ 106.693591998000045, -6.189893227999961, 0.0 ], [ 106.693586393000032, -6.189934875999946, 0.0 ], [ 106.693582177000053, -6.189962163999956, 0.0 ], [ 106.693578110000033, -6.189975198999938, 0.0 ], [ 106.693573659000037, -6.189989464999941, 0.0 ], [ 106.693525758000078, -6.190068930999924, 0.0 ], [ 106.693505172000087, -6.190103085999971, 0.0 ], [ 106.693423431000042, -6.190238382999945, 0.0 ], [ 106.693383040000072, -6.190305238999938, 0.0 ], [ 106.693267860000049, -6.19049588499996, 0.0 ], [ 106.693254052000043, -6.190518740999954, 0.0 ], [ 106.693249105000064, -6.190526106999926, 0.0 ], [ 106.693137549000085, -6.190692224999971, 0.0 ], [ 106.693093686000054, -6.190757541999964, 0.0 ], [ 106.692978774000039, -6.190945477999946, 0.0 ], [ 106.692950045000089, -6.190992460999943, 0.0 ], [ 106.692923702000087, -6.191033820999964, 0.0 ], [ 106.692878871000062, -6.191104207999953, 0.0 ], [ 106.692856798000037, -6.191138861999942, 0.0 ], [ 106.692833156000063, -6.191175980999955, 0.0 ], [ 106.692810178000059, -6.191212057999964, 0.0 ], [ 106.69275871800005, -6.191286072999957, 0.0 ], [ 106.692720295000072, -6.191341339999958, 0.0 ], [ 106.692685483000048, -6.19139141099993, 0.0 ], [ 106.692665421000072, -6.191415084999957, 0.0 ], [ 106.692661086000044, -6.191420198999926, 0.0 ], [ 106.692640141000084, -6.191444914999977, 0.0 ], [ 106.692603208000037, -6.191488492999945, 0.0 ], [ 106.692585455000085, -6.191509439999952, 0.0 ], [ 106.692577666000034, -6.191520118999958, 0.0 ], [ 106.692527377000033, -6.191589055999938, 0.0 ], [ 106.692524666000054, -6.191593162999931, 0.0 ], [ 106.692515243000059, -6.191607438999947, 0.0 ], [ 106.692469031000087, -6.191677459999931, 0.0 ], [ 106.692418530000054, -6.191753972999951, 0.0 ], [ 106.692399472000034, -6.191782846999951, 0.0 ], [ 106.692391292000082, -6.191795241999949, 0.0 ], [ 106.692316162000054, -6.19188044199995, 0.0 ], [ 106.692255043000046, -6.191949750999985, 0.0 ], [ 106.692230002000088, -6.191977474999928, 0.0 ], [ 106.692075469000088, -6.192148563999985, 0.0 ], [ 106.692039618000081, -6.192188257999931, 0.0 ], [ 106.692014919000087, -6.192215601999979, 0.0 ], [ 106.692012093000073, -6.19221848999996, 0.0 ], [ 106.691945922000073, -6.192286117999969, 0.0 ], [ 106.691774916000057, -6.192460884999942, 0.0 ], [ 106.691755667000052, -6.192480557999946, 0.0 ], [ 106.691640394000061, -6.192600386999977, 0.0 ], [ 106.691624071000035, -6.192617354999927, 0.0 ], [ 106.691547895000042, -6.192696541999969, 0.0 ], [ 106.691487873000099, -6.192765636999971, 0.0 ], [ 106.691476432000059, -6.192776199999972, 0.0 ], [ 106.691459243000054, -6.192783910999934, 0.0 ], [ 106.691428688000087, -6.192797404999973, 0.0 ], [ 106.691408630000069, -6.192805124999944, 0.0 ], [ 106.691391433000035, -6.192809964999977, 0.0 ], [ 106.691370415000051, -6.192815774999924, 0.0 ], [ 106.691355137000073, -6.192822521999974, 0.0 ], [ 106.691341777000048, -6.192831177999946, 0.0 ], [ 106.691323646000058, -6.192842718999949, 0.0 ], [ 106.691297451000096, -6.192874860999955, 0.0 ], [ 106.691281807000053, -6.19289405999996, 0.0 ], [ 106.691271258000086, -6.192907003999948, 0.0 ], [ 106.691260639000063, -6.192921129999937, 0.0 ], [ 106.691196985000033, -6.193005809999925, 0.0 ], [ 106.691170338000063, -6.193046088999953, 0.0 ], [ 106.691155115000072, -6.19307006199995, 0.0 ], [ 106.691129474000036, -6.19312564999996, 0.0 ], [ 106.691092559000083, -6.193244432999969, 0.0 ], [ 106.691083997000078, -6.193274281999946, 0.0 ], [ 106.691076348000081, -6.193300955999977, 0.0 ], [ 106.691072691000059, -6.193313707999955, 0.0 ], [ 106.691034868000088, -6.193445583999959, 0.0 ], [ 106.691016925000042, -6.19351645899997, 0.0 ], [ 106.691009422000036, -6.193562416999946, 0.0 ], [ 106.69100927900007, -6.193577374999959, 0.0 ], [ 106.691009192000081, -6.193586344999963, 0.0 ], [ 106.69100870300008, -6.193637064999955, 0.0 ], [ 106.691010710000057, -6.193666725999941, 0.0 ], [ 106.691012689000047, -6.193687772999967, 0.0 ], [ 106.691009916000041, -6.193717448999957, 0.0 ], [ 106.691008853000099, -6.193731188999947, 0.0 ], [ 106.691005994000079, -6.193768123999977, 0.0 ], [ 106.691001027000084, -6.193832323999962, 0.0 ], [ 106.691000731000088, -6.19383614499997, 0.0 ], [ 106.690982907000034, -6.194050612999951, 0.0 ], [ 106.690976785000032, -6.194124273999938, 0.0 ], [ 106.690975438000066, -6.194148209999982, 0.0 ], [ 106.690975262000052, -6.194151344999966, 0.0 ], [ 106.690963210000064, -6.194365476999963, 0.0 ], [ 106.690957896000043, -6.194425791999951, 0.0 ], [ 106.690955661000032, -6.194451160999968, 0.0 ], [ 106.690930341000069, -6.194738593999947, 0.0 ], [ 106.690929986000071, -6.19474263599995, 0.0 ], [ 106.690926389000083, -6.194804382999971, 0.0 ], [ 106.690923809000097, -6.194848682999969, 0.0 ], [ 106.690913717000058, -6.195021927999958, 0.0 ], [ 106.690912758000081, -6.195038399999936, 0.0 ], [ 106.690910691000056, -6.195073021999971, 0.0 ], [ 106.690909911000062, -6.195086096999951, 0.0 ], [ 106.690905195000084, -6.195165064999966, 0.0 ], [ 106.690903841000079, -6.195187727999945, 0.0 ], [ 106.690897326000083, -6.195296836999939, 0.0 ], [ 106.690859493000062, -6.195428064999922, 0.0 ], [ 106.690854264000052, -6.195445804999959, 0.0 ], [ 106.69084057300006, -6.195492242999928, 0.0 ], [ 106.69082817900005, -6.195503766999935, 0.0 ], [ 106.690757461000032, -6.195544193999985, 0.0 ], [ 106.690735592000067, -6.195556694999934, 0.0 ], [ 106.690695755000036, -6.195577657999936, 0.0 ], [ 106.690537980000045, -6.195660679999938, 0.0 ], [ 106.690562612000065, -6.195727911999934, 0.0 ], [ 106.690586514000074, -6.195793146999955, 0.0 ], [ 106.690635228000076, -6.195943645999938, 0.0 ], [ 106.690697128000068, -6.196134876999958, 0.0 ], [ 106.690762278000093, -6.196336154999921, 0.0 ], [ 106.690783403000069, -6.196398221999968, 0.0 ], [ 106.690837786000088, -6.196557997999948, 0.0 ], [ 106.690936026000088, -6.196846631999955, 0.0 ], [ 106.690988681000078, -6.197010517999952, 0.0 ], [ 106.691001426000071, -6.197050186999937, 0.0 ], [ 106.691064338000047, -6.197246003999973, 0.0 ], [ 106.69109833300007, -6.197351811999959, 0.0 ], [ 106.691106307000041, -6.197376631999925, 0.0 ], [ 106.691109873000073, -6.197387731999925, 0.0 ], [ 106.691158629000086, -6.197505166999967, 0.0 ], [ 106.691177328000038, -6.197550204999963, 0.0 ], [ 106.691263932000084, -6.197720272999961, 0.0 ], [ 106.691377181000064, -6.197887670999935, 0.0 ], [ 106.691396574000066, -6.197916334999941, 0.0 ], [ 106.691401651000035, -6.197923839999931, 0.0 ], [ 106.691403180000066, -6.197926100999955, 0.0 ], [ 106.691413811000075, -6.197941814999978, 0.0 ], [ 106.691411320000043, -6.197944305999962, 0.0 ], [ 106.691309407000062, -6.198046148999929, 0.0 ], [ 106.691218616000072, -6.19813687599998, 0.0 ], [ 106.691169789000071, -6.198185668999935, 0.0 ], [ 106.691040023000085, -6.198312735999936, 0.0 ], [ 106.691028423000034, -6.198324094999972, 0.0 ], [ 106.690963884000041, -6.198387291999957, 0.0 ], [ 106.690907186000061, -6.198444395999954, 0.0 ], [ 106.690860938000071, -6.198490974999974, 0.0 ], [ 106.69082766300005, -6.19853446999997, 0.0 ], [ 106.690795281000078, -6.198576797999971, 0.0 ], [ 106.690749126000071, -6.198637127999974, 0.0 ], [ 106.690683198000045, -6.198723303999948, 0.0 ], [ 106.690659289000067, -6.198754547999956, 0.0 ], [ 106.690630486000089, -6.198792203999968, 0.0 ], [ 106.690539324000042, -6.198926514999924, 0.0 ], [ 106.690464103000068, -6.199037338999968, 0.0 ], [ 106.690379217000043, -6.199162403999928, 0.0 ], [ 106.690329387000077, -6.199155280999944, 0.0 ], [ 106.690208926000082, -6.199138064999942, 0.0 ], [ 106.689847365000048, -6.199106678999946, 0.0 ], [ 106.689759170000059, -6.199102547999922, 0.0 ], [ 106.689732989000063, -6.199101321999929, 0.0 ], [ 106.689617832000067, -6.199095927999963, 0.0 ], [ 106.689362750000043, -6.199069519999973, 0.0 ], [ 106.689330863000066, -6.199066218999967, 0.0 ], [ 106.689319624000063, -6.199066035999973, 0.0 ], [ 106.68903441100008, -6.199061420999959, 0.0 ], [ 106.68904043200007, -6.199086104999926, 0.0 ], [ 106.689062119000084, -6.199175035999922, 0.0 ], [ 106.689078076000058, -6.19924046299997, 0.0 ], [ 106.689080775000036, -6.199251055999975, 0.0 ], [ 106.68910377900005, -6.199341363999958, 0.0 ], [ 106.689114698000097, -6.199384227999924, 0.0 ], [ 106.68916071600006, -6.199564888999937, 0.0 ], [ 106.689177332000042, -6.199630118999946, 0.0 ], [ 106.689240091000045, -6.199767888999927, 0.0 ], [ 106.689256776000036, -6.199804515999977, 0.0 ], [ 106.689360151000074, -6.199986014999981, 0.0 ], [ 106.689364612000077, -6.199992910999982, 0.0 ], [ 106.689519014000041, -6.200231600999935, 0.0 ], [ 106.689537, -6.200259405999938, 0.0 ], [ 106.689576372000033, -6.200320270999947, 0.0 ], [ 106.689585689000069, -6.200343879999934, 0.0 ], [ 106.689598062000073, -6.200375228999977, 0.0 ], [ 106.689542068000037, -6.200659153999939, 0.0 ], [ 106.689456040000053, -6.200669476999956, 0.0 ], [ 106.689350941000043, -6.20068150299995, 0.0 ], [ 106.689326993000066, -6.200684242999958, 0.0 ], [ 106.689232379000089, -6.200701770999954, 0.0 ], [ 106.688990150000052, -6.200758526999946, 0.0 ], [ 106.688967128000073, -6.200763958999976, 0.0 ], [ 106.688459829000067, -6.200883666999964, 0.0 ], [ 106.688373469000055, -6.200677084999941, 0.0 ], [ 106.688342756000054, -6.200603618999939, 0.0 ], [ 106.688336973000048, -6.200589784999974, 0.0 ], [ 106.688263076000055, -6.200356035999965, 0.0 ], [ 106.688260670000034, -6.200348644999967, 0.0 ], [ 106.688235447000068, -6.200271130999973, 0.0 ], [ 106.688193546000036, -6.200142370999973, 0.0 ], [ 106.688154764000046, -6.200140750999931, 0.0 ], [ 106.687938194000083, -6.200131699999937, 0.0 ], [ 106.68793456700007, -6.199893422999927, 0.0 ], [ 106.68763051500008, -6.199904439999953, 0.0 ], [ 106.687612546000082, -6.199666205999966, 0.0 ], [ 106.687269811000078, -6.199691699999959, 0.0 ], [ 106.687244458000066, -6.199838199999921, 0.0 ], [ 106.687146958000085, -6.19984999499997, 0.0 ], [ 106.68713874000008, -6.19997203799994, 0.0 ], [ 106.68713598100004, -6.200006497999932, 0.0 ], [ 106.687124582000081, -6.200030937999935, 0.0 ], [ 106.687108864000038, -6.200049648999935, 0.0 ], [ 106.687081689000081, -6.200074137999936, 0.0 ], [ 106.687067391000085, -6.200088537999931, 0.0 ], [ 106.687055265000083, -6.200265074999946, 0.0 ], [ 106.687053682000055, -6.200288114999979, 0.0 ], [ 106.686517223000067, -6.200285515999947, 0.0 ], [ 106.686517253000034, -6.200285971999959, 0.0 ], [ 106.686543263000047, -6.200604166999943, 0.0 ], [ 106.686544080000033, -6.200614154999923, 0.0 ], [ 106.686773389000052, -6.200640165999979, 0.0 ], [ 106.686777967000069, -6.200640684999943, 0.0 ], [ 106.686781111000073, -6.200658547999968, 0.0 ], [ 106.68679841800008, -6.200756894999924, 0.0 ], [ 106.686748985000065, -6.200863788999918, 0.0 ], [ 106.686748485000066, -6.200864870999968, 0.0 ], [ 106.686718641000084, -6.200929405999941, 0.0 ], [ 106.686728333000076, -6.200992074999935, 0.0 ], [ 106.68676989800008, -6.201260840999963, 0.0 ], [ 106.68649070400005, -6.201421066999963, 0.0 ], [ 106.686368855000069, -6.201444423999924, 0.0 ], [ 106.686287084000071, -6.201440377999976, 0.0 ], [ 106.685817253000039, -6.201245897999974, 0.0 ], [ 106.685757100000046, -6.201220997999949, 0.0 ], [ 106.68568500400005, -6.201193774999974, 0.0 ], [ 106.685570185000074, -6.201150418999932, 0.0 ], [ 106.685455518000083, -6.201107118999976, 0.0 ], [ 106.68492460300007, -6.201045646999941, 0.0 ], [ 106.684896495000032, -6.201046998999978, 0.0 ], [ 106.684700875000033, -6.201056406999955, 0.0 ], [ 106.684175486000072, -6.20109211999994, 0.0 ], [ 106.684161783000036, -6.201093050999926, 0.0 ], [ 106.683983952000062, -6.20110318599995, 0.0 ], [ 106.683616323000095, -6.20113778299998, 0.0 ], [ 106.68358978100008, -6.201140281999924, 0.0 ], [ 106.68360421400007, -6.201072809999965, 0.0 ], [ 106.683627472000069, -6.200964075999939, 0.0 ], [ 106.683654948000083, -6.200819914999959, 0.0 ], [ 106.683667691000053, -6.200753053999965, 0.0 ], [ 106.683676383000034, -6.200707447999941, 0.0 ], [ 106.683620460000043, -6.200687404999937, 0.0 ], [ 106.683586393000041, -6.200675194999969, 0.0 ], [ 106.68357801500008, -6.200671750999959, 0.0 ], [ 106.683507878000057, -6.20064290799997, 0.0 ], [ 106.683485205000068, -6.200628172999931, 0.0 ], [ 106.683464239000045, -6.200614549999956, 0.0 ], [ 106.683458050000084, -6.200610527999973, 0.0 ], [ 106.683369991000077, -6.200584011999981, 0.0 ], [ 106.683103365000079, -6.200521070999966, 0.0 ], [ 106.682969978000074, -6.200489583999965, 0.0 ], [ 106.682656070000064, -6.200408277999936, 0.0 ], [ 106.682372548000046, -6.200337371999982, 0.0 ], [ 106.682371065000041, -6.200337, 0.0 ], [ 106.682368301000054, -6.200336308999961, 0.0 ], [ 106.682355898000097, -6.200333207999955, 0.0 ], [ 106.682217759000082, -6.200298659999928, 0.0 ], [ 106.682077931000052, -6.200266051999968, 0.0 ], [ 106.681652499000066, -6.200166841999935, 0.0 ], [ 106.681586164000066, -6.200151373999977, 0.0 ], [ 106.680987101000085, -6.200009723999924, 0.0 ], [ 106.680929516000049, -6.199996860999939, 0.0 ], [ 106.680638500000043, -6.199931856999963, 0.0 ], [ 106.680325505000042, -6.199861941999929, 0.0 ], [ 106.68032966800007, -6.199720717999976, 0.0 ], [ 106.680331981000052, -6.199642290999983, 0.0 ], [ 106.680330051000055, -6.199485829999949, 0.0 ], [ 106.680320103000042, -6.199484503999939, 0.0 ], [ 106.680298482000069, -6.199481623999923, 0.0 ], [ 106.680294591000077, -6.199158650999954, 0.0 ], [ 106.680264008000051, -6.199156232999943, 0.0 ], [ 106.680194055000072, -6.199150701999944, 0.0 ], [ 106.680189855000052, -6.199150368999932, 0.0 ], [ 106.680193044000077, -6.198798665999955, 0.0 ], [ 106.68020782800005, -6.198484245999956, 0.0 ], [ 106.680210224000064, -6.198469326999947, 0.0 ], [ 106.680221894000056, -6.198396636999974, 0.0 ], [ 106.680224408000086, -6.198378627999948, 0.0 ], [ 106.680242932000056, -6.198245843999927, 0.0 ], [ 106.68026093900005, -6.198182968999957, 0.0 ], [ 106.680292351000048, -6.198073287999935, 0.0 ], [ 106.680295504000071, -6.198062278999938, 0.0 ], [ 106.680328518000067, -6.197947, 0.0 ], [ 106.680337985000051, -6.197913944999931, 0.0 ], [ 106.680305515000043, -6.19790164299997, 0.0 ], [ 106.680225252000071, -6.197871236999959, 0.0 ], [ 106.679851863000067, -6.19772887199997, 0.0 ], [ 106.679784452000035, -6.197696607999948, 0.0 ], [ 106.67977141700004, -6.197690367999941, 0.0 ], [ 106.679776571000048, -6.197674228999969, 0.0 ], [ 106.679796425000063, -6.197612054999981, 0.0 ], [ 106.679801243000043, -6.197596967999972, 0.0 ], [ 106.679858032000084, -6.197411608999967, 0.0 ], [ 106.679861999000082, -6.197399575999952, 0.0 ], [ 106.67988603100008, -6.197326651999961, 0.0 ], [ 106.679894971000067, -6.197299523999957, 0.0 ], [ 106.679946099000063, -6.19713858699993, 0.0 ], [ 106.679950630000064, -6.197089056999968, 0.0 ], [ 106.679952266000043, -6.197071165999937, 0.0 ], [ 106.679952339000067, -6.197070382999919, 0.0 ], [ 106.679955334000056, -6.197037639999967, 0.0 ], [ 106.679958578000083, -6.197002175999959, 0.0 ], [ 106.679959410000052, -6.197002252999929, 0.0 ], [ 106.679986022000037, -6.197004685999962, 0.0 ], [ 106.680012898000086, -6.197007145999982, 0.0 ], [ 106.680064752000092, -6.197011888999945, 0.0 ], [ 106.680066104000048, -6.196986045999945, 0.0 ], [ 106.680152192000037, -6.19699438599997, 0.0 ], [ 106.680153478000079, -6.196947008999937, 0.0 ], [ 106.680200811000077, -6.196946858999983, 0.0 ], [ 106.68020503200006, -6.196921006999967, 0.0 ], [ 106.6803169760001, -6.19694074899996, 0.0 ], [ 106.680335205000063, -6.196808627999926, 0.0 ], [ 106.680306518000066, -6.196808718999938, 0.0 ], [ 106.68032061100007, -6.196729721999921, 0.0 ], [ 106.68034582100006, -6.196537286999948, 0.0 ], [ 106.680371630000081, -6.196534333999978, 0.0 ], [ 106.680379152000057, -6.19645826099998, 0.0 ], [ 106.680364808000036, -6.196458305999948, 0.0 ], [ 106.680365418000065, -6.196430675999974, 0.0 ], [ 106.680377779000082, -6.196319974999946, 0.0 ], [ 106.680378350000069, -6.196314868999937, 0.0 ], [ 106.680380296000067, -6.196297446999949, 0.0 ], [ 106.680402706000052, -6.196127031999938, 0.0 ], [ 106.680433591000067, -6.195914481999979, 0.0 ], [ 106.680536904000064, -6.195926594999953, 0.0 ], [ 106.680572791000088, -6.195784845999983, 0.0 ], [ 106.680507757000044, -6.195754468999946, 0.0 ], [ 106.680475111000078, -6.195739220999941, 0.0 ], [ 106.680384759000049, -6.195701528999955, 0.0 ], [ 106.680372658000067, -6.195696480999968, 0.0 ], [ 106.680286451000086, -6.195650817999928, 0.0 ], [ 106.680279357000074, -6.195646280999941, 0.0 ], [ 106.680243176000033, -6.195623140999938, 0.0 ], [ 106.680189674000076, -6.195588918999925, 0.0 ], [ 106.680282976000058, -6.195459430999959, 0.0 ], [ 106.680356249000056, -6.195346272999919, 0.0 ], [ 106.680409589000078, -6.195280071999949, 0.0 ], [ 106.680409477000069, -6.195244663999972, 0.0 ], [ 106.680416135000087, -6.195233158999941, 0.0 ], [ 106.680502048000065, -6.195185993999923, 0.0 ], [ 106.680476059000057, -6.195132483999938, 0.0 ], [ 106.68043853000006, -6.195057956999966, 0.0 ], [ 106.680449875000079, -6.195016769999938, 0.0 ], [ 106.680474770000046, -6.194951297999983, 0.0 ], [ 106.680473303000042, -6.194940407999982, 0.0 ], [ 106.680456735000064, -6.194897894999944, 0.0 ], [ 106.680446878000055, -6.194873453999953, 0.0 ], [ 106.680361388000065, -6.19477939899997, 0.0 ], [ 106.680144613000039, -6.194569545999964, 0.0 ], [ 106.680292256000087, -6.194387250999971, 0.0 ], [ 106.680177264000065, -6.194311054999955, 0.0 ], [ 106.680229087000043, -6.194255791999974, 0.0 ], [ 106.680242070000077, -6.194241946999961, 0.0 ], [ 106.680397822000089, -6.194073013999962, 0.0 ], [ 106.680403123000076, -6.194067262999962, 0.0 ], [ 106.680472562000034, -6.19413003899995, 0.0 ], [ 106.680550807000103, -6.194200774999961, 0.0 ], [ 106.680572425000051, -6.19418112599994, 0.0 ], [ 106.680589901000076, -6.194165242999933, 0.0 ], [ 106.680591095000068, -6.194166379999952, 0.0 ], [ 106.680612920000044, -6.194187179999966, 0.0 ], [ 106.680632192000076, -6.19416576099996, 0.0 ], [ 106.680723456000067, -6.194064334999945, 0.0 ], [ 106.680779240000064, -6.193997039999939, 0.0 ], [ 106.680805379000063, -6.193965504999944, 0.0 ], [ 106.680877838000086, -6.193897327999926, 0.0 ], [ 106.680981741000039, -6.193793644999968, 0.0 ], [ 106.680950089000078, -6.193763120999962, 0.0 ], [ 106.68086762300004, -6.193690650999939, 0.0 ], [ 106.680697957000064, -6.193561037999932, 0.0 ], [ 106.680822645000035, -6.193377855999931, 0.0 ], [ 106.680960663000064, -6.193478860999955, 0.0 ], [ 106.681105436000053, -6.193598983999951, 0.0 ], [ 106.681262687000071, -6.193447904999965, 0.0 ], [ 106.681289976000073, -6.193459302999942, 0.0 ], [ 106.681322971000043, -6.193460633999967, 0.0 ], [ 106.681364536000046, -6.193450453999954, 0.0 ], [ 106.681437518000052, -6.193416108999947, 0.0 ], [ 106.681458085000088, -6.193388715999957, 0.0 ], [ 106.681515738000087, -6.193311926999963, 0.0 ], [ 106.681531863000032, -6.193290450999941, 0.0 ], [ 106.681686987000035, -6.193083844999926, 0.0 ], [ 106.681796253000073, -6.193164842999978, 0.0 ], [ 106.681821305000085, -6.193134809999943, 0.0 ], [ 106.681991543000038, -6.192930718999941, 0.0 ], [ 106.682090880000032, -6.192978325999948, 0.0 ], [ 106.682119054000054, -6.192991827999938, 0.0 ], [ 106.682135074000087, -6.192999504999939, 0.0 ], [ 106.682158181000034, -6.193010577999924, 0.0 ], [ 106.68218401300004, -6.193015280999923, 0.0 ], [ 106.682202177000079, -6.193013308999975, 0.0 ], [ 106.682216507000078, -6.193009435999953, 0.0 ], [ 106.682245155000032, -6.19299690299993, 0.0 ], [ 106.682265190000066, -6.192982485999948, 0.0 ], [ 106.682284264000089, -6.19296615699995, 0.0 ], [ 106.682306138000058, -6.192928763999931, 0.0 ], [ 106.68238907000007, -6.192725617999947, 0.0 ], [ 106.682451564000075, -6.192467004999963, 0.0 ], [ 106.682461277000073, -6.192426807999929, 0.0 ], [ 106.682453507000048, -6.192389031999929, 0.0 ], [ 106.682452846000047, -6.192383813999928, 0.0 ], [ 106.682411459000036, -6.19205708999993, 0.0 ], [ 106.682271287000049, -6.191955853999961, 0.0 ], [ 106.682348432000083, -6.191782153999949, 0.0 ], [ 106.682348235000063, -6.19171995099993, 0.0 ], [ 106.682382097000072, -6.191655245999931, 0.0 ], [ 106.682242010000039, -6.191580326999945, 0.0 ], [ 106.682321538000053, -6.191404227999959, 0.0 ], [ 106.68233798100006, -6.191353740999952, 0.0 ], [ 106.682422160000044, -6.191095278999963, 0.0 ], [ 106.682498472000077, -6.191036420999979, 0.0 ], [ 106.682689448000076, -6.190950881999975, 0.0 ], [ 106.682763322000085, -6.190876481999958, 0.0 ], [ 106.682884278000074, -6.190742027999934, 0.0 ], [ 106.682958662000033, -6.190659342999945, 0.0 ], [ 106.682967653000048, -6.190651205999922, 0.0 ], [ 106.683123142000056, -6.19051048799998, 0.0 ], [ 106.683190032000084, -6.190495919999933, 0.0 ], [ 106.683272450000061, -6.190477715999968, 0.0 ], [ 106.683305913000083, -6.19047641399993, 0.0 ], [ 106.683552431000081, -6.190584753999926, 0.0 ], [ 106.683568047000051, -6.190591616999935, 0.0 ], [ 106.683841972000039, -6.190655344999919, 0.0 ], [ 106.683820809000053, -6.190766661999937, 0.0 ], [ 106.683954764000077, -6.19079255399993, 0.0 ], [ 106.683925447000036, -6.190970887999976, 0.0 ], [ 106.684000817000083, -6.190992180999956, 0.0 ], [ 106.683978723000052, -6.191069063999967, 0.0 ], [ 106.68395471000008, -6.191152622999937, 0.0 ], [ 106.683851530000098, -6.191408944999973, 0.0 ], [ 106.683950870000047, -6.191450018999944, 0.0 ], [ 106.684109746000047, -6.19151151199998, 0.0 ], [ 106.684613392000074, -6.191706448999972, 0.0 ], [ 106.684763233000069, -6.191764444999926, 0.0 ], [ 106.684749775000071, -6.19181759999997, 0.0 ], [ 106.684708684000043, -6.191977069999949, 0.0 ], [ 106.684853550000071, -6.191975891999959, 0.0 ], [ 106.685085174000051, -6.191967977999973, 0.0 ], [ 106.685241417000043, -6.191971462999962, 0.0 ], [ 106.685259808000069, -6.191739812999969, 0.0 ], [ 106.685274846000084, -6.191657463999946, 0.0 ], [ 106.685287521000078, -6.19159875899993, 0.0 ], [ 106.685344309000072, -6.191357718999939, 0.0 ], [ 106.685365364000063, -6.191268350999964, 0.0 ], [ 106.685437346000086, -6.191064432999958, 0.0 ], [ 106.685440110000059, -6.191056600999962, 0.0 ], [ 106.685467244000051, -6.190979733999935, 0.0 ], [ 106.685430577000034, -6.190725051999951, 0.0 ], [ 106.685431773000062, -6.190725046999951, 0.0 ], [ 106.685417885000049, -6.190491825999964, 0.0 ], [ 106.68541870200005, -6.19037219999996, 0.0 ], [ 106.685421666000082, -6.190352110999923, 0.0 ], [ 106.685428063000074, -6.190308768999949, 0.0 ], [ 106.685448261000033, -6.190270425999932, 0.0 ], [ 106.685480420000033, -6.190234434999984, 0.0 ], [ 106.685494721000055, -6.190221230999959, 0.0 ], [ 106.685509030000048, -6.190210420999966, 0.0 ], [ 106.685531634000085, -6.19017685299997, 0.0 ], [ 106.685544734000089, -6.190161261999953, 0.0 ], [ 106.685576930000082, -6.190137234999954, 0.0 ], [ 106.685605548000069, -6.190115610999959, 0.0 ], [ 106.685630626000034, -6.190108352999968, 0.0 ], [ 106.685661680000067, -6.190101076999954, 0.0 ], [ 106.685696260000043, -6.190074650999969, 0.0 ], [ 106.685788073000083, -6.190003781999964, 0.0 ], [ 106.685877313000049, -6.18987550099996, 0.0 ], [ 106.685988203000079, -6.189700068999963, 0.0 ], [ 106.686118448000059, -6.18977664299996, 0.0 ], [ 106.686201545000074, -6.18968175199995, 0.0 ], [ 106.686233812000069, -6.189642760999956, 0.0 ], [ 106.686252668000066, -6.189619975999967, 0.0 ], [ 106.686288342000068, -6.189551616999955, 0.0 ], [ 106.686346469000057, -6.189440231999976, 0.0 ], [ 106.686350807000053, -6.189427068999985, 0.0 ], [ 106.686384316000044, -6.189369888999969, 0.0 ], [ 106.686418009000079, -6.18903433599997, 0.0 ], [ 106.686417377000069, -6.188835464999946, 0.0 ], [ 106.686405077000074, -6.188532883999932, 0.0 ], [ 106.68640233800005, -6.188465514999965, 0.0 ], [ 106.686398025000074, -6.188235851999938, 0.0 ], [ 106.686447328000042, -6.187952186999959, 0.0 ], [ 106.686525522000068, -6.187733027999975, 0.0 ], [ 106.686560077000081, -6.187619347999935, 0.0 ], [ 106.686632195000072, -6.187382104999921, 0.0 ], [ 106.686639083000046, -6.187359441999937, 0.0 ], [ 106.686690978000058, -6.187190339999965, 0.0 ], [ 106.686784600000081, -6.186885269999945, 0.0 ], [ 106.686866357000042, -6.186658920999952, 0.0 ], [ 106.686910939000086, -6.186544443999929, 0.0 ], [ 106.686928876000081, -6.186534760999956, 0.0 ], [ 106.687103024000066, -6.186483774999933, 0.0 ], [ 106.68715056700006, -6.186469856999968, 0.0 ], [ 106.687278894000087, -6.186437302999933, 0.0 ], [ 106.687364766000087, -6.186422441999984, 0.0 ], [ 106.687401612000087, -6.18641606699992, 0.0 ], [ 106.687411894000036, -6.186498089999926, 0.0 ], [ 106.687397942000075, -6.18662158599994, 0.0 ], [ 106.687603123000102, -6.186643901999954, 0.0 ], [ 106.68760771400008, -6.186734323999924, 0.0 ], [ 106.687746897000068, -6.186751106999958, 0.0 ], [ 106.687747113000057, -6.186743418999987, 0.0 ], [ 106.687750763000054, -6.186613287999934, 0.0 ], [ 106.687935821000067, -6.186615022999945, 0.0 ], [ 106.687959512000077, -6.186538635999973, 0.0 ], [ 106.688009629000078, -6.186377045999957, 0.0 ], [ 106.688018405000051, -6.186306839999931, 0.0 ], [ 106.688820581000073, -6.185771569999938, 0.0 ], [ 106.688951610000061, -6.18585925499996, 0.0 ], [ 106.689011467000057, -6.185899310999956, 0.0 ], [ 106.68904445700008, -6.185899206999973, 0.0 ], [ 106.689146394000034, -6.185930462999986, 0.0 ], [ 106.689153771000065, -6.185995035999954, 0.0 ], [ 106.68929148400008, -6.186000338999981, 0.0 ], [ 106.689422057000073, -6.186015715999929, 0.0 ], [ 106.689677955000036, -6.186012030999958, 0.0 ], [ 106.689685494000059, -6.18598529699995, 0.0 ], [ 106.689709158000085, -6.185901398999928, 0.0 ], [ 106.689727514000083, -6.18580947, 0.0 ], [ 106.689725647000046, -6.185673104999972, 0.0 ], [ 106.689732434000078, -6.185552502999934, 0.0 ], [ 106.689935219000063, -6.185587915999975, 0.0 ], [ 106.689938933000064, -6.18554613399993, 0.0 ], [ 106.689974276000044, -6.185468344999951, 0.0 ], [ 106.689951162000057, -6.185436728999941, 0.0 ], [ 106.68998511500007, -6.185259717999935, 0.0 ], [ 106.690000916000088, -6.185177339999942, 0.0 ], [ 106.690011022000078, -6.185124652999946, 0.0 ], [ 106.690013244000056, -6.185113069999947, 0.0 ], [ 106.690035682000087, -6.185090815999948, 0.0 ], [ 106.690042215000076, -6.185084336999975, 0.0 ], [ 106.690094973000043, -6.185099511999971, 0.0 ], [ 106.690207926000085, -6.185132000999946, 0.0 ], [ 106.690230523000082, -6.185138499999935, 0.0 ], [ 106.690341440000054, -6.185160033999983, 0.0 ], [ 106.690369994000037, -6.185000609999974, 0.0 ], [ 106.690467552000086, -6.18501607699995, 0.0 ], [ 106.690489502000048, -6.184906649999957, 0.0 ], [ 106.690502391000052, -6.184909900999974, 0.0 ], [ 106.690504398000087, -6.184910406999957, 0.0 ], [ 106.690509189000068, -6.184911613999931, 0.0 ], [ 106.690547263000042, -6.184920263999962, 0.0 ], [ 106.690613393000035, -6.184935287999958, 0.0 ], [ 106.690642653000069, -6.184941934999934, 0.0 ], [ 106.690670731000068, -6.18495048299996, 0.0 ], [ 106.690773304000061, -6.184981710999977, 0.0 ], [ 106.690893869000035, -6.185007165999927, 0.0 ] ] ] ] } },
{ "type": "Feature", "properties": { "OBJECTID": 83556, "NAMOBJ": "Petir", "FCODE": "BA03080040", "REMARK": " ", "METADATA": "TASWIL1000020221227_DATA_BATAS_DESAKELURAHAN", "SRS_ID": "SRGI 2013", "KDBBPS": " ", "KDCBPS": " ", "KDCPUM": "36.71.05", "KDEBPS": " ", "KDEPUM": "36.71.05.1006", "KDPBPS": " ", "KDPKAB": "36.71", "KDPPUM": "36", "LUASWH": 0.0, "TIPADM": 2, "WADMKC": "Cipondoh", "WADMKD": "Petir", "WADMKK": "Kota Tangerang", "WADMPR": "Banten", "WIADKC": " ", "WIADKK": " ", "WIADPR": " ", "WIADKD": " ", "UUPP": " ", "luas": null, "SHAPE_Length": 0.079247894225162027, "SHAPE_Area": 0.00020239941595428081 }, "geometry": { "type": "MultiPolygon", "coordinates": [ [ [ [ 106.721784982000102, -6.184791469999931, 0.0 ], [ 106.721801849000087, -6.184792556999977, 0.0 ], [ 106.721815421000088, -6.184793431999926, 0.0 ], [ 106.721831660000078, -6.18479447899995, 0.0 ], [ 106.721862225000052, -6.184796448999978, 0.0 ], [ 106.721865287000071, -6.18479664599994, 0.0 ], [ 106.721873056000049, -6.184797146999933, 0.0 ], [ 106.721880660000068, -6.18479763699998, 0.0 ], [ 106.721901826000078, -6.184799001999973, 0.0 ], [ 106.721998849000045, -6.184805256999931, 0.0 ], [ 106.722047759000077, -6.184798101999951, 0.0 ], [ 106.722053834000064, -6.184797212999967, 0.0 ], [ 106.722183082000072, -6.184778306999934, 0.0 ], [ 106.72222464500004, -6.184772226999947, 0.0 ], [ 106.722632648000058, -6.184728079999954, 0.0 ], [ 106.722637961000046, -6.184727504999962, 0.0 ], [ 106.722669125000039, -6.184724132999967, 0.0 ], [ 106.722703107000086, -6.184720019999927, 0.0 ], [ 106.722996440000088, -6.18468451799993, 0.0 ], [ 106.723015676000045, -6.184682189999928, 0.0 ], [ 106.723091199000066, -6.184673048999973, 0.0 ], [ 106.723095664000084, -6.184672508999943, 0.0 ], [ 106.723096377000047, -6.184672980999942, 0.0 ], [ 106.723097830000086, -6.184673943999938, 0.0 ], [ 106.723107569000035, -6.184680395999973, 0.0 ], [ 106.72313878600005, -6.184701077999934, 0.0 ], [ 106.723232912000071, -6.184742580999965, 0.0 ], [ 106.723235740000064, -6.184743827999959, 0.0 ], [ 106.723339901000088, -6.184797318999932, 0.0 ], [ 106.723458323000045, -6.184825643999937, 0.0 ], [ 106.723558404000073, -6.184838971999972, 0.0 ], [ 106.723616165000067, -6.184846663999957, 0.0 ], [ 106.723748851000039, -6.184862825999977, 0.0 ], [ 106.723788350000063, -6.184867636999977, 0.0 ], [ 106.723967729000037, -6.184895763999976, 0.0 ], [ 106.724067630000036, -6.184892939999941, 0.0 ], [ 106.724111147000087, -6.184891709999928, 0.0 ], [ 106.724268989000052, -6.18491272999995, 0.0 ], [ 106.724369552000056, -6.184962643999933, 0.0 ], [ 106.724420043000066, -6.185052195999956, 0.0 ], [ 106.724434746000043, -6.185163396999935, 0.0 ], [ 106.724410170000056, -6.185324964999941, 0.0 ], [ 106.724328279000076, -6.185504662999961, 0.0 ], [ 106.724264062000088, -6.185605353999956, 0.0 ], [ 106.724207178000086, -6.185756260999933, 0.0 ], [ 106.72417878300007, -6.185846068999985, 0.0 ], [ 106.724139492000063, -6.185892848999979, 0.0 ], [ 106.724096486000064, -6.185900165999947, 0.0 ], [ 106.724057008000045, -6.185889527999969, 0.0 ], [ 106.724006680000059, -6.185850216999932, 0.0 ], [ 106.723994388000051, -6.185840287999945, 0.0 ], [ 106.723961521000035, -6.185813738999971, 0.0 ], [ 106.72394915700005, -6.185803750999983, 0.0 ], [ 106.723850174000063, -6.18575312499997, 0.0 ], [ 106.723830630000066, -6.185743128999942, 0.0 ], [ 106.723781693000035, -6.185724807999977, 0.0 ], [ 106.723752574000059, -6.185713906999972, 0.0 ], [ 106.723669074000043, -6.185682645999978, 0.0 ], [ 106.72356112500006, -6.185664560999948, 0.0 ], [ 106.723374881000041, -6.185633359999938, 0.0 ], [ 106.723274269000072, -6.185623169999918, 0.0 ], [ 106.723163054000054, -6.185611905999969, 0.0 ], [ 106.722965005000049, -6.185591846999947, 0.0 ], [ 106.722894229000076, -6.18558467799994, 0.0 ], [ 106.722844014000088, -6.185581375999969, 0.0 ], [ 106.722790220000036, -6.185577837999973, 0.0 ], [ 106.722700623000037, -6.185592483999933, 0.0 ], [ 106.722618244000046, -6.185621459999935, 0.0 ], [ 106.722578975000033, -6.185675416999969, 0.0 ], [ 106.722542674000067, -6.185739475999989, 0.0 ], [ 106.722536190000085, -6.185750916999948, 0.0 ], [ 106.722490052000069, -6.185898200999922, 0.0 ], [ 106.722397810000075, -6.186203534999952, 0.0 ], [ 106.722327410000062, -6.186367581999939, 0.0 ], [ 106.722305278000078, -6.186419153999958, 0.0 ], [ 106.722283018000041, -6.186460849999952, 0.0 ], [ 106.722255380000036, -6.186512620999968, 0.0 ], [ 106.722180323000089, -6.186588225999969, 0.0 ], [ 106.722112334000087, -6.186631509999923, 0.0 ], [ 106.722046817000034, -6.186645230999943, 0.0 ], [ 106.721990499000071, -6.186657025999976, 0.0 ], [ 106.721861541000067, -6.186696918999931, 0.0 ], [ 106.721769128000062, -6.186730654999963, 0.0 ], [ 106.721732604000067, -6.186743988999973, 0.0 ], [ 106.721644351000066, -6.186793432999934, 0.0 ], [ 106.721603750000043, -6.186816179999946, 0.0 ], [ 106.721533597000075, -6.186886845999929, 0.0 ], [ 106.721517971000083, -6.186902585999973, 0.0 ], [ 106.721479845000033, -6.186950599999929, 0.0 ], [ 106.721473856000046, -6.18695814299997, 0.0 ], [ 106.721455873000082, -6.186980788999962, 0.0 ], [ 106.721449042000074, -6.186989390999932, 0.0 ], [ 106.721432261000075, -6.187010522999969, 0.0 ], [ 106.721391273000052, -6.187046954999978, 0.0 ], [ 106.721371478000037, -6.187064549999949, 0.0 ], [ 106.721341217000088, -6.187061154999984, 0.0 ], [ 106.721278213000062, -6.187054085999939, 0.0 ], [ 106.721271904000048, -6.187051268999932, 0.0 ], [ 106.721206394000035, -6.187022020999955, 0.0 ], [ 106.721193931000073, -6.187009009999938, 0.0 ], [ 106.721134435000067, -6.186946892999963, 0.0 ], [ 106.721088088000045, -6.186907394999928, 0.0 ], [ 106.721033756000054, -6.186861090999976, 0.0 ], [ 106.72096554500007, -6.186836191999923, 0.0 ], [ 106.720905946000073, -6.186839699999953, 0.0 ], [ 106.720901013000059, -6.18683998999995, 0.0 ], [ 106.720889401000079, -6.186843904999936, 0.0 ], [ 106.720875239000065, -6.186848680999966, 0.0 ], [ 106.720804302000033, -6.186872600999945, 0.0 ], [ 106.720671896000056, -6.186955568999969, 0.0 ], [ 106.720659839000064, -6.186961958999982, 0.0 ], [ 106.720595794000076, -6.186995901999981, 0.0 ], [ 106.720460697000078, -6.187067500999946, 0.0 ], [ 106.720456109000054, -6.187068828999944, 0.0 ], [ 106.720310235000056, -6.187111051999968, 0.0 ], [ 106.720091689000071, -6.187169178999971, 0.0 ], [ 106.71993050500005, -6.18722352999993, 0.0 ], [ 106.719765792000032, -6.18729583699997, 0.0 ], [ 106.719597563000036, -6.187389686999946, 0.0 ], [ 106.719519681000079, -6.187445163999933, 0.0 ], [ 106.719390065000084, -6.187537492999981, 0.0 ], [ 106.719204012000034, -6.187663698999929, 0.0 ], [ 106.71901071700006, -6.187768394999978, 0.0 ], [ 106.718911551000076, -6.187801833999962, 0.0 ], [ 106.718890608000038, -6.187808895999977, 0.0 ], [ 106.718871024000066, -6.187815499999934, 0.0 ], [ 106.718788632000042, -6.187840886999937, 0.0 ], [ 106.718743033000067, -6.187845184999956, 0.0 ], [ 106.718670337000049, -6.187852035999988, 0.0 ], [ 106.718580693000035, -6.187852325999923, 0.0 ], [ 106.718513298000062, -6.187838353999944, 0.0 ], [ 106.718426526000087, -6.187802747999974, 0.0 ], [ 106.718412248000064, -6.187796157999975, 0.0 ], [ 106.718399046000059, -6.187790063999945, 0.0 ], [ 106.718377691000057, -6.187780206999948, 0.0 ], [ 106.718326880000063, -6.18775675599995, 0.0 ], [ 106.718297843000073, -6.187743353999968, 0.0 ], [ 106.718175243000076, -6.187716834999946, 0.0 ], [ 106.718089879000047, -6.187723520999954, 0.0 ], [ 106.718055746000061, -6.18772619399994, 0.0 ], [ 106.71801780400007, -6.187738644999961, 0.0 ], [ 106.717949660000045, -6.187761007999942, 0.0 ], [ 106.717945301000043, -6.187762437999927, 0.0 ], [ 106.717915277000088, -6.187789656999932, 0.0 ], [ 106.717885712000054, -6.187816459999958, 0.0 ], [ 106.717838182000051, -6.187903339999939, 0.0 ], [ 106.717814174000068, -6.187962450999974, 0.0 ], [ 106.717790749000073, -6.188020123999931, 0.0 ], [ 106.717737329000045, -6.188133937999964, 0.0 ], [ 106.717729665000036, -6.188140859999973, 0.0 ], [ 106.717650925000044, -6.188211971999968, 0.0 ], [ 106.71754952100008, -6.188272109999953, 0.0 ], [ 106.717472023000084, -6.188332171999941, 0.0 ], [ 106.717456223000056, -6.188389212999944, 0.0 ], [ 106.717451906000065, -6.188404795999925, 0.0 ], [ 106.717424763000054, -6.188502785999957, 0.0 ], [ 106.717398198000069, -6.188604549999981, 0.0 ], [ 106.717333241000063, -6.188846994999951, 0.0 ], [ 106.71730363000006, -6.188930825999931, 0.0 ], [ 106.717259842000033, -6.189001449999983, 0.0 ], [ 106.717244177000055, -6.189026715999951, 0.0 ], [ 106.717184655000054, -6.189101671999929, 0.0 ], [ 106.717172022000057, -6.18910661299997, 0.0 ], [ 106.717092139000044, -6.189137857999985, 0.0 ], [ 106.717005511000082, -6.189147109999958, 0.0 ], [ 106.716909997000073, -6.189180314999938, 0.0 ], [ 106.716878333000068, -6.189195596999985, 0.0 ], [ 106.716841376000048, -6.189213432999972, 0.0 ], [ 106.716799793000064, -6.189291320999924, 0.0 ], [ 106.716806030000043, -6.189372045999956, 0.0 ], [ 106.716839048000054, -6.189452638999966, 0.0 ], [ 106.716845185000082, -6.189467616999935, 0.0 ], [ 106.716848492000054, -6.189566293999964, 0.0 ], [ 106.716842022000037, -6.189605936999958, 0.0 ], [ 106.716835056000036, -6.189648614999959, 0.0 ], [ 106.716833841000039, -6.189656057999967, 0.0 ], [ 106.716774368000088, -6.189745966999964, 0.0 ], [ 106.716693871000089, -6.189803046999937, 0.0 ], [ 106.716628200000059, -6.18982419399992, 0.0 ], [ 106.716419097000085, -6.189845803999963, 0.0 ], [ 106.716418409000084, -6.189845884999952, 0.0 ], [ 106.716328667000084, -6.189856442999938, 0.0 ], [ 106.71631455000005, -6.189858103999942, 0.0 ], [ 106.716245958000059, -6.189900192999968, 0.0 ], [ 106.716231282000081, -6.18992361499994, 0.0 ], [ 106.716210283000066, -6.189957128999937, 0.0 ], [ 106.716191083000069, -6.189987540999929, 0.0 ], [ 106.716168662000086, -6.190023054999933, 0.0 ], [ 106.716112157000055, -6.190106973999944, 0.0 ], [ 106.716046946000063, -6.190159078999947, 0.0 ], [ 106.716042018000053, -6.190163016999968, 0.0 ], [ 106.716036522000081, -6.190167407999985, 0.0 ], [ 106.716031668000085, -6.190171285999948, 0.0 ], [ 106.716025723000087, -6.190176035999968, 0.0 ], [ 106.716006531000062, -6.190183494999921, 0.0 ], [ 106.715997780000066, -6.19018689599995, 0.0 ], [ 106.715984847000072, -6.190191921999936, 0.0 ], [ 106.715909330000045, -6.19022126999993, 0.0 ], [ 106.715830473000054, -6.190224246999948, 0.0 ], [ 106.715822683000056, -6.19022454099997, 0.0 ], [ 106.715792053000101, -6.190223891999946, 0.0 ], [ 106.715764813000078, -6.19022331499997, 0.0 ], [ 106.715756742000053, -6.190223143999959, 0.0 ], [ 106.715743112000041, -6.190222854999938, 0.0 ], [ 106.715736710000044, -6.190222719999944, 0.0 ], [ 106.71570015900005, -6.19022194599995, 0.0 ], [ 106.715688262000072, -6.190218292999932, 0.0 ], [ 106.715680374000044, -6.190215870999968, 0.0 ], [ 106.715674086000035, -6.190213939999975, 0.0 ], [ 106.715658785000073, -6.190209241999975, 0.0 ], [ 106.715613416000068, -6.190195311999963, 0.0 ], [ 106.715587088000063, -6.190182618999937, 0.0 ], [ 106.715508667000051, -6.190144810999924, 0.0 ], [ 106.715415802000052, -6.190073337999929, 0.0 ], [ 106.715322928000035, -6.189998874999952, 0.0 ], [ 106.715237002000038, -6.189950998999953, 0.0 ], [ 106.715200192000054, -6.189930488999945, 0.0 ], [ 106.715110432000074, -6.189894891999929, 0.0 ], [ 106.715049232000069, -6.189885670999964, 0.0 ], [ 106.715032701000041, -6.189883180999979, 0.0 ], [ 106.714955020000048, -6.189886421999976, 0.0 ], [ 106.714895392000074, -6.189928482999964, 0.0 ], [ 106.714886653000065, -6.18996523299995, 0.0 ], [ 106.71487475400005, -6.190015274999957, 0.0 ], [ 106.714878893000048, -6.190086955999953, 0.0 ], [ 106.714884249000079, -6.190179724999944, 0.0 ], [ 106.71488499700007, -6.190187329999957, 0.0 ], [ 106.714888301000087, -6.190220902999954, 0.0 ], [ 106.714888518000066, -6.190223106999952, 0.0 ], [ 106.714897518000043, -6.190314546999963, 0.0 ], [ 106.714902786000039, -6.190368068999923, 0.0 ], [ 106.714911176000044, -6.190448396999956, 0.0 ], [ 106.714926819000084, -6.190598171999967, 0.0 ], [ 106.714927453000087, -6.190604242999934, 0.0 ], [ 106.714927832000058, -6.190611123999935, 0.0 ], [ 106.714928270000087, -6.19061905899997, 0.0 ], [ 106.714940149000086, -6.190834474999983, 0.0 ], [ 106.714939435000076, -6.190941590999955, 0.0 ], [ 106.714938135000068, -6.191136526999965, 0.0 ], [ 106.714931820000061, -6.19119152399998, 0.0 ], [ 106.714906855000038, -6.191408957999962, 0.0 ], [ 106.714900350000065, -6.191465608999972, 0.0 ], [ 106.714893698000097, -6.191494317999966, 0.0 ], [ 106.714888562000056, -6.191516486999945, 0.0 ], [ 106.71487972500006, -6.191538162999966, 0.0 ], [ 106.714867808000065, -6.191567392999951, 0.0 ], [ 106.714829136000048, -6.191621347999948, 0.0 ], [ 106.714778405000075, -6.19164244599995, 0.0 ], [ 106.714727635000088, -6.191651580999969, 0.0 ], [ 106.714619955000046, -6.191619032999942, 0.0 ], [ 106.714473246000068, -6.191529790999934, 0.0 ], [ 106.714443601000085, -6.191502580999948, 0.0 ], [ 106.714356360000068, -6.191422507999959, 0.0 ], [ 106.714338556000087, -6.191397228999965, 0.0 ], [ 106.714293092000048, -6.191332672999973, 0.0 ], [ 106.714251292000085, -6.19127332099992, 0.0 ], [ 106.714158351000037, -6.191177922999943, 0.0 ], [ 106.714124024000057, -6.191157863999941, 0.0 ], [ 106.714077321000048, -6.191130571999972, 0.0 ], [ 106.714056561000064, -6.191118440999957, 0.0 ], [ 106.713994285000069, -6.191099073999972, 0.0 ], [ 106.713978459000089, -6.191094151999953, 0.0 ], [ 106.713951869000084, -6.191085882999966, 0.0 ], [ 106.713877165000042, -6.191086123999985, 0.0 ], [ 106.713868116000071, -6.191088310999924, 0.0 ], [ 106.713842129000057, -6.191094591999962, 0.0 ], [ 106.713823259000037, -6.191099152999931, 0.0 ], [ 106.713814462000073, -6.191101278999952, 0.0 ], [ 106.713782651000088, -6.191124783999948, 0.0 ], [ 106.713769746000082, -6.19113431999994, 0.0 ], [ 106.713725097000079, -6.191188293999978, 0.0 ], [ 106.713686540000083, -6.191278134999947, 0.0 ], [ 106.713683834000051, -6.191288282999944, 0.0 ], [ 106.713657015000081, -6.191388880999965, 0.0 ], [ 106.713621152000087, -6.191455188999957, 0.0 ], [ 106.713567901000033, -6.191553648999961, 0.0 ], [ 106.713489252000045, -6.191684564999941, 0.0 ], [ 106.713480403000062, -6.191699293999926, 0.0 ], [ 106.713465707000069, -6.191723755999923, 0.0 ], [ 106.713445584000056, -6.191757251999937, 0.0 ], [ 106.713440094000077, -6.191766390999931, 0.0 ], [ 106.713318317000073, -6.191836682999961, 0.0 ], [ 106.713306711000087, -6.191843946999946, 0.0 ], [ 106.713295655000096, -6.191850866999963, 0.0 ], [ 106.713290234000056, -6.191854258999975, 0.0 ], [ 106.713244878000069, -6.191882645999955, 0.0 ], [ 106.713242433000062, -6.191884175999982, 0.0 ], [ 106.713173512000083, -6.191910792999972, 0.0 ], [ 106.713019966000047, -6.191970093999934, 0.0 ], [ 106.712950290000038, -6.192029127999943, 0.0 ], [ 106.71291009800008, -6.192080102999962, 0.0 ], [ 106.712891356000057, -6.192139117999942, 0.0 ], [ 106.712891378000052, -6.192192759999948, 0.0 ], [ 106.712896757000067, -6.19223835399993, 0.0 ], [ 106.712945038000043, -6.192308068999986, 0.0 ], [ 106.712987392000059, -6.192355019999986, 0.0 ], [ 106.713036167000041, -6.192409088999966, 0.0 ], [ 106.713070760000051, -6.192447435999958, 0.0 ], [ 106.713191218000077, -6.192580965999983, 0.0 ], [ 106.713208519000048, -6.19262515399992, 0.0 ], [ 106.713215369000068, -6.192642645999962, 0.0 ], [ 106.713216216000035, -6.192651077999925, 0.0 ], [ 106.713220753000087, -6.192696286999924, 0.0 ], [ 106.713219330000072, -6.192703416999955, 0.0 ], [ 106.713212726000066, -6.192736519999922, 0.0 ], [ 106.713180695000062, -6.192783397999963, 0.0 ], [ 106.713177896000047, -6.192787494999942, 0.0 ], [ 106.713135027000078, -6.192846516999957, 0.0 ], [ 106.713070706000053, -6.192886775999967, 0.0 ], [ 106.712986682000079, -6.192928850999979, 0.0 ], [ 106.712958137000044, -6.192943144999965, 0.0 ], [ 106.712831486000084, -6.19299548599997, 0.0 ], [ 106.712643962000072, -6.193072980999939, 0.0 ], [ 106.712569333000033, -6.193180837999929, 0.0 ], [ 106.712566701000071, -6.193254054999954, 0.0 ], [ 106.712569731000087, -6.193304286999934, 0.0 ], [ 106.712600167000062, -6.193401799999952, 0.0 ], [ 106.712716615000033, -6.193484680999974, 0.0 ], [ 106.712942341000087, -6.193580708999947, 0.0 ], [ 106.712977205000072, -6.193615562999977, 0.0 ], [ 106.713014757000053, -6.193666507999979, 0.0 ], [ 106.713049640000065, -6.193755002999981, 0.0 ], [ 106.713069805000103, -6.193848966999955, 0.0 ], [ 106.713073812000061, -6.193867641999937, 0.0 ], [ 106.713080841000078, -6.193958562999967, 0.0 ], [ 106.713084593000076, -6.194007106999953, 0.0 ], [ 106.713048783000033, -6.194389343999945, 0.0 ], [ 106.71304192100007, -6.194462593999962, 0.0 ], [ 106.712899761000074, -6.194857805999958, 0.0 ], [ 106.712828414000057, -6.194968938999983, 0.0 ], [ 106.71279510100004, -6.195020829999967, 0.0 ], [ 106.712728030000051, -6.195125503999977, 0.0 ], [ 106.71264762800007, -6.195250980999963, 0.0 ], [ 106.712587700000086, -6.195365905999942, 0.0 ], [ 106.712583239000082, -6.195372713999974, 0.0 ], [ 106.712474250000071, -6.19554231699993, 0.0 ], [ 106.712455414000033, -6.195571627999924, 0.0 ], [ 106.712397792000047, -6.195661292999936, 0.0 ], [ 106.712356870000065, -6.195724971999939, 0.0 ], [ 106.712332846000038, -6.195761286999933, 0.0 ], [ 106.712309247000064, -6.195793132999941, 0.0 ], [ 106.712285995000059, -6.195820891999968, 0.0 ], [ 106.712263011000061, -6.195844938999924, 0.0 ], [ 106.712258784000085, -6.195848779999954, 0.0 ], [ 106.712107444000083, -6.195944977999933, 0.0 ], [ 106.711916299000052, -6.195976218999937, 0.0 ], [ 106.711835884000038, -6.195947768999926, 0.0 ], [ 106.711661592000041, -6.19586794499998, 0.0 ], [ 106.711515920000068, -6.195766975999963, 0.0 ], [ 106.711404894000054, -6.195734796999944, 0.0 ], [ 106.711311264000074, -6.195759980999984, 0.0 ], [ 106.711214491000078, -6.195813255999958, 0.0 ], [ 106.711201613000085, -6.19582106299993, 0.0 ], [ 106.711188599000081, -6.195830417999955, 0.0 ], [ 106.711174932000063, -6.195842013999942, 0.0 ], [ 106.711160095000082, -6.19585654099996, 0.0 ], [ 106.711143571000036, -6.195874687999948, 0.0 ], [ 106.7111248450001, -6.195897145999937, 0.0 ], [ 106.711103395000066, -6.195924604999952, 0.0 ], [ 106.71107870700007, -6.195957757999961, 0.0 ], [ 106.711050469000043, -6.195996962999971, 0.0 ], [ 106.710800589000087, -6.196351435999936, 0.0 ], [ 106.710774714000081, -6.196386391999973, 0.0 ], [ 106.710743989000036, -6.196426923999987, 0.0 ], [ 106.710715364000066, -6.196463935999923, 0.0 ], [ 106.710688920000067, -6.196497614999939, 0.0 ], [ 106.710665838000068, -6.196526756999956, 0.0 ], [ 106.710659432000057, -6.196534845999959, 0.0 ], [ 106.710622417000096, -6.196613813999928, 0.0 ], [ 106.71061902200006, -6.196721504999966, 0.0 ], [ 106.710624692000067, -6.19681970999994, 0.0 ], [ 106.710628137000072, -6.196879375999967, 0.0 ], [ 106.71062192100004, -6.196980891999946, 0.0 ], [ 106.710619961000077, -6.197012900999942, 0.0 ], [ 106.710615078000046, -6.197024793999954, 0.0 ], [ 106.710571572000049, -6.19713076599993, 0.0 ], [ 106.710538791000033, -6.197195466999979, 0.0 ], [ 106.710528818000057, -6.197203643999963, 0.0 ], [ 106.710415762000082, -6.197296346999956, 0.0 ], [ 106.710269934000053, -6.197365056999961, 0.0 ], [ 106.710235186000034, -6.197381428999961, 0.0 ], [ 106.710186596000085, -6.197399003999983, 0.0 ], [ 106.71015936200007, -6.197404833999941, 0.0 ], [ 106.710120635000067, -6.197404958999923, 0.0 ], [ 106.71009048600007, -6.197396442999951, 0.0 ], [ 106.710047410000072, -6.197382227999985, 0.0 ], [ 106.710032626000043, -6.197365056999963, 0.0 ], [ 106.709948907000069, -6.197267816999948, 0.0 ], [ 106.709939993000035, -6.197255703999921, 0.0 ], [ 106.709930863000068, -6.19724412799997, 0.0 ], [ 106.709924868000087, -6.19723706499996, 0.0 ], [ 106.709921506000057, -6.197233100999937, 0.0 ], [ 106.709911914000088, -6.197222646999939, 0.0 ], [ 106.709902078000084, -6.197212782999935, 0.0 ], [ 106.709891991000063, -6.197203525999956, 0.0 ], [ 106.709881633000066, -6.197194886999966, 0.0 ], [ 106.70987094600008, -6.197186837999928, 0.0 ], [ 106.709859867000034, -6.197179339999935, 0.0 ], [ 106.709848330000057, -6.197172358999979, 0.0 ], [ 106.709836267000071, -6.197165854999981, 0.0 ], [ 106.709823613000083, -6.197159789999948, 0.0 ], [ 106.709810302000051, -6.197154127999964, 0.0 ], [ 106.709796268000048, -6.197148831999918, 0.0 ], [ 106.709781475000057, -6.197143881999977, 0.0 ], [ 106.709766004000073, -6.197139327999928, 0.0 ], [ 106.70974996700005, -6.19713523399997, 0.0 ], [ 106.70973347100005, -6.197131664999976, 0.0 ], [ 106.709716627000034, -6.197128691999972, 0.0 ], [ 106.709708242000048, -6.197127555999933, 0.0 ], [ 106.709656804000076, -6.197130239999975, 0.0 ], [ 106.709520013000088, -6.197186072999957, 0.0 ], [ 106.709366310000064, -6.197264083999933, 0.0 ], [ 106.709230029000082, -6.197294900999962, 0.0 ], [ 106.709219720000078, -6.197295866999981, 0.0 ], [ 106.709209650000062, -6.197296000999923, 0.0 ], [ 106.709199699000067, -6.197295286999974, 0.0 ], [ 106.709189768000044, -6.197293707999957, 0.0 ], [ 106.709179850000055, -6.197291220999952, 0.0 ], [ 106.709169956000039, -6.197287779999954, 0.0 ], [ 106.709160097000051, -6.197283334999959, 0.0 ], [ 106.709154554000065, -6.197280232999956, 0.0 ], [ 106.709150283000042, -6.197277840999955, 0.0 ], [ 106.709142690000078, -6.197272708999953, 0.0 ], [ 106.709140531000074, -6.197271248999925, 0.0 ], [ 106.709130850000065, -6.197263511999957, 0.0 ], [ 106.709121252000045, -6.197254578999946, 0.0 ], [ 106.70911175100008, -6.19724442799997, 0.0 ], [ 106.709102383000072, -6.197233118999969, 0.0 ], [ 106.709093181000085, -6.197220734999974, 0.0 ], [ 106.709091030000081, -6.197217536999973, 0.0 ], [ 106.709084181000037, -6.197207360999925, 0.0 ], [ 106.709075418000054, -6.197193079999975, 0.0 ], [ 106.709066932000042, -6.197177974999924, 0.0 ], [ 106.709058756000047, -6.19716213099997, 0.0 ], [ 106.709050925000042, -6.197145628999983, 0.0 ], [ 106.709043462000068, -6.197128538999951, 0.0 ], [ 106.709036333000086, -6.19711086299997, 0.0 ], [ 106.709029490000034, -6.197092591999938, 0.0 ], [ 106.709022885000081, -6.197073709999926, 0.0 ], [ 106.709016472000087, -6.197054209999974, 0.0 ], [ 106.709010201000069, -6.197034075999974, 0.0 ], [ 106.709004027000063, -6.197013295999968, 0.0 ], [ 106.708997899000053, -6.196991859999972, 0.0 ], [ 106.708993038000074, -6.196974347999972, 0.0 ], [ 106.708979267000075, -6.196924731999964, 0.0 ], [ 106.708972781000057, -6.196902244999932, 0.0 ], [ 106.70896605300004, -6.196880139999967, 0.0 ], [ 106.708894899000086, -6.196747957999951, 0.0 ], [ 106.708766643000047, -6.196635926999939, 0.0 ], [ 106.708623098000032, -6.196601698999929, 0.0 ], [ 106.708436799000083, -6.196653736999961, 0.0 ], [ 106.708255579000081, -6.196797866999932, 0.0 ], [ 106.708131500000036, -6.196870039999968, 0.0 ], [ 106.708008529000054, -6.196914696999952, 0.0 ], [ 106.707871072000046, -6.196915378999961, 0.0 ], [ 106.707700609000085, -6.196836498999963, 0.0 ], [ 106.707561544000043, -6.19670871099992, 0.0 ], [ 106.707453952000037, -6.196554983999937, 0.0 ], [ 106.707417144000033, -6.196408684999941, 0.0 ], [ 106.707427334000045, -6.196306254999967, 0.0 ], [ 106.70747190700007, -6.196191273999949, 0.0 ], [ 106.707568061000075, -6.196058900999957, 0.0 ], [ 106.70775548000006, -6.195760676999944, 0.0 ], [ 106.70775627900008, -6.195711868999971, 0.0 ], [ 106.707755212000052, -6.195698548999921, 0.0 ], [ 106.707751298000062, -6.195649680999965, 0.0 ], [ 106.707712, -6.195528, 0.0 ], [ 106.707711639000081, -6.195527663999939, 0.0 ], [ 106.707612911000069, -6.195435284999975, 0.0 ], [ 106.707572491000064, -6.195426571999969, 0.0 ], [ 106.707517222000035, -6.195414658999939, 0.0 ], [ 106.707397800000095, -6.195447939999944, 0.0 ], [ 106.707326295000087, -6.195513961999944, 0.0 ], [ 106.707258076000073, -6.195672681999954, 0.0 ], [ 106.707141873000069, -6.195777724999968, 0.0 ], [ 106.707019491000054, -6.19581998699993, 0.0 ], [ 106.706911849000051, -6.195799399999943, 0.0 ], [ 106.706720291000067, -6.195664633999975, 0.0 ], [ 106.706546568000078, -6.195576282999987, 0.0 ], [ 106.706453963000058, -6.195585552999952, 0.0 ], [ 106.706382409000071, -6.195636622999923, 0.0 ], [ 106.706358869000042, -6.195750339999957, 0.0 ], [ 106.706351952000048, -6.195941279999944, 0.0 ], [ 106.706311034000066, -6.196003614999944, 0.0 ], [ 106.706250311000076, -6.196032151999938, 0.0 ], [ 106.706161027000064, -6.196041419999971, 0.0 ], [ 106.706105508000064, -6.196023415999947, 0.0 ], [ 106.706044150000082, -6.195973849999972, 0.0 ], [ 106.705972085000056, -6.195844777999978, 0.0 ], [ 106.705898080000054, -6.195774804999924, 0.0 ], [ 106.705810244000077, -6.195791819999957, 0.0 ], [ 106.705719516000045, -6.195827519999971, 0.0 ], [ 106.705577392000066, -6.195875643999956, 0.0 ], [ 106.705558838000059, -6.19588192599997, 0.0 ], [ 106.705496956000047, -6.195902879999949, 0.0 ], [ 106.705460437000056, -6.195912836999982, 0.0 ], [ 106.705333583000083, -6.195947425999984, 0.0 ], [ 106.705229530000054, -6.196002308999929, 0.0 ], [ 106.705118005000088, -6.196112719999977, 0.0 ], [ 106.705067145000058, -6.196152206999949, 0.0 ], [ 106.705014034000044, -6.196193440999935, 0.0 ], [ 106.704935710000086, -6.196220487999946, 0.0 ], [ 106.704782683000076, -6.196211409999926, 0.0 ], [ 106.704767752000066, -6.196200905999949, 0.0 ], [ 106.704740757000081, -6.196181912999982, 0.0 ], [ 106.704683705000036, -6.196143832999952, 0.0 ], [ 106.704520648000084, -6.195988847999963, 0.0 ], [ 106.704417386000046, -6.195843239999928, 0.0 ], [ 106.704385948000038, -6.195730895999931, 0.0 ], [ 106.70437570200005, -6.195518, 0.0 ], [ 106.70435412900008, -6.195403791999975, 0.0 ], [ 106.704344087000052, -6.195350629999949, 0.0 ], [ 106.704298870000059, -6.195316427999951, 0.0 ], [ 106.704243079000037, -6.195274227999955, 0.0 ], [ 106.704233853000062, -6.195267248999931, 0.0 ], [ 106.704156787000045, -6.195252080999977, 0.0 ], [ 106.704042486000048, -6.195229584999933, 0.0 ], [ 106.703905218000045, -6.195156062999959, 0.0 ], [ 106.703829358000078, -6.195115431999971, 0.0 ], [ 106.703695322000058, -6.19506878399995, 0.0 ], [ 106.703563706000068, -6.19502297899993, 0.0 ], [ 106.703484818000049, -6.19502323299998, 0.0 ], [ 106.703432302000067, -6.195047325999951, 0.0 ], [ 106.70341632800006, -6.195068784999938, 0.0 ], [ 106.703375175000076, -6.195124067999918, 0.0 ], [ 106.703358663000074, -6.195193501999932, 0.0 ], [ 106.703363720000084, -6.19527961399995, 0.0 ], [ 106.703364043000079, -6.195380095999956, 0.0 ], [ 106.703321266000046, -6.195459183999956, 0.0 ], [ 106.703264380000064, -6.195480430999965, 0.0 ], [ 106.703168264000055, -6.195516330999967, 0.0 ], [ 106.703101595000078, -6.195541232999975, 0.0 ], [ 106.702951181000074, -6.195601527999939, 0.0 ], [ 106.702886828000032, -6.195661545999943, 0.0 ], [ 106.702887135000083, -6.195757242999951, 0.0 ], [ 106.702901785000051, -6.195852893999931, 0.0 ], [ 106.70292853400008, -6.195993962999971, 0.0 ], [ 106.702926023000089, -6.196059323999981, 0.0 ], [ 106.702924121000081, -6.196108814999938, 0.0 ], [ 106.702888562000055, -6.196202234999922, 0.0 ], [ 106.702781170000051, -6.196259997999959, 0.0 ], [ 106.702666385000043, -6.196248404999959, 0.0 ], [ 106.702476898000043, -6.196164696999965, 0.0 ], [ 106.702416252000035, -6.196125592999969, 0.0 ], [ 106.702384516000052, -6.196084373999958, 0.0 ], [ 106.702362286000039, -6.196011437999966, 0.0 ], [ 106.702356977000079, -6.195971738999963, 0.0 ], [ 106.702349562000052, -6.195916295999953, 0.0 ], [ 106.702349516000083, -6.195795792999942, 0.0 ], [ 106.702349514000048, -6.195791386999936, 0.0 ], [ 106.702349510000033, -6.195783092999927, 0.0 ], [ 106.702344412000059, -6.195760399999926, 0.0 ], [ 106.702342606000059, -6.195752359999966, 0.0 ], [ 106.702337993000071, -6.195731828999953, 0.0 ], [ 106.702337361000048, -6.195729017999955, 0.0 ], [ 106.702333193000072, -6.19571046499993, 0.0 ], [ 106.702333159000034, -6.195710314999934, 0.0 ], [ 106.702330930000073, -6.195700392999983, 0.0 ], [ 106.702329615000053, -6.195694538999924, 0.0 ], [ 106.702329570000074, -6.195694338999948, 0.0 ], [ 106.702327858000046, -6.195686720999954, 0.0 ], [ 106.702326778000042, -6.195681912999921, 0.0 ], [ 106.702325669000061, -6.195676978999921, 0.0 ], [ 106.702325, -6.195674, 0.0 ], [ 106.702324094000062, -6.195668925999936, 0.0 ], [ 106.702321371000039, -6.195667306999942, 0.0 ], [ 106.702316797000037, -6.195664586999952, 0.0 ], [ 106.702316228000086, -6.195664248999941, 0.0 ], [ 106.702250163000087, -6.195624955999968, 0.0 ], [ 106.702196342000036, -6.195643707999978, 0.0 ], [ 106.702137849000053, -6.195681194999963, 0.0 ], [ 106.702083109000057, -6.19570979699995, 0.0 ], [ 106.701918652000074, -6.195797175999932, 0.0 ], [ 106.701776303000088, -6.195872808999983, 0.0 ], [ 106.701695418000043, -6.195857245999949, 0.0 ], [ 106.701511071000084, -6.195821775999946, 0.0 ], [ 106.701361373000054, -6.195732538999949, 0.0 ], [ 106.701283354000068, -6.195631109999963, 0.0 ], [ 106.701217576000033, -6.195619358999971, 0.0 ], [ 106.701145859000064, -6.195619588999935, 0.0 ], [ 106.700996544000077, -6.195649973999943, 0.0 ], [ 106.700871116000087, -6.19567430099994, 0.0 ], [ 106.700739635000048, -6.19567472199998, 0.0 ], [ 106.700572085000033, -6.195609466999941, 0.0 ], [ 106.700416392000079, -6.195514267999953, 0.0 ], [ 106.700320712000064, -6.195496630999973, 0.0 ], [ 106.700201158000084, -6.195528296999949, 0.0 ], [ 106.700099329000082, -6.195456849999975, 0.0 ], [ 106.699961547000044, -6.195355610999966, 0.0 ], [ 106.700029361000077, -6.195305785999943, 0.0 ], [ 106.70010669900006, -6.195248961999935, 0.0 ], [ 106.70032300400004, -6.195160704999979, 0.0 ], [ 106.700481344000082, -6.195112107999926, 0.0 ], [ 106.700639685000056, -6.195063512999983, 0.0 ], [ 106.70118280700008, -6.19490817499997, 0.0 ], [ 106.701367625000046, -6.194841550999972, 0.0 ], [ 106.701337616000046, -6.194731566999957, 0.0 ], [ 106.701310769000088, -6.194633177999942, 0.0 ], [ 106.701252965000037, -6.194421324999958, 0.0 ], [ 106.701182494000079, -6.19391482899994, 0.0 ], [ 106.701181679000058, -6.193905920999946, 0.0 ], [ 106.701154378000069, -6.193607471999933, 0.0 ], [ 106.701153906000059, -6.19360230799998, 0.0 ], [ 106.701136417000043, -6.19341112499996, 0.0 ], [ 106.701135811000086, -6.193381033999966, 0.0 ], [ 106.701132599000061, -6.193221524999955, 0.0 ], [ 106.701127890000066, -6.192987687999964, 0.0 ], [ 106.701089564000085, -6.192544391999948, 0.0 ], [ 106.701036244000079, -6.191958909999927, 0.0 ], [ 106.701000368000052, -6.191564966999971, 0.0 ], [ 106.70094841000008, -6.191016064999926, 0.0 ], [ 106.700924426000086, -6.190798170999917, 0.0 ], [ 106.700908651000077, -6.190654855999979, 0.0 ], [ 106.700885625000069, -6.190445664999963, 0.0 ], [ 106.700813603000086, -6.189874723999927, 0.0 ], [ 106.700801005000073, -6.189774851999979, 0.0 ], [ 106.700734784000076, -6.18925111599998, 0.0 ], [ 106.70069789300004, -6.188928252999975, 0.0 ], [ 106.700646073000087, -6.188422413999936, 0.0 ], [ 106.700631374000068, -6.188279910999944, 0.0 ], [ 106.700583164000079, -6.187812538999936, 0.0 ], [ 106.700586130000033, -6.187618739999941, 0.0 ], [ 106.700607355000059, -6.187588798999966, 0.0 ], [ 106.700675373000081, -6.187492850999942, 0.0 ], [ 106.700750331000052, -6.187384949999976, 0.0 ], [ 106.701100900000085, -6.187121852999952, 0.0 ], [ 106.701523082000051, -6.186826227999981, 0.0 ], [ 106.701970306000078, -6.186512579999935, 0.0 ], [ 106.702234988000043, -6.186303587999935, 0.0 ], [ 106.702476232000038, -6.186133290999972, 0.0 ], [ 106.702719598000044, -6.185949715999918, 0.0 ], [ 106.703353006000043, -6.185474935999935, 0.0 ], [ 106.704113825000036, -6.184924623999965, 0.0 ], [ 106.704674239000042, -6.184499360999954, 0.0 ], [ 106.705153596000059, -6.184143739999972, 0.0 ], [ 106.705388957000082, -6.183972266999945, 0.0 ], [ 106.705463642000041, -6.183917854999954, 0.0 ], [ 106.705516118000048, -6.183881798999947, 0.0 ], [ 106.705625905000034, -6.183826419999937, 0.0 ], [ 106.705776345000061, -6.183775695999947, 0.0 ], [ 106.705948339000088, -6.183736864999956, 0.0 ], [ 106.706065512000066, -6.183748450999931, 0.0 ], [ 106.706211941000049, -6.183780657999928, 0.0 ], [ 106.706243578000056, -6.183787616999948, 0.0 ], [ 106.706271275000063, -6.183790866999965, 0.0 ], [ 106.706325549000042, -6.183811782999951, 0.0 ], [ 106.706435, -6.183854, 0.0 ], [ 106.706703778000076, -6.183957545999929, 0.0 ], [ 106.707183831000066, -6.184156042999969, 0.0 ], [ 106.707694173000064, -6.184367060999927, 0.0 ], [ 106.707695215000058, -6.184367495999941, 0.0 ], [ 106.707826055000055, -6.184421946999981, 0.0 ], [ 106.708457174000046, -6.184684598999978, 0.0 ], [ 106.708539750000057, -6.184699581999943, 0.0 ], [ 106.708622206000086, -6.184714542999924, 0.0 ], [ 106.708651519000057, -6.184719859999967, 0.0 ], [ 106.708723795000083, -6.18471239099995, 0.0 ], [ 106.708860621000042, -6.184698253999954, 0.0 ], [ 106.709037856000066, -6.184600572999956, 0.0 ], [ 106.709075565000035, -6.184579790999984, 0.0 ], [ 106.70911327400006, -6.184559006999963, 0.0 ], [ 106.709117149000065, -6.184556871999978, 0.0 ], [ 106.709217447000071, -6.184419882999972, 0.0 ], [ 106.70922532700007, -6.184409118999954, 0.0 ], [ 106.70925102700005, -6.184374017999973, 0.0 ], [ 106.709266651000064, -6.184336148999928, 0.0 ], [ 106.709273519000078, -6.184319501999929, 0.0 ], [ 106.709365541000068, -6.184096453999937, 0.0 ], [ 106.709396273000038, -6.18402196499994, 0.0 ], [ 106.709431838000057, -6.18393576199998, 0.0 ], [ 106.709465754000064, -6.183853553999936, 0.0 ], [ 106.709584073000087, -6.183566765999949, 0.0 ], [ 106.709619993000047, -6.183479701999947, 0.0 ], [ 106.709651313000052, -6.183403788999945, 0.0 ], [ 106.709678540000084, -6.183332254999919, 0.0 ], [ 106.709782443000051, -6.183059272999962, 0.0 ], [ 106.709891077000066, -6.182773860999925, 0.0 ], [ 106.709937634000084, -6.182651541999967, 0.0 ], [ 106.709962442000062, -6.182586365999958, 0.0 ], [ 106.710082662000048, -6.182291763999956, 0.0 ], [ 106.710197956000059, -6.182009232999966, 0.0 ], [ 106.710226328000033, -6.181939707999965, 0.0 ], [ 106.710324149000087, -6.181699995999964, 0.0 ], [ 106.710409032000086, -6.181491896999939, 0.0 ], [ 106.71042400100005, -6.181455199999961, 0.0 ], [ 106.710557161000054, -6.181128744999965, 0.0 ], [ 106.710628994000047, -6.180952640999969, 0.0 ], [ 106.710650275000035, -6.18090046799995, 0.0 ], [ 106.710702142000059, -6.180772203999936, 0.0 ], [ 106.710736248000046, -6.180687860999968, 0.0 ], [ 106.710827719000065, -6.180448745999971, 0.0 ], [ 106.710840673000064, -6.180414879999951, 0.0 ], [ 106.710847072000035, -6.180417361999962, 0.0 ], [ 106.710908, -6.180441, 0.0 ], [ 106.710917721000044, -6.180445059999954, 0.0 ], [ 106.711029202000077, -6.180491622999962, 0.0 ], [ 106.711189269000045, -6.180558478999963, 0.0 ], [ 106.711266870000088, -6.180590890999953, 0.0 ], [ 106.711595357000078, -6.180728091999974, 0.0 ], [ 106.71166545300008, -6.180757368999934, 0.0 ], [ 106.711983, -6.18089, 0.0 ], [ 106.712315782000076, -6.181007450999977, 0.0 ], [ 106.712327016000074, -6.181011522999932, 0.0 ], [ 106.712452488000054, -6.181057006999931, 0.0 ], [ 106.712610158000075, -6.181114162999958, 0.0 ], [ 106.712897259000044, -6.181188598999934, 0.0 ], [ 106.712934635000067, -6.181199689999961, 0.0 ], [ 106.71293498600005, -6.18119979399995, 0.0 ], [ 106.712938059000066, -6.181200705999972, 0.0 ], [ 106.712952611000048, -6.181205023999957, 0.0 ], [ 106.71322028600008, -6.181284451999952, 0.0 ], [ 106.713447966000047, -6.181310692999939, 0.0 ], [ 106.713492905000081, -6.181315870999978, 0.0 ], [ 106.713506670000072, -6.181315827999979, 0.0 ], [ 106.713532066000084, -6.181315745999943, 0.0 ], [ 106.713573961000066, -6.181315610999937, 0.0 ], [ 106.713632748000066, -6.181315420999964, 0.0 ], [ 106.713833247000096, -6.181407899999956, 0.0 ], [ 106.713836737000065, -6.181409509999982, 0.0 ], [ 106.713887716000045, -6.181433023999945, 0.0 ], [ 106.714107565000063, -6.181564773999979, 0.0 ], [ 106.714114056000085, -6.181568663999944, 0.0 ], [ 106.714369093000073, -6.181707798999982, 0.0 ], [ 106.714370908000035, -6.181708486999976, 0.0 ], [ 106.714659895000082, -6.181818108999943, 0.0 ], [ 106.714669712000045, -6.181820946999957, 0.0 ], [ 106.714694011000063, -6.181827969999975, 0.0 ], [ 106.714704119000032, -6.181830891999932, 0.0 ], [ 106.714807982000082, -6.181860912999982, 0.0 ], [ 106.715126479000048, -6.181952972999972, 0.0 ], [ 106.715377604000082, -6.182014269999963, 0.0 ], [ 106.715398561000086, -6.182019384999928, 0.0 ], [ 106.715460218000032, -6.18203443499994, 0.0 ], [ 106.715436138000086, -6.182105630999959, 0.0 ], [ 106.715428022000097, -6.182129624999955, 0.0 ], [ 106.715414043000067, -6.182170952999968, 0.0 ], [ 106.715412808000067, -6.182185490999928, 0.0 ], [ 106.715403679000076, -6.182293000999945, 0.0 ], [ 106.715425936000088, -6.182298571999978, 0.0 ], [ 106.715658474000065, -6.18235677399996, 0.0 ], [ 106.715823567000086, -6.182402893999948, 0.0 ], [ 106.716541766000034, -6.182727141999975, 0.0 ], [ 106.716721120000059, -6.182823229999934, 0.0 ], [ 106.716814756000076, -6.182873394999948, 0.0 ], [ 106.717299467000046, -6.183069204999986, 0.0 ], [ 106.717952996000065, -6.183354184999921, 0.0 ], [ 106.718016498000054, -6.183379986999973, 0.0 ], [ 106.718397374000062, -6.183534741999953, 0.0 ], [ 106.718516084000044, -6.183582974999979, 0.0 ], [ 106.718653895000045, -6.183638969999947, 0.0 ], [ 106.718689044000087, -6.183653250999952, 0.0 ], [ 106.71870982300004, -6.183658870999978, 0.0 ], [ 106.718757369000059, -6.183671728999976, 0.0 ], [ 106.718845761000082, -6.183695632999961, 0.0 ], [ 106.718932986000084, -6.183719220999923, 0.0 ], [ 106.718937292000078, -6.183720385999945, 0.0 ], [ 106.719018309000035, -6.183742294999936, 0.0 ], [ 106.719029990000081, -6.183745453999967, 0.0 ], [ 106.719067774000052, -6.183757072999981, 0.0 ], [ 106.719071396000075, -6.183758186999967, 0.0 ], [ 106.719127995000065, -6.183775591999961, 0.0 ], [ 106.719166933000054, -6.183787565999979, 0.0 ], [ 106.719168874000047, -6.183788162999977, 0.0 ], [ 106.719196431000057, -6.183796636999945, 0.0 ], [ 106.719250726000041, -6.183813332999929, 0.0 ], [ 106.719295601000056, -6.183827132999971, 0.0 ], [ 106.719307221000065, -6.183830430999936, 0.0 ], [ 106.719381536000071, -6.183851525999962, 0.0 ], [ 106.719461951000085, -6.183874352999971, 0.0 ], [ 106.719656078000071, -6.183929457999962, 0.0 ], [ 106.719658096000046, -6.183930030999938, 0.0 ], [ 106.719702111000075, -6.183935569999953, 0.0 ], [ 106.719730573000049, -6.183939151999939, 0.0 ], [ 106.719768652000084, -6.183943943999957, 0.0 ], [ 106.719847470000047, -6.183953862999944, 0.0 ], [ 106.719880504000059, -6.183958019999983, 0.0 ], [ 106.719879894000087, -6.183963039999981, 0.0 ], [ 106.71986865000008, -6.184055494999938, 0.0 ], [ 106.719863075000035, -6.184101332999953, 0.0 ], [ 106.719856054000047, -6.184159063999974, 0.0 ], [ 106.720160899000064, -6.184176019999935, 0.0 ], [ 106.720157406000055, -6.184204740999979, 0.0 ], [ 106.720462690000033, -6.184228614999937, 0.0 ], [ 106.720465860000047, -6.184228861999934, 0.0 ], [ 106.720584189000078, -6.184228478999954, 0.0 ], [ 106.720584172000088, -6.18422333899997, 0.0 ], [ 106.720584145000032, -6.184215062999947, 0.0 ], [ 106.720584071000076, -6.184192190999964, 0.0 ], [ 106.720583957000088, -6.184156706999946, 0.0 ], [ 106.720604966000053, -6.184161486999933, 0.0 ], [ 106.720630607000032, -6.184167321999953, 0.0 ], [ 106.720690263000051, -6.184207963999935, 0.0 ], [ 106.720798941000055, -6.184282003999957, 0.0 ], [ 106.720800990000043, -6.184283399999972, 0.0 ], [ 106.720816178000078, -6.184293747999962, 0.0 ], [ 106.72083152600004, -6.184304203999943, 0.0 ], [ 106.720851050000078, -6.184317505999962, 0.0 ], [ 106.720855422000056, -6.18432048399995, 0.0 ], [ 106.720861495000065, -6.184324621999961, 0.0 ], [ 106.721121220000043, -6.184501567999979, 0.0 ], [ 106.721328189000076, -6.184642572999961, 0.0 ], [ 106.721521842000072, -6.184774504999941, 0.0 ], [ 106.721780043000081, -6.184791151999939, 0.0 ], [ 106.721784982000102, -6.184791469999931, 0.0 ] ] ] ] } },
{ "type": "Feature", "properties": { "OBJECTID": 83557, "NAMOBJ": "Ketapang", "FCODE": "BA03080040", "REMARK": " ", "METADATA": "TASWIL1000020221227_DATA_BATAS_DESAKELURAHAN", "SRS_ID": "SRGI 2013", "KDBBPS": " ", "KDCBPS": " ", "KDCPUM": "36.71.05", "KDEBPS": " ", "KDEPUM": "36.71.05.1007", "KDPBPS": " ", "KDPKAB": "36.71", "KDPPUM": "36", "LUASWH": 0.0, "TIPADM": 2, "WADMKC": "Cipondoh", "WADMKD": "Ketapang", "WADMKK": "Kota Tangerang", "WADMPR": "Banten", "WIADKC": " ", "WIADKK": " ", "WIADPR": " ", "WIADKD": " ", "UUPP": " ", "luas": null, "SHAPE_Length": 0.057004261993486502, "SHAPE_Area": 0.00013573347235619007 }, "geometry": { "type": "MultiPolygon", "coordinates": [ [ [ [ 106.697199078000054, -6.175672891999965, 0.0 ], [ 106.697389441000055, -6.175772768999936, 0.0 ], [ 106.697394931000076, -6.175774594999947, 0.0 ], [ 106.697565141000041, -6.175831217999936, 0.0 ], [ 106.697679505000053, -6.175869262999989, 0.0 ], [ 106.697848234000048, -6.175925392999937, 0.0 ], [ 106.697848904000068, -6.17592561599997, 0.0 ], [ 106.697860958000035, -6.175929559999922, 0.0 ], [ 106.697872588000052, -6.175933364999927, 0.0 ], [ 106.697894284000085, -6.175940462999962, 0.0 ], [ 106.698261697000078, -6.176060668999974, 0.0 ], [ 106.698619377000057, -6.176169003999971, 0.0 ], [ 106.698692048000055, -6.176191014999973, 0.0 ], [ 106.698789312000088, -6.176220474999976, 0.0 ], [ 106.699121053000056, -6.176334899999971, 0.0 ], [ 106.699191359000054, -6.176359149999942, 0.0 ], [ 106.699257298000077, -6.176390316999962, 0.0 ], [ 106.69926677400008, -6.176394795999952, 0.0 ], [ 106.699387130000062, -6.176431756999929, 0.0 ], [ 106.69978721800004, -6.176554623999939, 0.0 ], [ 106.699860631000035, -6.17657229599997, 0.0 ], [ 106.70000013300006, -6.176605876999936, 0.0 ], [ 106.700081476000037, -6.176625457999927, 0.0 ], [ 106.700246442000036, -6.176632107999971, 0.0 ], [ 106.700264073000085, -6.176642465999979, 0.0 ], [ 106.700376117000076, -6.176708288999983, 0.0 ], [ 106.700443427000039, -6.176747832999982, 0.0 ], [ 106.700592803000063, -6.176835588999955, 0.0 ], [ 106.700617180000052, -6.176849909999928, 0.0 ], [ 106.700659579000046, -6.176874817999927, 0.0 ], [ 106.701063912000052, -6.176978310999964, 0.0 ], [ 106.701109134000035, -6.176989885999943, 0.0 ], [ 106.701255381000081, -6.17702731899994, 0.0 ], [ 106.701254038000059, -6.177079640999975, 0.0 ], [ 106.701251953000053, -6.177160828999954, 0.0 ], [ 106.701248932000055, -6.177278454999965, 0.0 ], [ 106.701268943000073, -6.177280614999977, 0.0 ], [ 106.701290904000075, -6.177282985999963, 0.0 ], [ 106.70137806300005, -6.177292395999932, 0.0 ], [ 106.701862399000049, -6.17737338699994, 0.0 ], [ 106.702174495000065, -6.17741545199993, 0.0 ], [ 106.702433295000048, -6.177473167999939, 0.0 ], [ 106.702475913000058, -6.177482671999947, 0.0 ], [ 106.702745666000055, -6.177576120999957, 0.0 ], [ 106.702933731000087, -6.177641270999976, 0.0 ], [ 106.703132834000087, -6.177710244999962, 0.0 ], [ 106.703272158000061, -6.177778094999946, 0.0 ], [ 106.703323176000097, -6.177802940999928, 0.0 ], [ 106.703385817000097, -6.17782352899996, 0.0 ], [ 106.703572705000056, -6.177884952999938, 0.0 ], [ 106.704036156000086, -6.17803727499995, 0.0 ], [ 106.704188253000041, -6.178087263999943, 0.0 ], [ 106.704271999000071, -6.178111142999973, 0.0 ], [ 106.704326318000085, -6.178126631999932, 0.0 ], [ 106.704816193000056, -6.178266313999927, 0.0 ], [ 106.704959895000073, -6.178307288999975, 0.0 ], [ 106.705070981000077, -6.178347982999982, 0.0 ], [ 106.705717378000088, -6.178584775999989, 0.0 ], [ 106.705787632000067, -6.178609833999924, 0.0 ], [ 106.705807125000035, -6.178616786999961, 0.0 ], [ 106.706083920000083, -6.178692938999967, 0.0 ], [ 106.706125676000056, -6.17870442699996, 0.0 ], [ 106.706155250000052, -6.17871256399997, 0.0 ], [ 106.70654365200005, -6.178841906999927, 0.0 ], [ 106.706630132000043, -6.178870705999937, 0.0 ], [ 106.706957412000065, -6.178979694999959, 0.0 ], [ 106.707361353000067, -6.179114212999935, 0.0 ], [ 106.707417370000087, -6.179130267999938, 0.0 ], [ 106.707608998000069, -6.179185190999932, 0.0 ], [ 106.707645440000078, -6.179200198999984, 0.0 ], [ 106.707690795000076, -6.179218876999924, 0.0 ], [ 106.707747955000073, -6.179242417999941, 0.0 ], [ 106.707754820000048, -6.179245244999943, 0.0 ], [ 106.708032677000062, -6.179359674999951, 0.0 ], [ 106.708167192000076, -6.179409841999933, 0.0 ], [ 106.708418585000061, -6.179503598999934, 0.0 ], [ 106.709253869000065, -6.179815117999974, 0.0 ], [ 106.709290160000094, -6.179828652999952, 0.0 ], [ 106.709386662000043, -6.179864642999971, 0.0 ], [ 106.709635338000069, -6.17995738599995, 0.0 ], [ 106.709704742000042, -6.179983269999975, 0.0 ], [ 106.709794167000041, -6.180016620999934, 0.0 ], [ 106.709951690000082, -6.180075368999945, 0.0 ], [ 106.709983803000057, -6.180087344999946, 0.0 ], [ 106.710047952000096, -6.180111268999948, 0.0 ], [ 106.710234143000037, -6.180180708999952, 0.0 ], [ 106.710253176000037, -6.180187806999916, 0.0 ], [ 106.710274819000063, -6.18019587899994, 0.0 ], [ 106.71029322000004, -6.180202741999954, 0.0 ], [ 106.71031, -6.180209, 0.0 ], [ 106.710609, -6.180325, 0.0 ], [ 106.710840673000064, -6.180414879999951, 0.0 ], [ 106.710827719000065, -6.180448745999971, 0.0 ], [ 106.710736248000046, -6.180687860999968, 0.0 ], [ 106.710702142000059, -6.180772203999936, 0.0 ], [ 106.710650275000035, -6.18090046799995, 0.0 ], [ 106.710628994000047, -6.180952640999969, 0.0 ], [ 106.710557161000054, -6.181128744999965, 0.0 ], [ 106.71042400100005, -6.181455199999961, 0.0 ], [ 106.710409032000086, -6.181491896999939, 0.0 ], [ 106.710324149000087, -6.181699995999964, 0.0 ], [ 106.710226328000033, -6.181939707999965, 0.0 ], [ 106.710197956000059, -6.182009232999966, 0.0 ], [ 106.710082662000048, -6.182291763999956, 0.0 ], [ 106.709962442000062, -6.182586365999958, 0.0 ], [ 106.709937634000084, -6.182651541999967, 0.0 ], [ 106.709891077000066, -6.182773860999925, 0.0 ], [ 106.709782443000051, -6.183059272999962, 0.0 ], [ 106.709678540000084, -6.183332254999919, 0.0 ], [ 106.709651313000052, -6.183403788999945, 0.0 ], [ 106.709619993000047, -6.183479701999947, 0.0 ], [ 106.709584073000087, -6.183566765999949, 0.0 ], [ 106.709465754000064, -6.183853553999936, 0.0 ], [ 106.709431838000057, -6.18393576199998, 0.0 ], [ 106.709396273000038, -6.18402196499994, 0.0 ], [ 106.709365541000068, -6.184096453999937, 0.0 ], [ 106.709273519000078, -6.184319501999929, 0.0 ], [ 106.709266651000064, -6.184336148999928, 0.0 ], [ 106.70925102700005, -6.184374017999973, 0.0 ], [ 106.70922532700007, -6.184409118999954, 0.0 ], [ 106.709217447000071, -6.184419882999972, 0.0 ], [ 106.709117149000065, -6.184556871999978, 0.0 ], [ 106.70911327400006, -6.184559006999963, 0.0 ], [ 106.709075565000035, -6.184579790999984, 0.0 ], [ 106.709037856000066, -6.184600572999956, 0.0 ], [ 106.708860621000042, -6.184698253999954, 0.0 ], [ 106.708723795000083, -6.18471239099995, 0.0 ], [ 106.708651519000057, -6.184719859999967, 0.0 ], [ 106.708622206000086, -6.184714542999924, 0.0 ], [ 106.708539750000057, -6.184699581999943, 0.0 ], [ 106.708457174000046, -6.184684598999978, 0.0 ], [ 106.707826055000055, -6.184421946999981, 0.0 ], [ 106.707695215000058, -6.184367495999941, 0.0 ], [ 106.707694173000064, -6.184367060999927, 0.0 ], [ 106.707183831000066, -6.184156042999969, 0.0 ], [ 106.706703778000076, -6.183957545999929, 0.0 ], [ 106.706435, -6.183854, 0.0 ], [ 106.706325549000042, -6.183811782999951, 0.0 ], [ 106.706271275000063, -6.183790866999965, 0.0 ], [ 106.706243578000056, -6.183787616999948, 0.0 ], [ 106.706211941000049, -6.183780657999928, 0.0 ], [ 106.706065512000066, -6.183748450999931, 0.0 ], [ 106.705948339000088, -6.183736864999956, 0.0 ], [ 106.705776345000061, -6.183775695999947, 0.0 ], [ 106.705625905000034, -6.183826419999937, 0.0 ], [ 106.705516118000048, -6.183881798999947, 0.0 ], [ 106.705463642000041, -6.183917854999954, 0.0 ], [ 106.705388957000082, -6.183972266999945, 0.0 ], [ 106.705153596000059, -6.184143739999972, 0.0 ], [ 106.704674239000042, -6.184499360999954, 0.0 ], [ 106.704113825000036, -6.184924623999965, 0.0 ], [ 106.703353006000043, -6.185474935999935, 0.0 ], [ 106.702719598000044, -6.185949715999918, 0.0 ], [ 106.702476232000038, -6.186133290999972, 0.0 ], [ 106.702447924000069, -6.186111135999957, 0.0 ], [ 106.702208441000039, -6.185923703999944, 0.0 ], [ 106.702153273000079, -6.185865874999935, 0.0 ], [ 106.701854049000076, -6.185552213999918, 0.0 ], [ 106.701621402000072, -6.185369357999944, 0.0 ], [ 106.701499358000035, -6.185273432999968, 0.0 ], [ 106.701233545000036, -6.18511029699994, 0.0 ], [ 106.701173605000065, -6.185073509999935, 0.0 ], [ 106.700668402000076, -6.184823919999936, 0.0 ], [ 106.70045514800006, -6.184754940999937, 0.0 ], [ 106.700414700000067, -6.184741856999953, 0.0 ], [ 106.700185014000056, -6.18466756499993, 0.0 ], [ 106.699314110000046, -6.184433497999973, 0.0 ], [ 106.698926517000075, -6.184331861999965, 0.0 ], [ 106.698287762000064, -6.184180786999945, 0.0 ], [ 106.698051115000055, -6.184186327999944, 0.0 ], [ 106.697953222000081, -6.184214807999987, 0.0 ], [ 106.697826613000075, -6.184251641999933, 0.0 ], [ 106.696895672000039, -6.184789307999952, 0.0 ], [ 106.696860223000044, -6.184809780999952, 0.0 ], [ 106.696446832000049, -6.185033561999946, 0.0 ], [ 106.696417957000065, -6.185055100999926, 0.0 ], [ 106.696294061000074, -6.185147518999932, 0.0 ], [ 106.696038623000049, -6.185338058999942, 0.0 ], [ 106.695950777000064, -6.185403585999943, 0.0 ], [ 106.695738074000076, -6.18551246699996, 0.0 ], [ 106.695630966000067, -6.18556729499994, 0.0 ], [ 106.695086993000075, -6.185903976999958, 0.0 ], [ 106.694552583000075, -6.186240626999965, 0.0 ], [ 106.694170889000077, -6.186490658999952, 0.0 ], [ 106.693881802000078, -6.185792981999948, 0.0 ], [ 106.69351382800005, -6.185846790999953, 0.0 ], [ 106.693422750000082, -6.18581761999996, 0.0 ], [ 106.693394868000041, -6.185808691999961, 0.0 ], [ 106.693347161000077, -6.185792215999921, 0.0 ], [ 106.693163445000039, -6.18575404399997, 0.0 ], [ 106.693012681000084, -6.185704281999959, 0.0 ], [ 106.692981081000084, -6.18569002799996, 0.0 ], [ 106.692950883000037, -6.185665719999969, 0.0 ], [ 106.692917801000078, -6.185637115999953, 0.0 ], [ 106.692882338000061, -6.185610912999953, 0.0 ], [ 106.692836887000055, -6.185596250999944, 0.0 ], [ 106.692766672000062, -6.185573601999981, 0.0 ], [ 106.692754552000054, -6.185569691999942, 0.0 ], [ 106.692606729000033, -6.185542887999924, 0.0 ], [ 106.692597856000077, -6.185541724999959, 0.0 ], [ 106.692544952000048, -6.185534798999982, 0.0 ], [ 106.692514792000054, -6.185530849999958, 0.0 ], [ 106.692403101000082, -6.185516222999972, 0.0 ], [ 106.692349878000073, -6.185509254999948, 0.0 ], [ 106.692252642000099, -6.185506467999973, 0.0 ], [ 106.692034296000088, -6.185500211999961, 0.0 ], [ 106.692039460000046, -6.185371940999966, 0.0 ], [ 106.692040887000076, -6.185362634999938, 0.0 ], [ 106.691977328000064, -6.185356875999964, 0.0 ], [ 106.691766295000036, -6.185337753999938, 0.0 ], [ 106.691773161000071, -6.185257775999954, 0.0 ], [ 106.691776946000061, -6.185213660999972, 0.0 ], [ 106.691778033000048, -6.18520101299992, 0.0 ], [ 106.691665739000086, -6.185171209999957, 0.0 ], [ 106.691430632000049, -6.185108812999948, 0.0 ], [ 106.691094777000046, -6.18503954399995, 0.0 ], [ 106.690893869000035, -6.185007165999927, 0.0 ], [ 106.690773304000061, -6.184981710999977, 0.0 ], [ 106.690670731000068, -6.18495048299996, 0.0 ], [ 106.690642653000069, -6.184941934999934, 0.0 ], [ 106.690613393000035, -6.184935287999958, 0.0 ], [ 106.690547263000042, -6.184920263999962, 0.0 ], [ 106.690509189000068, -6.184911613999931, 0.0 ], [ 106.690504398000087, -6.184910406999957, 0.0 ], [ 106.690502391000052, -6.184909900999974, 0.0 ], [ 106.690489502000048, -6.184906649999957, 0.0 ], [ 106.690371867000067, -6.184878745999983, 0.0 ], [ 106.690360055000042, -6.18487594399994, 0.0 ], [ 106.690354725000077, -6.184874679999946, 0.0 ], [ 106.690349942000068, -6.184873544999955, 0.0 ], [ 106.690280586000085, -6.184857093999942, 0.0 ], [ 106.690280579000046, -6.184829182999982, 0.0 ], [ 106.690281975000062, -6.184825248999977, 0.0 ], [ 106.690285370000083, -6.184787480999941, 0.0 ], [ 106.690297204000046, -6.18465583199998, 0.0 ], [ 106.690310529000044, -6.184613952999935, 0.0 ], [ 106.690311673000053, -6.184585332999968, 0.0 ], [ 106.690312432000042, -6.184566363999974, 0.0 ], [ 106.690321950000055, -6.184522581999937, 0.0 ], [ 106.690344793000065, -6.184486413999926, 0.0 ], [ 106.690438068000049, -6.184305574999945, 0.0 ], [ 106.69057131700005, -6.184023846999934, 0.0 ], [ 106.690601775000061, -6.183940089999957, 0.0 ], [ 106.69062652100007, -6.183903921999949, 0.0 ], [ 106.69067982100006, -6.183877271999961, 0.0 ], [ 106.690763578000087, -6.183837296999976, 0.0 ], [ 106.691052920000061, -6.183751635999962, 0.0 ], [ 106.691058030000079, -6.183670345999928, 0.0 ], [ 106.691062005000049, -6.183607102999933, 0.0 ], [ 106.691073860000074, -6.183418511999937, 0.0 ], [ 106.691040088000079, -6.183422357999965, 0.0 ], [ 106.690928463000034, -6.183435071999956, 0.0 ], [ 106.690912144000038, -6.183436930999959, 0.0 ], [ 106.690766646000043, -6.183453501999965, 0.0 ], [ 106.690766112000063, -6.183438252999972, 0.0 ], [ 106.69074035400007, -6.182702350999941, 0.0 ], [ 106.690744787000085, -6.182592283999957, 0.0 ], [ 106.690722058000077, -6.182305377999972, 0.0 ], [ 106.690709920000074, -6.182152178999957, 0.0 ], [ 106.690738150000072, -6.182008541999957, 0.0 ], [ 106.691030083000044, -6.182098525999939, 0.0 ], [ 106.691133815000057, -6.182059218999941, 0.0 ], [ 106.691182894000065, -6.182040621999933, 0.0 ], [ 106.691244872000084, -6.181934844999934, 0.0 ], [ 106.691260376000059, -6.181927023999951, 0.0 ], [ 106.691293561000066, -6.181910285999944, 0.0 ], [ 106.691239017000044, -6.181730852999972, 0.0 ], [ 106.691235583000037, -6.181719552999939, 0.0 ], [ 106.691555064000056, -6.181602260999971, 0.0 ], [ 106.691658171000086, -6.181567479999948, 0.0 ], [ 106.691817124000067, -6.181513862999956, 0.0 ], [ 106.69190784500006, -6.181483259999935, 0.0 ], [ 106.692271465000033, -6.181363126999942, 0.0 ], [ 106.692321478000054, -6.18130411299995, 0.0 ], [ 106.692474360000062, -6.181118447999943, 0.0 ], [ 106.692493917000036, -6.181092341999942, 0.0 ], [ 106.692517508000037, -6.181060851999971, 0.0 ], [ 106.692531490000079, -6.181042186999943, 0.0 ], [ 106.692585433000033, -6.180865450999939, 0.0 ], [ 106.692606811000076, -6.180822318999963, 0.0 ], [ 106.692672423000033, -6.180707269999968, 0.0 ], [ 106.692671076000067, -6.180671273999961, 0.0 ], [ 106.692670619000083, -6.180659074999932, 0.0 ], [ 106.692663019000065, -6.180456091999928, 0.0 ], [ 106.692677051000032, -6.18043763499997, 0.0 ], [ 106.692714439000042, -6.180388459999954, 0.0 ], [ 106.692732743000079, -6.180280740999935, 0.0 ], [ 106.692691149000041, -6.180154354999964, 0.0 ], [ 106.692690741000035, -6.180153116999982, 0.0 ], [ 106.692691550000063, -6.180147152999949, 0.0 ], [ 106.692714262000038, -6.17997943599994, 0.0 ], [ 106.692726458000038, -6.179889387999941, 0.0 ], [ 106.692738390000045, -6.17980127199997, 0.0 ], [ 106.692773888000033, -6.179690963999973, 0.0 ], [ 106.692778158000067, -6.17967769399996, 0.0 ], [ 106.692778403000034, -6.179676003999933, 0.0 ], [ 106.692803638000044, -6.179502, 0.0 ], [ 106.692810440000088, -6.179455092999945, 0.0 ], [ 106.692808873000047, -6.179446466999944, 0.0 ], [ 106.692805905000057, -6.179430133999966, 0.0 ], [ 106.69280314000008, -6.179414921999971, 0.0 ], [ 106.692845258000034, -6.179327355999924, 0.0 ], [ 106.69285016200007, -6.179317158999936, 0.0 ], [ 106.692852834000078, -6.179255425999947, 0.0 ], [ 106.692894133000038, -6.179161987999969, 0.0 ], [ 106.69293001300008, -6.17916904999992, 0.0 ], [ 106.69306302800004, -6.179050918999955, 0.0 ], [ 106.693073548000086, -6.179041286999968, 0.0 ], [ 106.693236078000041, -6.178892464999936, 0.0 ], [ 106.693258101000097, -6.178852142999976, 0.0 ], [ 106.693333997000082, -6.178713195999928, 0.0 ], [ 106.693360136000081, -6.178723563999934, 0.0 ], [ 106.693393835000052, -6.178736928999965, 0.0 ], [ 106.693557071000043, -6.178499795999931, 0.0 ], [ 106.693633184000078, -6.178529697999983, 0.0 ], [ 106.693711633000078, -6.178391641999957, 0.0 ], [ 106.693782080000076, -6.178117232999968, 0.0 ], [ 106.694163651000054, -6.178207966999933, 0.0 ], [ 106.694146157000034, -6.177968775999945, 0.0 ], [ 106.694128663000072, -6.177729585999936, 0.0 ], [ 106.694089882000085, -6.177562236999959, 0.0 ], [ 106.693970344000036, -6.17755783299998, 0.0 ], [ 106.693950809000057, -6.177428700999934, 0.0 ], [ 106.693916794000074, -6.17725655299995, 0.0 ], [ 106.69392509300009, -6.176859375999928, 0.0 ], [ 106.693943623000052, -6.176672705999977, 0.0 ], [ 106.69399545300007, -6.17643329399993, 0.0 ], [ 106.694042108000076, -6.176069488999925, 0.0 ], [ 106.694180679000056, -6.176045124999977, 0.0 ], [ 106.694443740000054, -6.176077781999935, 0.0 ], [ 106.694447560000071, -6.176058338999947, 0.0 ], [ 106.694485590000056, -6.175864835999954, 0.0 ], [ 106.694490788000053, -6.175838384999966, 0.0 ], [ 106.694517955000038, -6.175791430999942, 0.0 ], [ 106.694535184000074, -6.175761653999929, 0.0 ], [ 106.694526185000086, -6.175757434999975, 0.0 ], [ 106.694517187000088, -6.175753214999922, 0.0 ], [ 106.694531421000079, -6.17571907699994, 0.0 ], [ 106.694545656000059, -6.175684938999943, 0.0 ], [ 106.694565365000074, -6.175689803999945, 0.0 ], [ 106.694689199000038, -6.17572036899997, 0.0 ], [ 106.694706671000063, -6.175576765999942, 0.0 ], [ 106.694849814000065, -6.175486591999976, 0.0 ], [ 106.69503267500005, -6.175482420999971, 0.0 ], [ 106.695100484000093, -6.175381720999961, 0.0 ], [ 106.695139813000083, -6.175345708999943, 0.0 ], [ 106.695200758000055, -6.175341925999938, 0.0 ], [ 106.695319030000064, -6.175323605999954, 0.0 ], [ 106.695333217000041, -6.175320977999948, 0.0 ], [ 106.695397870000079, -6.175309, 0.0 ], [ 106.69542647600008, -6.175283787999952, 0.0 ], [ 106.695483562000049, -6.175193887999959, 0.0 ], [ 106.69556237900008, -6.175172104999938, 0.0 ], [ 106.695598134000079, -6.175139692999957, 0.0 ], [ 106.695734482000034, -6.17516796799993, 0.0 ], [ 106.695874428000081, -6.175199819999934, 0.0 ], [ 106.696041040000068, -6.17524828699993, 0.0 ], [ 106.696057471000074, -6.175253066999975, 0.0 ], [ 106.696344694000061, -6.175366989999937, 0.0 ], [ 106.696546565000062, -6.175461449999941, 0.0 ], [ 106.696596071000045, -6.175484614999958, 0.0 ], [ 106.696728903000064, -6.175534432999931, 0.0 ], [ 106.696965686000055, -6.175573153999951, 0.0 ], [ 106.697183885000072, -6.17566639899997, 0.0 ], [ 106.697199078000054, -6.175672891999965, 0.0 ] ] ] ] } },
{ "type": "Feature", "properties": { "OBJECTID": 83561, "NAMOBJ": "Paninggilan", "FCODE": "BA03080040", "REMARK": " ", "METADATA": "TASWIL1000020221227_DATA_BATAS_DESAKELURAHAN", "SRS_ID": "SRGI 2013", "KDBBPS": " ", "KDCBPS": " ", "KDCPUM": "36.71.06", "KDEBPS": " ", "KDEPUM": "36.71.06.1001", "KDPBPS": " ", "KDPKAB": "36.71", "KDPPUM": "36", "LUASWH": 0.0, "TIPADM": 2, "WADMKC": "Ciledug", "WADMKD": "Paninggilan", "WADMKK": "Kota Tangerang", "WADMPR": "Banten", "WIADKC": " ", "WIADKK": " ", "WIADPR": " ", "WIADKD": " ", "UUPP": " ", "luas": null, "SHAPE_Length": 0.042940308124408043, "SHAPE_Area": 9.2812882424477027e-05 }, "geometry": { "type": "MultiPolygon", "coordinates": [ [ [ [ 106.71078366200004, -6.242516905999938, 0.0 ], [ 106.710938602000056, -6.24252214299998, 0.0 ], [ 106.71116038200006, -6.242519110999986, 0.0 ], [ 106.711305812000035, -6.242517121999986, 0.0 ], [ 106.711587921000046, -6.242516204999955, 0.0 ], [ 106.711810794000087, -6.24253174799998, 0.0 ], [ 106.71198217500006, -6.242560337999967, 0.0 ], [ 106.712208995000083, -6.242614146999918, 0.0 ], [ 106.712608171000056, -6.24273486299996, 0.0 ], [ 106.712620468000068, -6.242738111999919, 0.0 ], [ 106.712906080000039, -6.242813561999979, 0.0 ], [ 106.713267142000063, -6.242903538999941, 0.0 ], [ 106.713347381000062, -6.242927467999951, 0.0 ], [ 106.713367122000079, -6.242933354999928, 0.0 ], [ 106.71350973400007, -6.242975883999974, 0.0 ], [ 106.713636159000089, -6.243013584999975, 0.0 ], [ 106.713718030000052, -6.243046334999978, 0.0 ], [ 106.714025615000082, -6.243233377999961, 0.0 ], [ 106.714115425000045, -6.243281173999951, 0.0 ], [ 106.714174351000054, -6.243315433999956, 0.0 ], [ 106.714250459000084, -6.243340305999936, 0.0 ], [ 106.714304310000045, -6.243358074999949, 0.0 ], [ 106.71437463400008, -6.243369328999958, 0.0 ], [ 106.714441744000055, -6.243371572999934, 0.0 ], [ 106.714452822000055, -6.243371943999939, 0.0 ], [ 106.714580086000069, -6.243358322999938, 0.0 ], [ 106.714731384000061, -6.243346346999942, 0.0 ], [ 106.714902080000059, -6.243344354999983, 0.0 ], [ 106.715073832000087, -6.243347440999964, 0.0 ], [ 106.715138782000054, -6.243348607999958, 0.0 ], [ 106.715311652000082, -6.243353786999932, 0.0 ], [ 106.715402782000069, -6.243366408999969, 0.0 ], [ 106.715427706000071, -6.243374565999948, 0.0 ], [ 106.715491814000075, -6.24339554499995, 0.0 ], [ 106.715723040000057, -6.243480201999946, 0.0 ], [ 106.715863800000079, -6.243535724999955, 0.0 ], [ 106.715975075000074, -6.243567660999934, 0.0 ], [ 106.716061418000038, -6.243589615999954, 0.0 ], [ 106.716069829000048, -6.243591754999954, 0.0 ], [ 106.716149, -6.243624, 0.0 ], [ 106.716204591000064, -6.243644577999935, 0.0 ], [ 106.716210192000062, -6.243647955999966, 0.0 ], [ 106.716218007000066, -6.243652669999968, 0.0 ], [ 106.716236678000087, -6.243659784999974, 0.0 ], [ 106.716340477000074, -6.24367188799993, 0.0 ], [ 106.716464828000085, -6.243681050999952, 0.0 ], [ 106.716548025000066, -6.243680302999962, 0.0 ], [ 106.716622642000075, -6.243687713999978, 0.0 ], [ 106.716800135000085, -6.243713402999955, 0.0 ], [ 106.716810168000052, -6.243714854999953, 0.0 ], [ 106.716983322000033, -6.243733429999967, 0.0 ], [ 106.717137370000046, -6.243758764999934, 0.0 ], [ 106.717215487000047, -6.243768603999962, 0.0 ], [ 106.717366981000055, -6.243787682999938, 0.0 ], [ 106.71752004800004, -6.243805365999942, 0.0 ], [ 106.717548477000037, -6.243811162999972, 0.0 ], [ 106.717573860000073, -6.243816338999969, 0.0 ], [ 106.717771218000053, -6.24385658099993, 0.0 ], [ 106.717872560000046, -6.243877966999951, 0.0 ], [ 106.717944408000051, -6.243893127999965, 0.0 ], [ 106.718012376000047, -6.243907469999954, 0.0 ], [ 106.718114835000051, -6.243925131999955, 0.0 ], [ 106.718243933000053, -6.243947385999939, 0.0 ], [ 106.718375965000064, -6.243966092999932, 0.0 ], [ 106.718435255000088, -6.243976012999957, 0.0 ], [ 106.718499397000073, -6.243986743999925, 0.0 ], [ 106.718620957000041, -6.244010990999922, 0.0 ], [ 106.718621, -6.244011, 0.0 ], [ 106.718609011000069, -6.24406822799995, 0.0 ], [ 106.718595402000062, -6.244133188999968, 0.0 ], [ 106.718594215000053, -6.244139284999966, 0.0 ], [ 106.718588884000042, -6.244166648999967, 0.0 ], [ 106.718583444000046, -6.244194577999962, 0.0 ], [ 106.718578867000076, -6.244218075999984, 0.0 ], [ 106.718567043000064, -6.244278779999942, 0.0 ], [ 106.718567, -6.244279, 0.0 ], [ 106.718893057000059, -6.244356412999928, 0.0 ], [ 106.718949315000089, -6.244369769999939, 0.0 ], [ 106.718967073000044, -6.244381914999962, 0.0 ], [ 106.718997387000059, -6.244402648999937, 0.0 ], [ 106.718860355000061, -6.244689952999973, 0.0 ], [ 106.718753993000064, -6.244916951999928, 0.0 ], [ 106.718726510000067, -6.244976258999938, 0.0 ], [ 106.718707855000048, -6.245016513999925, 0.0 ], [ 106.71866725600006, -6.245104124999946, 0.0 ], [ 106.718659054000057, -6.245121823999961, 0.0 ], [ 106.718626193000034, -6.245201444999958, 0.0 ], [ 106.718621933000065, -6.245211767999932, 0.0 ], [ 106.718584838000083, -6.245345558999922, 0.0 ], [ 106.718558402000042, -6.24544090999995, 0.0 ], [ 106.718530969000085, -6.245523207999956, 0.0 ], [ 106.718497011000068, -6.245625080999957, 0.0 ], [ 106.718415634000067, -6.245844941999953, 0.0 ], [ 106.718349742000044, -6.246031738999936, 0.0 ], [ 106.718337826000038, -6.246065517999972, 0.0 ], [ 106.718298564000065, -6.246228987999933, 0.0 ], [ 106.718297332000077, -6.24626164999995, 0.0 ], [ 106.718295523000052, -6.246309581999981, 0.0 ], [ 106.71829426100004, -6.246343026999966, 0.0 ], [ 106.718292854000083, -6.246380320999949, 0.0 ], [ 106.718302, -6.246472, 0.0 ], [ 106.718315696000047, -6.246610890999931, 0.0 ], [ 106.718316410000057, -6.246641586999941, 0.0 ], [ 106.718294282000045, -6.246663001999941, 0.0 ], [ 106.718288510000036, -6.246667466999948, 0.0 ], [ 106.718281174000083, -6.246673141999961, 0.0 ], [ 106.71825644900008, -6.246692267999946, 0.0 ], [ 106.718111539000063, -6.246947108999955, 0.0 ], [ 106.71806656800004, -6.24702420399995, 0.0 ], [ 106.718034444000068, -6.247053469999976, 0.0 ], [ 106.71800517800007, -6.247076313999977, 0.0 ], [ 106.717953781000062, -6.247175537999966, 0.0 ], [ 106.717901755000071, -6.247299636999966, 0.0 ], [ 106.717875973000048, -6.247361134999946, 0.0 ], [ 106.717882397000039, -6.247393257999924, 0.0 ], [ 106.717910950000032, -6.247423953999933, 0.0 ], [ 106.717988759000036, -6.247461786999957, 0.0 ], [ 106.718137237000064, -6.247503189999971, 0.0 ], [ 106.718227895000041, -6.247548873999953, 0.0 ], [ 106.718343537000067, -6.247700922999963, 0.0 ], [ 106.71839136300008, -6.247747320999968, 0.0 ], [ 106.718526280000063, -6.247739469999945, 0.0 ], [ 106.718777550000098, -6.247728048999932, 0.0 ], [ 106.718841517000044, -6.24772459899997, 0.0 ], [ 106.718923174000068, -6.247720194999949, 0.0 ], [ 106.71901097600005, -6.24769592499996, 0.0 ], [ 106.71907950300006, -6.247685217999958, 0.0 ], [ 106.719103775000065, -6.247685217999965, 0.0 ], [ 106.719133041000077, -6.247697352999975, 0.0 ], [ 106.71914946000004, -6.24782013299995, 0.0 ], [ 106.719143035000059, -6.247916501999958, 0.0 ], [ 106.719137583000077, -6.247989061999926, 0.0 ], [ 106.719135723000079, -6.248013816999956, 0.0 ], [ 106.719134337000071, -6.248032261999986, 0.0 ], [ 106.719134217000033, -6.248033861999946, 0.0 ], [ 106.719134110000084, -6.248035276999922, 0.0 ], [ 106.719133919000058, -6.248037824999916, 0.0 ], [ 106.71913376100008, -6.248039920999938, 0.0 ], [ 106.719133755000087, -6.248039995999928, 0.0 ], [ 106.719134, -6.24804000199992, 0.0 ], [ 106.719140596000045, -6.248040181999947, 0.0 ], [ 106.719144590000042, -6.248040290999935, 0.0 ], [ 106.719150030000037, -6.24804043899996, 0.0 ], [ 106.719344852000063, -6.248045747999978, 0.0 ], [ 106.719487, -6.248056, 0.0 ], [ 106.719483288000049, -6.248080490999934, 0.0 ], [ 106.719483728000057, -6.248093294999929, 0.0 ], [ 106.719485338000084, -6.248140173999963, 0.0 ], [ 106.719485466000037, -6.248143901999977, 0.0 ], [ 106.719486915000061, -6.248186062999928, 0.0 ], [ 106.719496161000052, -6.248199842999951, 0.0 ], [ 106.719514715000059, -6.24822749599997, 0.0 ], [ 106.719530620000057, -6.248266201999972, 0.0 ], [ 106.719523686000059, -6.248339431999963, 0.0 ], [ 106.719513088000042, -6.24844307699993, 0.0 ], [ 106.719502835000071, -6.248543334999962, 0.0 ], [ 106.719493192000073, -6.248665380999969, 0.0 ], [ 106.719486231000076, -6.248729998999968, 0.0 ], [ 106.719476260000079, -6.248751563999978, 0.0 ], [ 106.719453486000077, -6.248806185999974, 0.0 ], [ 106.719450856000037, -6.248879402999926, 0.0 ], [ 106.719451142000082, -6.248966964999964, 0.0 ], [ 106.719452278000077, -6.249046675999982, 0.0 ], [ 106.719452439000065, -6.249058022999973, 0.0 ], [ 106.719452648000072, -6.249072680999977, 0.0 ], [ 106.719456998000055, -6.249358884999936, 0.0 ], [ 106.719457, -6.249359, 0.0 ], [ 106.719460739000056, -6.249359786999947, 0.0 ], [ 106.719470681000089, -6.249361880999968, 0.0 ], [ 106.719489742000064, -6.24936589499992, 0.0 ], [ 106.719537099000036, -6.24937148299995, 0.0 ], [ 106.719572296000081, -6.249370649999951, 0.0 ], [ 106.719687435000083, -6.249367926999973, 0.0 ], [ 106.719718024000088, -6.249367202999965, 0.0 ], [ 106.719720975000087, -6.249392073999963, 0.0 ], [ 106.719722094000076, -6.249441831999944, 0.0 ], [ 106.719726035000065, -6.249477227999929, 0.0 ], [ 106.719728013000065, -6.249497317999957, 0.0 ], [ 106.719730920000075, -6.249508790999926, 0.0 ], [ 106.719750071000078, -6.249516383999942, 0.0 ], [ 106.71977017200004, -6.249522059999941, 0.0 ], [ 106.719799839000075, -6.249528662999969, 0.0 ], [ 106.719826670000089, -6.249544842999969, 0.0 ], [ 106.719843946000083, -6.249563926999937, 0.0 ], [ 106.719854577000035, -6.249598342999946, 0.0 ], [ 106.719857912000066, -6.24960863099995, 0.0 ], [ 106.719887423000046, -6.249699674999939, 0.0 ], [ 106.71989323300005, -6.249721664999988, 0.0 ], [ 106.719903832000057, -6.249745555999941, 0.0 ], [ 106.719914385000038, -6.24975604699995, 0.0 ], [ 106.719977948000064, -6.249804886999932, 0.0 ], [ 106.719995419000043, -6.249818310999962, 0.0 ], [ 106.720047692000037, -6.249858474999939, 0.0 ], [ 106.720049566000057, -6.249859913999952, 0.0 ], [ 106.720149322000069, -6.249951456999946, 0.0 ], [ 106.720184860000074, -6.249998233999981, 0.0 ], [ 106.720247348000044, -6.250098509999932, 0.0 ], [ 106.720282905000033, -6.250151027999944, 0.0 ], [ 106.720312728000067, -6.250205477999938, 0.0 ], [ 106.720412582000051, -6.250326686999922, 0.0 ], [ 106.720433765000053, -6.250353005999947, 0.0 ], [ 106.720447150000041, -6.250369635999953, 0.0 ], [ 106.720486546000075, -6.250426925999933, 0.0 ], [ 106.720516371000087, -6.250481375999924, 0.0 ], [ 106.720550988000085, -6.250539636999966, 0.0 ], [ 106.720575075000056, -6.250594106999927, 0.0 ], [ 106.720588639000084, -6.250647651999949, 0.0 ], [ 106.720600946000047, -6.250684200999962, 0.0 ], [ 106.720604090000052, -6.250693535999972, 0.0 ], [ 106.720618543000057, -6.250726981999947, 0.0 ], [ 106.720677, -6.250813, 0.0 ], [ 106.720610248000071, -6.250840939999939, 0.0 ], [ 106.720567821000088, -6.250858649999948, 0.0 ], [ 106.720471000000103, -6.250899, 0.0 ], [ 106.720471018000083, -6.250899057999966, 0.0 ], [ 106.720493137000076, -6.250971959999954, 0.0 ], [ 106.720469304000062, -6.250972689999966, 0.0 ], [ 106.720414944000098, -6.250974353999927, 0.0 ], [ 106.720184488000086, -6.25098140999996, 0.0 ], [ 106.72018405900009, -6.250981422999929, 0.0 ], [ 106.720179945000041, -6.250981548999962, 0.0 ], [ 106.720138725000083, -6.250982810999969, 0.0 ], [ 106.718144978000055, -6.251205741999967, 0.0 ], [ 106.717526111000041, -6.251274940999969, 0.0 ], [ 106.717028987000049, -6.251330526999933, 0.0 ], [ 106.716764955000087, -6.251360049999961, 0.0 ], [ 106.715644, -6.251438605999958, 0.0 ], [ 106.714483182000038, -6.25151995499993, 0.0 ], [ 106.713970912000036, -6.251498592999946, 0.0 ], [ 106.713522974000057, -6.251479912999963, 0.0 ], [ 106.713429913000084, -6.251476031999971, 0.0 ], [ 106.713429129000076, -6.25147599899998, 0.0 ], [ 106.713428719000035, -6.25147598199993, 0.0 ], [ 106.713289947000078, -6.251470194999959, 0.0 ], [ 106.712264641000047, -6.251427438999935, 0.0 ], [ 106.711100041000066, -6.251373698999942, 0.0 ], [ 106.710941839000043, -6.251366398999952, 0.0 ], [ 106.710852768000052, -6.251362288999935, 0.0 ], [ 106.710760654000069, -6.251213964999982, 0.0 ], [ 106.710600071000044, -6.251000827999973, 0.0 ], [ 106.710368043000074, -6.250692862999926, 0.0 ], [ 106.710161628000037, -6.250452304999949, 0.0 ], [ 106.710136379000062, -6.250422879999972, 0.0 ], [ 106.709893339000089, -6.250139637999944, 0.0 ], [ 106.709852970000043, -6.250090457999939, 0.0 ], [ 106.709632102000057, -6.249821379999951, 0.0 ], [ 106.709357227000055, -6.249486508999943, 0.0 ], [ 106.709343509000064, -6.249469796999966, 0.0 ], [ 106.709331833000078, -6.249455571999924, 0.0 ], [ 106.709317412000075, -6.249438002999968, 0.0 ], [ 106.709316933000082, -6.249437387999934, 0.0 ], [ 106.709315654000079, -6.249435745999957, 0.0 ], [ 106.709292808000043, -6.24940643199995, 0.0 ], [ 106.709285567000052, -6.249397140999973, 0.0 ], [ 106.709245485000054, -6.249345708999946, 0.0 ], [ 106.709232057000065, -6.249328479999968, 0.0 ], [ 106.709206945000062, -6.249296256999961, 0.0 ], [ 106.709158957000056, -6.24923468199995, 0.0 ], [ 106.709102689000076, -6.249171200999974, 0.0 ], [ 106.708902680000051, -6.248945549999965, 0.0 ], [ 106.708459245000086, -6.24844888399997, 0.0 ], [ 106.708235711000043, -6.248198200999976, 0.0 ], [ 106.708231547000082, -6.248193531999966, 0.0 ], [ 106.708223129000032, -6.248184090999923, 0.0 ], [ 106.708167, -6.248138, 0.0 ], [ 106.708111040000077, -6.248122729999976, 0.0 ], [ 106.708095452000066, -6.248122179999942, 0.0 ], [ 106.708092332000035, -6.248122069999965, 0.0 ], [ 106.708073739000042, -6.248121414999956, 0.0 ], [ 106.708073446000085, -6.248121456999962, 0.0 ], [ 106.708002047000036, -6.248131695999978, 0.0 ], [ 106.707943299000078, -6.248153290999936, 0.0 ], [ 106.707939005000071, -6.24815486899996, 0.0 ], [ 106.70780579400008, -6.248215590999966, 0.0 ], [ 106.707802530000038, -6.248217367999932, 0.0 ], [ 106.707643982000036, -6.248303679999938, 0.0 ], [ 106.707462201000055, -6.24841971499995, 0.0 ], [ 106.707429254000047, -6.248440745999968, 0.0 ], [ 106.707078081000077, -6.248725133999931, 0.0 ], [ 106.707072248000088, -6.248729857999938, 0.0 ], [ 106.707064415000048, -6.248736200999934, 0.0 ], [ 106.707009428000049, -6.248770693999975, 0.0 ], [ 106.706997342000079, -6.248778275999941, 0.0 ], [ 106.706994397000074, -6.248780123999954, 0.0 ], [ 106.706994094000038, -6.248780313999922, 0.0 ], [ 106.706993749000048, -6.248780529999975, 0.0 ], [ 106.706993299000032, -6.248780811999956, 0.0 ], [ 106.706993, -6.248781, 0.0 ], [ 106.706992891000084, -6.248780975999983, 0.0 ], [ 106.706982248000088, -6.248778620999937, 0.0 ], [ 106.706854815000042, -6.248750419999964, 0.0 ], [ 106.706837229000087, -6.248737924999945, 0.0 ], [ 106.706814457000064, -6.248721744999948, 0.0 ], [ 106.706565838000074, -6.248545093999955, 0.0 ], [ 106.706504161000055, -6.248466676999952, 0.0 ], [ 106.706457238000041, -6.248373523999939, 0.0 ], [ 106.706420911000066, -6.248230094999935, 0.0 ], [ 106.706433145000062, -6.248147168999943, 0.0 ], [ 106.706477059000065, -6.247849512999949, 0.0 ], [ 106.706526369000073, -6.247573026999926, 0.0 ], [ 106.706522457000062, -6.247472556999976, 0.0 ], [ 106.706504270000039, -6.247393664999939, 0.0 ], [ 106.706477524000036, -6.247336794999963, 0.0 ], [ 106.706453716000055, -6.247286168999945, 0.0 ], [ 106.706403300000034, -6.247221736999958, 0.0 ], [ 106.70628804100005, -6.247067796999948, 0.0 ], [ 106.706266281000069, -6.246992504999985, 0.0 ], [ 106.70627664400007, -6.24687045699994, 0.0 ], [ 106.706372809000072, -6.24666559199994, 0.0 ], [ 106.706469089000052, -6.246496611999922, 0.0 ], [ 106.706661198000063, -6.246245805999935, 0.0 ], [ 106.706766446000074, -6.246108400999955, 0.0 ], [ 106.706787357000053, -6.246081101999945, 0.0 ], [ 106.706819057000075, -6.246039715999918, 0.0 ], [ 106.706906460000084, -6.245897678999945, 0.0 ], [ 106.706993861000058, -6.245755642999932, 0.0 ], [ 106.707082738000068, -6.245514914999945, 0.0 ], [ 106.707196560000057, -6.245101354999969, 0.0 ], [ 106.707221310000079, -6.244992417999979, 0.0 ], [ 106.707358294000073, -6.244472812999965, 0.0 ], [ 106.707452626000091, -6.244071771999919, 0.0 ], [ 106.707473313000037, -6.243998690999954, 0.0 ], [ 106.707538442000043, -6.243768603999963, 0.0 ], [ 106.707544813000084, -6.243746100999946, 0.0 ], [ 106.707647432000044, -6.24331991199995, 0.0 ], [ 106.707750495000084, -6.24303128899992, 0.0 ], [ 106.707807079000077, -6.242785879999926, 0.0 ], [ 106.70781490800006, -6.242619579999946, 0.0 ], [ 106.708298349000074, -6.24253966899994, 0.0 ], [ 106.708524146000059, -6.242498264999931, 0.0 ], [ 106.708735642000079, -6.242471260999943, 0.0 ], [ 106.70874892900008, -6.242469644999968, 0.0 ], [ 106.708937585000058, -6.242446681999987, 0.0 ], [ 106.70917299000007, -6.242419600999934, 0.0 ], [ 106.709181089000083, -6.242419230999922, 0.0 ], [ 106.709426376000067, -6.242408010999944, 0.0 ], [ 106.709544819000087, -6.242388866999927, 0.0 ], [ 106.709742784000071, -6.242391094999966, 0.0 ], [ 106.710100612000076, -6.242442566999958, 0.0 ], [ 106.710281456000075, -6.242473558999967, 0.0 ], [ 106.710352894000039, -6.242483162999974, 0.0 ], [ 106.710517769000035, -6.242505329999973, 0.0 ], [ 106.71078366200004, -6.242516905999938, 0.0 ] ] ] ] } },
{ "type": "Feature", "properties": { "OBJECTID": 83565, "NAMOBJ": "Parung Serab", "FCODE": "BA03080040", "REMARK": " ", "METADATA": "TASWIL1000020221227_DATA_BATAS_DESAKELURAHAN", "SRS_ID": "SRGI 2013", "KDBBPS": " ", "KDCBPS": " ", "KDCPUM": "36.71.06", "KDEBPS": " ", "KDEPUM": "36.71.06.1005", "KDPBPS": " ", "KDPKAB": "36.71", "KDPPUM": "36", "LUASWH": 0.0, "TIPADM": 2, "WADMKC": "Ciledug", "WADMKD": "Parung Serab", "WADMKK": "Kota Tangerang", "WADMPR": "Banten", "WIADKC": " ", "WIADKK": " ", "WIADPR": " ", "WIADKD": " ", "UUPP": " ", "luas": null, "SHAPE_Length": 0.052823690626593624, "SHAPE_Area": 0.00010663095262925288 }, "geometry": { "type": "MultiPolygon", "coordinates": [ [ [ [ 106.703807, -6.243092, 0.0 ], [ 106.703839367000057, -6.243097794999931, 0.0 ], [ 106.703863925000064, -6.243095577999958, 0.0 ], [ 106.704086742000072, -6.243075460999935, 0.0 ], [ 106.704586471000084, -6.243001371999971, 0.0 ], [ 106.704771377000043, -6.242973957999937, 0.0 ], [ 106.705013063000081, -6.242947621999964, 0.0 ], [ 106.705084770000042, -6.242939807999956, 0.0 ], [ 106.705100203000086, -6.242938125999953, 0.0 ], [ 106.70511, -6.242937, 0.0 ], [ 106.705303144000084, -6.242916011999959, 0.0 ], [ 106.705333157000041, -6.242914134999974, 0.0 ], [ 106.705363555000076, -6.242912233999963, 0.0 ], [ 106.705464489000079, -6.242905919999934, 0.0 ], [ 106.705530244000045, -6.242908098999972, 0.0 ], [ 106.705616337000038, -6.242916194999969, 0.0 ], [ 106.705745463000085, -6.24292295299995, 0.0 ], [ 106.705965406000075, -6.242919847999929, 0.0 ], [ 106.706424222000066, -6.242852568999984, 0.0 ], [ 106.706751007000037, -6.242785679999941, 0.0 ], [ 106.707035859000086, -6.242727373999977, 0.0 ], [ 106.707271474000038, -6.242694773999967, 0.0 ], [ 106.707350776000055, -6.242683799999943, 0.0 ], [ 106.707725871000036, -6.242631898999954, 0.0 ], [ 106.707810790000053, -6.242620149999936, 0.0 ], [ 106.70781490800006, -6.242619579999946, 0.0 ], [ 106.707807079000077, -6.242785879999926, 0.0 ], [ 106.707750495000084, -6.24303128899992, 0.0 ], [ 106.707647432000044, -6.24331991199995, 0.0 ], [ 106.707544813000084, -6.243746100999946, 0.0 ], [ 106.707538442000043, -6.243768603999963, 0.0 ], [ 106.707473313000037, -6.243998690999954, 0.0 ], [ 106.707452626000091, -6.244071771999919, 0.0 ], [ 106.707358294000073, -6.244472812999965, 0.0 ], [ 106.707221310000079, -6.244992417999979, 0.0 ], [ 106.707196560000057, -6.245101354999969, 0.0 ], [ 106.707082738000068, -6.245514914999945, 0.0 ], [ 106.706993861000058, -6.245755642999932, 0.0 ], [ 106.706906460000084, -6.245897678999945, 0.0 ], [ 106.706819057000075, -6.246039715999918, 0.0 ], [ 106.706787357000053, -6.246081101999945, 0.0 ], [ 106.706766446000074, -6.246108400999955, 0.0 ], [ 106.706661198000063, -6.246245805999935, 0.0 ], [ 106.706469089000052, -6.246496611999922, 0.0 ], [ 106.706372809000072, -6.24666559199994, 0.0 ], [ 106.70627664400007, -6.24687045699994, 0.0 ], [ 106.706266281000069, -6.246992504999985, 0.0 ], [ 106.70628804100005, -6.247067796999948, 0.0 ], [ 106.706403300000034, -6.247221736999958, 0.0 ], [ 106.706453716000055, -6.247286168999945, 0.0 ], [ 106.706477524000036, -6.247336794999963, 0.0 ], [ 106.706504270000039, -6.247393664999939, 0.0 ], [ 106.706522457000062, -6.247472556999976, 0.0 ], [ 106.706526369000073, -6.247573026999926, 0.0 ], [ 106.706477059000065, -6.247849512999949, 0.0 ], [ 106.706433145000062, -6.248147168999943, 0.0 ], [ 106.706420911000066, -6.248230094999935, 0.0 ], [ 106.706457238000041, -6.248373523999939, 0.0 ], [ 106.706504161000055, -6.248466676999952, 0.0 ], [ 106.706565838000074, -6.248545093999955, 0.0 ], [ 106.706814457000064, -6.248721744999948, 0.0 ], [ 106.706837229000087, -6.248737924999945, 0.0 ], [ 106.706854815000042, -6.248750419999964, 0.0 ], [ 106.706982248000088, -6.248778620999937, 0.0 ], [ 106.706992891000084, -6.248780975999983, 0.0 ], [ 106.706993, -6.248781, 0.0 ], [ 106.706993299000032, -6.248780811999956, 0.0 ], [ 106.706993749000048, -6.248780529999975, 0.0 ], [ 106.706994094000038, -6.248780313999922, 0.0 ], [ 106.706994397000074, -6.248780123999954, 0.0 ], [ 106.706997342000079, -6.248778275999941, 0.0 ], [ 106.707009428000049, -6.248770693999975, 0.0 ], [ 106.707064415000048, -6.248736200999934, 0.0 ], [ 106.707072248000088, -6.248729857999938, 0.0 ], [ 106.707078081000077, -6.248725133999931, 0.0 ], [ 106.707429254000047, -6.248440745999968, 0.0 ], [ 106.707462201000055, -6.24841971499995, 0.0 ], [ 106.707643982000036, -6.248303679999938, 0.0 ], [ 106.707802530000038, -6.248217367999932, 0.0 ], [ 106.70780579400008, -6.248215590999966, 0.0 ], [ 106.707939005000071, -6.24815486899996, 0.0 ], [ 106.707943299000078, -6.248153290999936, 0.0 ], [ 106.708002047000036, -6.248131695999978, 0.0 ], [ 106.708073446000085, -6.248121456999962, 0.0 ], [ 106.708073739000042, -6.248121414999956, 0.0 ], [ 106.708092332000035, -6.248122069999965, 0.0 ], [ 106.708095452000066, -6.248122179999942, 0.0 ], [ 106.708111040000077, -6.248122729999976, 0.0 ], [ 106.708167, -6.248138, 0.0 ], [ 106.708223129000032, -6.248184090999923, 0.0 ], [ 106.708231547000082, -6.248193531999966, 0.0 ], [ 106.708235711000043, -6.248198200999976, 0.0 ], [ 106.708459245000086, -6.24844888399997, 0.0 ], [ 106.708902680000051, -6.248945549999965, 0.0 ], [ 106.709102689000076, -6.249171200999974, 0.0 ], [ 106.709158957000056, -6.24923468199995, 0.0 ], [ 106.709206945000062, -6.249296256999961, 0.0 ], [ 106.709232057000065, -6.249328479999968, 0.0 ], [ 106.709245485000054, -6.249345708999946, 0.0 ], [ 106.709285567000052, -6.249397140999973, 0.0 ], [ 106.709292808000043, -6.24940643199995, 0.0 ], [ 106.709315654000079, -6.249435745999957, 0.0 ], [ 106.709316933000082, -6.249437387999934, 0.0 ], [ 106.709317412000075, -6.249438002999968, 0.0 ], [ 106.709331833000078, -6.249455571999924, 0.0 ], [ 106.709343509000064, -6.249469796999966, 0.0 ], [ 106.709357227000055, -6.249486508999943, 0.0 ], [ 106.709632102000057, -6.249821379999951, 0.0 ], [ 106.709852970000043, -6.250090457999939, 0.0 ], [ 106.709893339000089, -6.250139637999944, 0.0 ], [ 106.710136379000062, -6.250422879999972, 0.0 ], [ 106.710161628000037, -6.250452304999949, 0.0 ], [ 106.710368043000074, -6.250692862999926, 0.0 ], [ 106.710600071000044, -6.251000827999973, 0.0 ], [ 106.710760654000069, -6.251213964999982, 0.0 ], [ 106.710852768000052, -6.251362288999935, 0.0 ], [ 106.710245490000034, -6.251334265999957, 0.0 ], [ 106.708544106000033, -6.251124891999953, 0.0 ], [ 106.708203423000043, -6.251082966999953, 0.0 ], [ 106.707954934000043, -6.251052387999946, 0.0 ], [ 106.707845057000057, -6.25103001499997, 0.0 ], [ 106.70724331200006, -6.250907489999982, 0.0 ], [ 106.707164272000057, -6.250891395999935, 0.0 ], [ 106.70680314100008, -6.250817862999957, 0.0 ], [ 106.706174880000049, -6.25090018099996, 0.0 ], [ 106.705870803000039, -6.25094002199995, 0.0 ], [ 106.705353337000076, -6.25166402899992, 0.0 ], [ 106.705159592000086, -6.25193510499998, 0.0 ], [ 106.704665636000072, -6.252333104999936, 0.0 ], [ 106.704565778000074, -6.252413563999938, 0.0 ], [ 106.704378610000049, -6.252813797999975, 0.0 ], [ 106.704030008000075, -6.253559233999968, 0.0 ], [ 106.703899234000062, -6.254186047999946, 0.0 ], [ 106.70383141800005, -6.254609181999959, 0.0 ], [ 106.70386172200007, -6.255033590999965, 0.0 ], [ 106.703865632000088, -6.255088356999976, 0.0 ], [ 106.703873652000084, -6.255200678999929, 0.0 ], [ 106.703915799000072, -6.255765284999931, 0.0 ], [ 106.704010964000076, -6.256101131999962, 0.0 ], [ 106.703455574000088, -6.255300464999943, 0.0 ], [ 106.702618602000086, -6.254774121999962, 0.0 ], [ 106.701938645000041, -6.254531481999951, 0.0 ], [ 106.701819536000073, -6.254488977999928, 0.0 ], [ 106.701254805000076, -6.254291728999926, 0.0 ], [ 106.700505004000036, -6.253997410999943, 0.0 ], [ 106.699891002000072, -6.25375639699996, 0.0 ], [ 106.699777292000078, -6.25371176299995, 0.0 ], [ 106.699386605000086, -6.25343457599996, 0.0 ], [ 106.699317191000034, -6.253340994999977, 0.0 ], [ 106.699256107000053, -6.253258644999962, 0.0 ], [ 106.698762195000086, -6.252629085999961, 0.0 ], [ 106.698338483000043, -6.251715660999936, 0.0 ], [ 106.698311775000036, -6.25165808499997, 0.0 ], [ 106.698244146000036, -6.251653761999932, 0.0 ], [ 106.697067903000061, -6.251578566999968, 0.0 ], [ 106.69614888200006, -6.251507279999948, 0.0 ], [ 106.695999854000036, -6.251340689999949, 0.0 ], [ 106.696394733000048, -6.250039973999951, 0.0 ], [ 106.696400413000063, -6.250008569999975, 0.0 ], [ 106.696458561000043, -6.24968706199997, 0.0 ], [ 106.696554516000049, -6.249152724999938, 0.0 ], [ 106.69659531700006, -6.248925518999949, 0.0 ], [ 106.696605279000039, -6.248863954999936, 0.0 ], [ 106.696895815000062, -6.247068396999956, 0.0 ], [ 106.696961677000047, -6.246518018999948, 0.0 ], [ 106.697031375000051, -6.245935588999947, 0.0 ], [ 106.697212501000081, -6.244542745999973, 0.0 ], [ 106.697213971000053, -6.24450621499995, 0.0 ], [ 106.697847696000053, -6.244536965999945, 0.0 ], [ 106.69804124500007, -6.244537, 0.0 ], [ 106.698252590000038, -6.244537037999971, 0.0 ], [ 106.698313173000088, -6.244537047999924, 0.0 ], [ 106.698461853000083, -6.244537074999927, 0.0 ], [ 106.698726320000048, -6.244537120999945, 0.0 ], [ 106.698859346000063, -6.244535424999978, 0.0 ], [ 106.699266355000077, -6.244530231999926, 0.0 ], [ 106.699353881000036, -6.244529114999973, 0.0 ], [ 106.699565986000039, -6.244504504999958, 0.0 ], [ 106.699733091000041, -6.244426209999967, 0.0 ], [ 106.69984742700008, -6.244333473999964, 0.0 ], [ 106.699962606000042, -6.24424005299994, 0.0 ], [ 106.700098038000078, -6.244125657999982, 0.0 ], [ 106.700153287000035, -6.244078990999973, 0.0 ], [ 106.70035158900005, -6.243888868999933, 0.0 ], [ 106.700452902000052, -6.243767176999935, 0.0 ], [ 106.700462483000095, -6.243756676999966, 0.0 ], [ 106.700467257000071, -6.243750517999953, 0.0 ], [ 106.700479011000084, -6.243735357999976, 0.0 ], [ 106.700497659000064, -6.243711305999968, 0.0 ], [ 106.700502868000058, -6.243704584999938, 0.0 ], [ 106.70052282100005, -6.243678849999974, 0.0 ], [ 106.700534390000087, -6.243663926999938, 0.0 ], [ 106.700546174000067, -6.243648723999972, 0.0 ], [ 106.700555869000098, -6.243636392999969, 0.0 ], [ 106.700677830000075, -6.243481241999974, 0.0 ], [ 106.700695628000062, -6.243458598999957, 0.0 ], [ 106.700705818000074, -6.243445635999924, 0.0 ], [ 106.700772031000042, -6.24335500499996, 0.0 ], [ 106.700776995000084, -6.243348209999959, 0.0 ], [ 106.700912904000063, -6.243162176999935, 0.0 ], [ 106.701154006000081, -6.242847379999949, 0.0 ], [ 106.701202615000057, -6.242797679999974, 0.0 ], [ 106.701213736000071, -6.242786309999934, 0.0 ], [ 106.701248370000087, -6.242750897999943, 0.0 ], [ 106.701316, -6.242675, 0.0 ], [ 106.701386939000102, -6.242595502999955, 0.0 ], [ 106.701418317000048, -6.242560313999942, 0.0 ], [ 106.701525657000047, -6.242439939999942, 0.0 ], [ 106.701805852000078, -6.242141891999946, 0.0 ], [ 106.701984603000085, -6.241969057999939, 0.0 ], [ 106.702219183000068, -6.241760155999941, 0.0 ], [ 106.702283885000057, -6.241702329999956, 0.0 ], [ 106.702287436000063, -6.241699155999925, 0.0 ], [ 106.702464893000084, -6.241742242999973, 0.0 ], [ 106.702466582000056, -6.241742652999968, 0.0 ], [ 106.702503343000046, -6.24175157799993, 0.0 ], [ 106.702645671000084, -6.241775042999967, 0.0 ], [ 106.702725819000079, -6.241792726999958, 0.0 ], [ 106.702795237000032, -6.241818819999936, 0.0 ], [ 106.702815769000054, -6.241835667999958, 0.0 ], [ 106.702870748000066, -6.24188077899993, 0.0 ], [ 106.702904404000037, -6.241938089999965, 0.0 ], [ 106.702929839000035, -6.242040882999967, 0.0 ], [ 106.702949569000054, -6.242227428999966, 0.0 ], [ 106.70297529700008, -6.24242113399993, 0.0 ], [ 106.702994628000056, -6.242484472999941, 0.0 ], [ 106.703042660000051, -6.242551305999945, 0.0 ], [ 106.703086982000059, -6.242579871999959, 0.0 ], [ 106.703254465000043, -6.242662522999987, 0.0 ], [ 106.703298906000043, -6.242684453999977, 0.0 ], [ 106.703369584000086, -6.242730877999981, 0.0 ], [ 106.703458255000044, -6.24279638299993, 0.0 ], [ 106.703581809000084, -6.242928763999936, 0.0 ], [ 106.703677785000082, -6.243034917999972, 0.0 ], [ 106.703720916000066, -6.243064683999933, 0.0 ], [ 106.703735675000075, -6.243071013999957, 0.0 ], [ 106.703739050000081, -6.243072460999944, 0.0 ], [ 106.703765206000071, -6.243083678999944, 0.0 ], [ 106.703807, -6.243092, 0.0 ] ] ] ] } },
{ "type": "Feature", "properties": { "OBJECTID": 83577, "NAMOBJ": "Bugel", "FCODE": "BA03080040", "REMARK": " ", "METADATA": "TASWIL1000020221227_DATA_BATAS_DESAKELURAHAN", "SRS_ID": "SRGI 2013", "KDBBPS": " ", "KDCBPS": " ", "KDCPUM": "36.71.07", "KDEBPS": " ", "KDEPUM": "36.71.07.1009", "KDPBPS": " ", "KDPKAB": "36.71", "KDPPUM": "36", "LUASWH": 0.0, "TIPADM": 2, "WADMKC": "Karawaci", "WADMKD": "Bugel", "WADMKK": "Kota Tangerang", "WADMPR": "Banten", "WIADKC": " ", "WIADKK": " ", "WIADPR": " ", "WIADKD": " ", "UUPP": " ", "luas": null, "SHAPE_Length": 0.049862901108408117, "SHAPE_Area": 7.4623879688242477e-05 }, "geometry": { "type": "MultiPolygon", "coordinates": [ [ [ [ 106.610310128000037, -6.171379025999951, 0.0 ], [ 106.610374702000058, -6.171489759999925, 0.0 ], [ 106.610408544000052, -6.171547791999957, 0.0 ], [ 106.610532223000064, -6.17175988199995, 0.0 ], [ 106.610593245000075, -6.171864525999976, 0.0 ], [ 106.610616426000036, -6.171904276999951, 0.0 ], [ 106.610611220000067, -6.171907669999939, 0.0 ], [ 106.610590935000062, -6.171922910999969, 0.0 ], [ 106.610505191000073, -6.171987330999964, 0.0 ], [ 106.610485074000053, -6.172450353999986, 0.0 ], [ 106.610128580000037, -6.172484123999941, 0.0 ], [ 106.610015457000088, -6.172494839999954, 0.0 ], [ 106.610005257000068, -6.172679697999966, 0.0 ], [ 106.609995058000038, -6.172864553999949, 0.0 ], [ 106.610000190000051, -6.173029848999933, 0.0 ], [ 106.610000335000052, -6.173034545999939, 0.0 ], [ 106.610011279000048, -6.173386928999951, 0.0 ], [ 106.609805727000037, -6.173369110999943, 0.0 ], [ 106.609702338000048, -6.173360148999969, 0.0 ], [ 106.609584348000055, -6.173349920999957, 0.0 ], [ 106.609543343000041, -6.173350873999928, 0.0 ], [ 106.609505271000046, -6.173417498999921, 0.0 ], [ 106.609298258000081, -6.173681618999981, 0.0 ], [ 106.609281602000067, -6.17371493099995, 0.0 ], [ 106.609257807000063, -6.173781555999932, 0.0 ], [ 106.609236392000071, -6.173850560999932, 0.0 ], [ 106.609222819000081, -6.174106596999926, 0.0 ], [ 106.609197453000036, -6.174182723999943, 0.0 ], [ 106.609175569000058, -6.174248400999939, 0.0 ], [ 106.609134183000037, -6.174372606999948, 0.0 ], [ 106.609129187000065, -6.174387601999969, 0.0 ], [ 106.609109101000058, -6.174447882999967, 0.0 ], [ 106.609100763000072, -6.174476358999926, 0.0 ], [ 106.609238319000042, -6.174616958999928, 0.0 ], [ 106.609217697000076, -6.17464390199996, 0.0 ], [ 106.609202942000081, -6.174663179999934, 0.0 ], [ 106.609195540000087, -6.174672847999934, 0.0 ], [ 106.609175426000036, -6.174699128999969, 0.0 ], [ 106.609164631000056, -6.174713231999927, 0.0 ], [ 106.60913154800005, -6.174756455999961, 0.0 ], [ 106.609087296000041, -6.174782438999952, 0.0 ], [ 106.608990752000068, -6.174839124999942, 0.0 ], [ 106.608991746000072, -6.175168100999944, 0.0 ], [ 106.609622388000048, -6.17520806399995, 0.0 ], [ 106.609623228000032, -6.175486196999932, 0.0 ], [ 106.609303995000062, -6.175478120999977, 0.0 ], [ 106.609148386000086, -6.175474183999945, 0.0 ], [ 106.609051159000046, -6.175471723999967, 0.0 ], [ 106.609002739000061, -6.175470498999974, 0.0 ], [ 106.608994639000059, -6.175622782999946, 0.0 ], [ 106.608981521000032, -6.175716486999931, 0.0 ], [ 106.608981314000062, -6.175717961999964, 0.0 ], [ 106.608979411000064, -6.175934968999964, 0.0 ], [ 106.608974812000042, -6.176068334999971, 0.0 ], [ 106.608972791000042, -6.17612694299992, 0.0 ], [ 106.608970450000072, -6.176194824999928, 0.0 ], [ 106.608968834000052, -6.176241689999936, 0.0 ], [ 106.608967686000085, -6.176274994999971, 0.0 ], [ 106.60896714200004, -6.176290769999983, 0.0 ], [ 106.608966953000049, -6.17629625299997, 0.0 ], [ 106.60896641000005, -6.176311973999927, 0.0 ], [ 106.608966352000039, -6.176313662999966, 0.0 ], [ 106.608965626000042, -6.176334720999928, 0.0 ], [ 106.608963817000074, -6.176387163999952, 0.0 ], [ 106.608961331000046, -6.176459249999933, 0.0 ], [ 106.608957369000052, -6.176574162999942, 0.0 ], [ 106.608956654000053, -6.176589568999928, 0.0 ], [ 106.608955365000043, -6.176617357999937, 0.0 ], [ 106.608954535000066, -6.176635260999944, 0.0 ], [ 106.608952844000044, -6.176671703999936, 0.0 ], [ 106.608954015000052, -6.176715366999935, 0.0 ], [ 106.608956885000055, -6.176822421999921, 0.0 ], [ 106.609537842000066, -6.17683502099993, 0.0 ], [ 106.609532046000083, -6.177290820999926, 0.0 ], [ 106.609557023000036, -6.177411840999972, 0.0 ], [ 106.609561162000034, -6.177431894999934, 0.0 ], [ 106.609594094000045, -6.177666753999968, 0.0 ], [ 106.609595841000043, -6.177697774999952, 0.0 ], [ 106.609606727000084, -6.177891019999949, 0.0 ], [ 106.60944244500007, -6.17791544299996, 0.0 ], [ 106.609373751000078, -6.177927613999947, 0.0 ], [ 106.609374526000067, -6.177949610999973, 0.0 ], [ 106.609378320000076, -6.178057219999973, 0.0 ], [ 106.60919937500006, -6.17805212599996, 0.0 ], [ 106.609155979000036, -6.178050889999949, 0.0 ], [ 106.609105103000047, -6.178049008999952, 0.0 ], [ 106.60905043200006, -6.178046988999943, 0.0 ], [ 106.608895654000037, -6.178041266999962, 0.0 ], [ 106.608886146000089, -6.178063318999937, 0.0 ], [ 106.608885222000083, -6.178082640999945, 0.0 ], [ 106.608885183000055, -6.17808345499998, 0.0 ], [ 106.608873010000082, -6.178337889999969, 0.0 ], [ 106.608872660000088, -6.178338819999962, 0.0 ], [ 106.608851142000049, -6.17839610399995, 0.0 ], [ 106.608836995000047, -6.178439011999957, 0.0 ], [ 106.608831086000066, -6.178456934999925, 0.0 ], [ 106.608825084000046, -6.178475137999957, 0.0 ], [ 106.608799027000089, -6.178554170999978, 0.0 ], [ 106.608781554000075, -6.178612725999921, 0.0 ], [ 106.608724332000065, -6.178606626999971, 0.0 ], [ 106.608655804000094, -6.178602343999962, 0.0 ], [ 106.608498107000074, -6.178573403999962, 0.0 ], [ 106.608203230000072, -6.178506689999947, 0.0 ], [ 106.608216194000093, -6.178471989999927, 0.0 ], [ 106.608185560000038, -6.178463912999976, 0.0 ], [ 106.60810781400005, -6.178447398999928, 0.0 ], [ 106.608064131000049, -6.178438288999924, 0.0 ], [ 106.608057835000068, -6.178436975999938, 0.0 ], [ 106.607983423000064, -6.178421456999949, 0.0 ], [ 106.607945114000074, -6.178401236999949, 0.0 ], [ 106.607833540000058, -6.178377495999933, 0.0 ], [ 106.607588672000077, -6.178325393999953, 0.0 ], [ 106.60748533900005, -6.178303406999933, 0.0 ], [ 106.607366610000042, -6.17828199299993, 0.0 ], [ 106.607291709000037, -6.178284996999933, 0.0 ], [ 106.60728748300005, -6.178284080999963, 0.0 ], [ 106.607274664000045, -6.178281301999958, 0.0 ], [ 106.60721908000005, -6.178269250999958, 0.0 ], [ 106.607146449000084, -6.178253504999934, 0.0 ], [ 106.607144895000033, -6.178253168999954, 0.0 ], [ 106.607142027000066, -6.178267703999955, 0.0 ], [ 106.607122910000044, -6.178364616999937, 0.0 ], [ 106.607091581000077, -6.178523434999931, 0.0 ], [ 106.607077161000063, -6.178592331999941, 0.0 ], [ 106.607015226000044, -6.178888291999953, 0.0 ], [ 106.607001773000036, -6.17894349499994, 0.0 ], [ 106.606979574000036, -6.179034580999941, 0.0 ], [ 106.606974720000039, -6.179054493999963, 0.0 ], [ 106.607049058000101, -6.179057810999958, 0.0 ], [ 106.607108254000082, -6.179060453999973, 0.0 ], [ 106.607107048000046, -6.179131395999954, 0.0 ], [ 106.607105641000032, -6.179214262999958, 0.0 ], [ 106.607103535000078, -6.179338123999977, 0.0 ], [ 106.607102506000047, -6.179398635999967, 0.0 ], [ 106.607098489000066, -6.179634934999969, 0.0 ], [ 106.607148141000039, -6.179644431999972, 0.0 ], [ 106.607387348000088, -6.179690190999962, 0.0 ], [ 106.60746045000009, -6.179700116999917, 0.0 ], [ 106.607423142000073, -6.179889784999944, 0.0 ], [ 106.607568485000058, -6.179905669999933, 0.0 ], [ 106.607641679000039, -6.179919325999945, 0.0 ], [ 106.607915434000063, -6.179928546999967, 0.0 ], [ 106.608015236000085, -6.179947052999981, 0.0 ], [ 106.608245525000086, -6.179989754999943, 0.0 ], [ 106.608324531000051, -6.180027795999929, 0.0 ], [ 106.608554145000085, -6.180065382999951, 0.0 ], [ 106.608559165000088, -6.18014432299997, 0.0 ], [ 106.608648005000077, -6.180154827999957, 0.0 ], [ 106.608874841000059, -6.180181648999966, 0.0 ], [ 106.609161808000067, -6.180211883999962, 0.0 ], [ 106.609202424000046, -6.180214549999963, 0.0 ], [ 106.609190365000075, -6.180514222999924, 0.0 ], [ 106.609186503000046, -6.180610228999964, 0.0 ], [ 106.609180589000061, -6.180677008999963, 0.0 ], [ 106.60917549800007, -6.180786317999939, 0.0 ], [ 106.609168017000059, -6.180946929999945, 0.0 ], [ 106.609166573000039, -6.181101972999948, 0.0 ], [ 106.609390022000071, -6.181099969999935, 0.0 ], [ 106.609393787000059, -6.18113456699996, 0.0 ], [ 106.609395857000038, -6.181166195999935, 0.0 ], [ 106.609406794000066, -6.181333206999957, 0.0 ], [ 106.60940905800004, -6.181367769999951, 0.0 ], [ 106.609411332000036, -6.181402481999961, 0.0 ], [ 106.609301362000053, -6.181402814999955, 0.0 ], [ 106.609304479000059, -6.181473055999956, 0.0 ], [ 106.609307692000087, -6.181545448999944, 0.0 ], [ 106.609312002000081, -6.181642582999922, 0.0 ], [ 106.609314988000051, -6.181709874999974, 0.0 ], [ 106.609312186000068, -6.181851152999968, 0.0 ], [ 106.609144276000052, -6.181847168999976, 0.0 ], [ 106.608527227000081, -6.181832528999955, 0.0 ], [ 106.608525512000085, -6.181897611999944, 0.0 ], [ 106.608489933000044, -6.181897179999971, 0.0 ], [ 106.608476242000052, -6.182128620999941, 0.0 ], [ 106.60847132300006, -6.182399951999971, 0.0 ], [ 106.608477931000039, -6.182695403999953, 0.0 ], [ 106.608280247000053, -6.182694220999961, 0.0 ], [ 106.6082739860001, -6.182809965999983, 0.0 ], [ 106.608273225000062, -6.182824035999936, 0.0 ], [ 106.607910576000052, -6.182822415999966, 0.0 ], [ 106.607890240000074, -6.182822324999957, 0.0 ], [ 106.607633544000066, -6.182829375999973, 0.0 ], [ 106.607597341000087, -6.182830369999979, 0.0 ], [ 106.607589329000064, -6.183185185999952, 0.0 ], [ 106.60756735800004, -6.183233602999966, 0.0 ], [ 106.607516983000039, -6.183264037999942, 0.0 ], [ 106.607428090000042, -6.183263366999943, 0.0 ], [ 106.607392230000073, -6.183263097999945, 0.0 ], [ 106.607281124000053, -6.183262260999924, 0.0 ], [ 106.607198996000093, -6.183261641999933, 0.0 ], [ 106.606927503000065, -6.183259595999961, 0.0 ], [ 106.606824266000046, -6.18325881799995, 0.0 ], [ 106.606822256000044, -6.183258761999983, 0.0 ], [ 106.60662005000006, -6.183253084999932, 0.0 ], [ 106.606574900000055, -6.183496689999973, 0.0 ], [ 106.606552410000063, -6.183497039999958, 0.0 ], [ 106.606004757000051, -6.183505591999954, 0.0 ], [ 106.605619317000048, -6.18350157799995, 0.0 ], [ 106.605512535000059, -6.183500466999931, 0.0 ], [ 106.605509763000043, -6.183458745999926, 0.0 ], [ 106.605525127000078, -6.183414670999973, 0.0 ], [ 106.605537063000043, -6.183403090999947, 0.0 ], [ 106.605543824000051, -6.183396530999966, 0.0 ], [ 106.605571154000089, -6.183370014999973, 0.0 ], [ 106.605584485000065, -6.18335708199993, 0.0 ], [ 106.605632426000057, -6.183317688999969, 0.0 ], [ 106.605659250000087, -6.183295648999953, 0.0 ], [ 106.605690245000062, -6.183261447999937, 0.0 ], [ 106.60569698900008, -6.183254005999973, 0.0 ], [ 106.605714870000043, -6.183234273999963, 0.0 ], [ 106.605720588000054, -6.183153701999968, 0.0 ], [ 106.60572776500004, -6.183100732999946, 0.0 ], [ 106.605730209000058, -6.183082701999973, 0.0 ], [ 106.605706875000067, -6.182979433999946, 0.0 ], [ 106.605693165000048, -6.182956944999951, 0.0 ], [ 106.605658954000035, -6.182900832999961, 0.0 ], [ 106.605644323000035, -6.182868269999969, 0.0 ], [ 106.605616723000082, -6.182806843999972, 0.0 ], [ 106.605583190000061, -6.182670164999935, 0.0 ], [ 106.605578933000061, -6.182652810999974, 0.0 ], [ 106.605603087000077, -6.182547754999969, 0.0 ], [ 106.605614569000068, -6.182497809999971, 0.0 ], [ 106.605645413000047, -6.182363661999936, 0.0 ], [ 106.605641153000093, -6.182298150999946, 0.0 ], [ 106.60563996100008, -6.182279808999963, 0.0 ], [ 106.60563767900004, -6.182244705999944, 0.0 ], [ 106.605599321000057, -6.182125842999936, 0.0 ], [ 106.605580881000037, -6.182079627999935, 0.0 ], [ 106.605567803000042, -6.182046852999983, 0.0 ], [ 106.605565044000059, -6.182039936999948, 0.0 ], [ 106.60556246200008, -6.182033464999956, 0.0 ], [ 106.605559136000068, -6.182032482999941, 0.0 ], [ 106.605554691000066, -6.182031169999956, 0.0 ], [ 106.605552087000035, -6.182030400999965, 0.0 ], [ 106.605534865000038, -6.182025314999967, 0.0 ], [ 106.605531787000075, -6.182024405999925, 0.0 ], [ 106.605470961000037, -6.18200643799997, 0.0 ], [ 106.605403344000081, -6.182000479999947, 0.0 ], [ 106.605277709000063, -6.181979064999954, 0.0 ], [ 106.605139224000084, -6.181900542999919, 0.0 ], [ 106.605043570000078, -6.181816309999932, 0.0 ], [ 106.604967903000059, -6.18171351699994, 0.0 ], [ 106.604825135000056, -6.181586453999962, 0.0 ], [ 106.604729481000049, -6.181473667999976, 0.0 ], [ 106.604700323000088, -6.181445276999961, 0.0 ], [ 106.604675229000065, -6.18142084399994, 0.0 ], [ 106.604568850000078, -6.181315745999945, 0.0 ], [ 106.604556732000049, -6.181303773999958, 0.0 ], [ 106.604501053000035, -6.181233817999956, 0.0 ], [ 106.604445965000096, -6.181164665999964, 0.0 ], [ 106.604433952000079, -6.18114958499995, 0.0 ], [ 106.604314027000044, -6.181076772999978, 0.0 ], [ 106.604297403000032, -6.181058609999978, 0.0 ], [ 106.604236932000049, -6.180992540999966, 0.0 ], [ 106.604065611000067, -6.180844061999957, 0.0 ], [ 106.604032271000051, -6.180819260999951, 0.0 ], [ 106.603916575000085, -6.180733194999968, 0.0 ], [ 106.603915307000079, -6.180724339999933, 0.0 ], [ 106.603926213000079, -6.180684616999944, 0.0 ], [ 106.60395455400004, -6.180624548999956, 0.0 ], [ 106.603970158000038, -6.180591476999943, 0.0 ], [ 106.60397860900008, -6.180573565999956, 0.0 ], [ 106.603988573000052, -6.180552447999962, 0.0 ], [ 106.604035486000058, -6.18045302099995, 0.0 ], [ 106.604086019000079, -6.180358589999971, 0.0 ], [ 106.604101872000058, -6.180328964999949, 0.0 ], [ 106.604124038000066, -6.180287544999938, 0.0 ], [ 106.604131872000039, -6.180272903999939, 0.0 ], [ 106.604158583000071, -6.180231284999934, 0.0 ], [ 106.604189715000075, -6.18018277299995, 0.0 ], [ 106.60418969300008, -6.180150676999967, 0.0 ], [ 106.604177470000081, -6.180138447999983, 0.0 ], [ 106.604170413000077, -6.180131388999948, 0.0 ], [ 106.604150315000084, -6.180118817999928, 0.0 ], [ 106.604111006000039, -6.180094232999971, 0.0 ], [ 106.603982693000034, -6.180029728999947, 0.0 ], [ 106.603837378000037, -6.179956676999953, 0.0 ], [ 106.60370690700006, -6.179891087999972, 0.0 ], [ 106.603496325000037, -6.17979115099997, 0.0 ], [ 106.603455770000039, -6.179775942999989, 0.0 ], [ 106.603344040000081, -6.179734043999931, 0.0 ], [ 106.603339519000102, -6.179733330999971, 0.0 ], [ 106.60333918300006, -6.179733277999961, 0.0 ], [ 106.603306048000036, -6.179728055999931, 0.0 ], [ 106.603242758000079, -6.179718080999982, 0.0 ], [ 106.603207944000076, -6.179712593999964, 0.0 ], [ 106.603125129000048, -6.17969954099993, 0.0 ], [ 106.602994259000084, -6.179662659999963, 0.0 ], [ 106.602892285000067, -6.179611672999953, 0.0 ], [ 106.602887183000078, -6.179609121999928, 0.0 ], [ 106.602770590000034, -6.17956272199996, 0.0 ], [ 106.602667924000059, -6.179533107999922, 0.0 ], [ 106.602646858000071, -6.17952703099996, 0.0 ], [ 106.602539073000059, -6.179497740999973, 0.0 ], [ 106.602458055000056, -6.179475724999969, 0.0 ], [ 106.602456661000076, -6.179475345999954, 0.0 ], [ 106.602427947000081, -6.179467543999979, 0.0 ], [ 106.602264954000077, -6.179436610999971, 0.0 ], [ 106.602206422000066, -6.179422189999968, 0.0 ], [ 106.602100771000039, -6.179396159999948, 0.0 ], [ 106.601980210000079, -6.179332503999947, 0.0 ], [ 106.601952055000098, -6.179317637999924, 0.0 ], [ 106.601936286000083, -6.179301613999939, 0.0 ], [ 106.601873111000089, -6.179237415999976, 0.0 ], [ 106.601865274000033, -6.179229452999948, 0.0 ], [ 106.601873169000044, -6.179185911999977, 0.0 ], [ 106.601878100000079, -6.179158714999967, 0.0 ], [ 106.601888776000067, -6.179142705999942, 0.0 ], [ 106.601905841000075, -6.179117116999969, 0.0 ], [ 106.601929574000053, -6.179081529999963, 0.0 ], [ 106.601978682000038, -6.179056929999945, 0.0 ], [ 106.601993850000042, -6.179049331999983, 0.0 ], [ 106.602083888000038, -6.179036402999934, 0.0 ], [ 106.602173852000078, -6.179049241999959, 0.0 ], [ 106.60225104400007, -6.179074955999964, 0.0 ], [ 106.602366790000076, -6.179113573999922, 0.0 ], [ 106.602446118000046, -6.179107006999972, 0.0 ], [ 106.602489944000069, -6.179063115999947, 0.0 ], [ 106.602527502000058, -6.178991307999983, 0.0 ], [ 106.602514626000072, -6.178946321999937, 0.0 ], [ 106.602476050000064, -6.178927000999976, 0.0 ], [ 106.60237313600004, -6.17889485399997, 0.0 ], [ 106.602372951000063, -6.178894606999962, 0.0 ], [ 106.602315237000099, -6.178817638999926, 0.0 ], [ 106.602282018000039, -6.178730398999953, 0.0 ], [ 106.60226379500007, -6.178682541999936, 0.0 ], [ 106.602259350000054, -6.178651556999963, 0.0 ], [ 106.602246722000075, -6.178563519999963, 0.0 ], [ 106.602217216000042, -6.178357813999974, 0.0 ], [ 106.602214939000078, -6.17834193499993, 0.0 ], [ 106.602212271000042, -6.178322323999966, 0.0 ], [ 106.602199449000068, -6.178245151999937, 0.0 ], [ 106.602160868000055, -6.178200064999945, 0.0 ], [ 106.602096532000076, -6.178187239999937, 0.0 ], [ 106.602083597000046, -6.178182058999933, 0.0 ], [ 106.602032232000056, -6.178161485999961, 0.0 ], [ 106.601988824000045, -6.178121745999932, 0.0 ], [ 106.601998074000051, -6.178046473999925, 0.0 ], [ 106.601999661000036, -6.17803356399998, 0.0 ], [ 106.602041023000083, -6.177938056999947, 0.0 ], [ 106.602093189000072, -6.177893055999956, 0.0 ], [ 106.602101241000085, -6.177867460999946, 0.0 ], [ 106.602154367000082, -6.177698581999945, 0.0 ], [ 106.602179386000046, -6.177653717999926, 0.0 ], [ 106.602184109000063, -6.177645247999983, 0.0 ], [ 106.602193865000061, -6.177627751999978, 0.0 ], [ 106.602231733000067, -6.177559842999928, 0.0 ], [ 106.602265872000032, -6.177441032999985, 0.0 ], [ 106.602282053000067, -6.177346053999948, 0.0 ], [ 106.602275785000074, -6.177293905999928, 0.0 ], [ 106.602237149000075, -6.177229559999946, 0.0 ], [ 106.60223523500008, -6.17721265999996, 0.0 ], [ 106.602186896000035, -6.17706914499996, 0.0 ], [ 106.60217040200007, -6.176811527999979, 0.0 ], [ 106.60217037700005, -6.176704662999954, 0.0 ], [ 106.602166297000053, -6.176586239999946, 0.0 ], [ 106.602160690000062, -6.176563786999957, 0.0 ], [ 106.602140580000082, -6.176483249999925, 0.0 ], [ 106.602066749000073, -6.176373909999931, 0.0 ], [ 106.602066191000063, -6.176373084999969, 0.0 ], [ 106.602063686000065, -6.176373918999963, 0.0 ], [ 106.601975834000086, -6.176403190999961, 0.0 ], [ 106.601905032000062, -6.176374396999958, 0.0 ], [ 106.601901911000084, -6.176373126999977, 0.0 ], [ 106.601885108000033, -6.176304677999949, 0.0 ], [ 106.601870531000088, -6.176245291999972, 0.0 ], [ 106.601806203000081, -6.176136, 0.0 ], [ 106.601729025000054, -6.176039494999937, 0.0 ], [ 106.601705465000066, -6.176021364999935, 0.0 ], [ 106.60167459700007, -6.175997612999934, 0.0 ], [ 106.601645462000079, -6.175975193999939, 0.0 ], [ 106.601537533000055, -6.175934653999946, 0.0 ], [ 106.601474560000042, -6.175879874999962, 0.0 ], [ 106.601478215000043, -6.175782219999976, 0.0 ], [ 106.601452446000053, -6.175537739999931, 0.0 ], [ 106.601461861000075, -6.175316570999935, 0.0 ], [ 106.601465252000082, -6.175236910999957, 0.0 ], [ 106.601471647000039, -6.17513391499995, 0.0 ], [ 106.601462984000079, -6.175102116999946, 0.0 ], [ 106.601408184000036, -6.175039083999943, 0.0 ], [ 106.60137581000005, -6.17506071399993, 0.0 ], [ 106.601342527000043, -6.175082950999973, 0.0 ], [ 106.601263039000074, -6.175085721999953, 0.0 ], [ 106.601234869000066, -6.17507417099995, 0.0 ], [ 106.601156218000085, -6.175041922999974, 0.0 ], [ 106.601060375000088, -6.174956954999972, 0.0 ], [ 106.60098363700007, -6.174858277999935, 0.0 ], [ 106.600945317000097, -6.174776119999937, 0.0 ], [ 106.600942571000076, -6.174704886999967, 0.0 ], [ 106.600963682000042, -6.174664409999936, 0.0 ], [ 106.601008656000033, -6.174580736999933, 0.0 ], [ 106.601040700000055, -6.174535818999964, 0.0 ], [ 106.601040780000076, -6.174535704999927, 0.0 ], [ 106.601040776000048, -6.174484262999954, 0.0 ], [ 106.60102147300006, -6.174432787999927, 0.0 ], [ 106.601027874000067, -6.174381325999951, 0.0 ], [ 106.601060020000034, -6.174342712999935, 0.0 ], [ 106.601105014000041, -6.174291226999975, 0.0 ], [ 106.601143601000047, -6.174239755999959, 0.0 ], [ 106.601156447000051, -6.174175437999969, 0.0 ], [ 106.601150049000069, -6.17410466699994, 0.0 ], [ 106.601143576000084, -6.174008218999976, 0.0 ], [ 106.601143562000075, -6.173879475999964, 0.0 ], [ 106.601190571000075, -6.173779522999952, 0.0 ], [ 106.601329323000073, -6.173636630999962, 0.0 ], [ 106.601340464000103, -6.173625157999944, 0.0 ], [ 106.601587048000056, -6.173371215999966, 0.0 ], [ 106.60160237100007, -6.173288896999961, 0.0 ], [ 106.601603407000084, -6.173169254999938, 0.0 ], [ 106.601605027000062, -6.172982037999926, 0.0 ], [ 106.601603799000088, -6.172955708999956, 0.0 ], [ 106.601603557000033, -6.172950523999935, 0.0 ], [ 106.601602724000088, -6.172932660999942, 0.0 ], [ 106.60160219900007, -6.172921389999949, 0.0 ], [ 106.60160208800005, -6.172919010999967, 0.0 ], [ 106.60160092600006, -6.172894092999967, 0.0 ], [ 106.601600202000043, -6.172878559999956, 0.0 ], [ 106.601599531000033, -6.172864161999935, 0.0 ], [ 106.601623581000069, -6.17281342599994, 0.0 ], [ 106.601624984000068, -6.172810465999936, 0.0 ], [ 106.601636775000088, -6.172785591999965, 0.0 ], [ 106.601642677000086, -6.172773138999953, 0.0 ], [ 106.601651504000074, -6.172754518999973, 0.0 ], [ 106.601722048000056, -6.172710088999965, 0.0 ], [ 106.601725495000039, -6.172707916999975, 0.0 ], [ 106.601769327000056, -6.172690878999954, 0.0 ], [ 106.601863259000083, -6.172635082999936, 0.0 ], [ 106.601920177000082, -6.172560053999979, 0.0 ], [ 106.601989166000067, -6.17248507799997, 0.0 ], [ 106.602031124000064, -6.172464065999969, 0.0 ], [ 106.602067099000067, -6.172461063999946, 0.0 ], [ 106.602130044000035, -6.172482029999977, 0.0 ], [ 106.602268007000077, -6.172575008999958, 0.0 ], [ 106.602408978000085, -6.172652968999957, 0.0 ], [ 106.602498895000053, -6.172649985999952, 0.0 ], [ 106.602530941000055, -6.172643865999935, 0.0 ], [ 106.60256189100005, -6.172637952999933, 0.0 ], [ 106.602609809000057, -6.172592965999964, 0.0 ], [ 106.602623454000081, -6.172566813999939, 0.0 ], [ 106.602645810000084, -6.172523965999976, 0.0 ], [ 106.602673106000054, -6.172320081999937, 0.0 ], [ 106.602658240000039, -6.172241503999944, 0.0 ], [ 106.602614457000072, -6.172108253999959, 0.0 ], [ 106.602601132000089, -6.172054953999976, 0.0 ], [ 106.602625879000072, -6.172030206999984, 0.0 ], [ 106.602636075000078, -6.172028696999972, 0.0 ], [ 106.602677275000076, -6.172022592999945, 0.0 ], [ 106.602799104000042, -6.172003556999931, 0.0 ], [ 106.602852404000032, -6.171948353999931, 0.0 ], [ 106.602894282000079, -6.171860789999934, 0.0 ], [ 106.602913318000049, -6.171763707999959, 0.0 ], [ 106.60294758200007, -6.171674239999952, 0.0 ], [ 106.60300088200006, -6.171626650999945, 0.0 ], [ 106.603042121000044, -6.171575592999939, 0.0 ], [ 106.603160782000089, -6.171428679999964, 0.0 ], [ 106.603212178000035, -6.171362054999967, 0.0 ], [ 106.603274996000039, -6.171247840999965, 0.0 ], [ 106.603307550000068, -6.171187072999937, 0.0 ], [ 106.603317944000082, -6.171191476999978, 0.0 ], [ 106.60363770400005, -6.171293240999952, 0.0 ], [ 106.603875006000067, -6.171368762999974, 0.0 ], [ 106.603885455000068, -6.171345762999972, 0.0 ], [ 106.603946713000084, -6.171364718999945, 0.0 ], [ 106.604059686000085, -6.171410316999927, 0.0 ], [ 106.604127986000037, -6.171256702999932, 0.0 ], [ 106.604150868000033, -6.171205237999978, 0.0 ], [ 106.604165800000033, -6.171171598999933, 0.0 ], [ 106.604288454000084, -6.171216322999951, 0.0 ], [ 106.604609529000072, -6.171333396999964, 0.0 ], [ 106.604633940000042, -6.17133697499997, 0.0 ], [ 106.604717219000065, -6.171349180999921, 0.0 ], [ 106.604795287000059, -6.171360623999933, 0.0 ], [ 106.604865435000079, -6.17137090599994, 0.0 ], [ 106.604959045000044, -6.171372693999959, 0.0 ], [ 106.6051900880001, -6.171377106999953, 0.0 ], [ 106.605213023000047, -6.171377545999966, 0.0 ], [ 106.60529815700005, -6.171379170999962, 0.0 ], [ 106.605433584000082, -6.17137652799993, 0.0 ], [ 106.606055875000038, -6.17136438099993, 0.0 ], [ 106.606069309000077, -6.171364118999971, 0.0 ], [ 106.606259712000053, -6.171360401999959, 0.0 ], [ 106.606714730000078, -6.171351519999965, 0.0 ], [ 106.607024089000049, -6.171345480999946, 0.0 ], [ 106.607290514000056, -6.171340278999939, 0.0 ], [ 106.607747405000055, -6.17133135999996, 0.0 ], [ 106.607762712000067, -6.171331059999952, 0.0 ], [ 106.607900527000083, -6.171318756999931, 0.0 ], [ 106.608323625000082, -6.171291771999965, 0.0 ], [ 106.608338690000039, -6.17129081099995, 0.0 ], [ 106.608440142000063, -6.171284340999933, 0.0 ], [ 106.608478649000062, -6.171281885999972, 0.0 ], [ 106.608630491000056, -6.171268136999972, 0.0 ], [ 106.608637482000063, -6.171267502999966, 0.0 ], [ 106.608836208000071, -6.171249507999953, 0.0 ], [ 106.609352073000082, -6.171207771999951, 0.0 ], [ 106.609538531000055, -6.171192687999957, 0.0 ], [ 106.60968355600005, -6.171174765999979, 0.0 ], [ 106.610073206000038, -6.171126616999961, 0.0 ], [ 106.610083268000039, -6.171125373999936, 0.0 ], [ 106.610126992000062, -6.171119970999934, 0.0 ], [ 106.61015939300006, -6.171117076999965, 0.0 ], [ 106.610211832000076, -6.171112395999951, 0.0 ], [ 106.61024629800005, -6.171269564999925, 0.0 ], [ 106.610249773000078, -6.171275523999949, 0.0 ], [ 106.610252944000081, -6.171280963999947, 0.0 ], [ 106.610268262000034, -6.171307230999954, 0.0 ], [ 106.610284554000103, -6.171335171999935, 0.0 ], [ 106.610310128000037, -6.171379025999951, 0.0 ] ] ] ] } },
{ "type": "Feature", "properties": { "OBJECTID": 83580, "NAMOBJ": "Nambo Jaya", "FCODE": "BA03080040", "REMARK": " ", "METADATA": "TASWIL1000020221227_DATA_BATAS_DESAKELURAHAN", "SRS_ID": "SRGI 2013", "KDBBPS": " ", "KDCBPS": " ", "KDCPUM": "36.71.07", "KDEBPS": " ", "KDEPUM": "36.71.07.1012", "KDPBPS": " ", "KDPKAB": "36.71", "KDPPUM": "36", "LUASWH": 0.0, "TIPADM": 2, "WADMKC": "Karawaci", "WADMKD": "Nambo Jaya", "WADMKK": "Kota Tangerang", "WADMPR": "Banten", "WIADKC": " ", "WIADKK": " ", "WIADPR": " ", "WIADKD": " ", "UUPP": " ", "luas": null, "SHAPE_Length": 0.046307321910635114, "SHAPE_Area": 5.4335705524394143e-05 }, "geometry": { "type": "MultiPolygon", "coordinates": [ [ [ [ 106.615610814000036, -6.160657741999954, 0.0 ], [ 106.615634794000073, -6.160662575999928, 0.0 ], [ 106.615781694000077, -6.16064199099997, 0.0 ], [ 106.615699246000077, -6.161836127999957, 0.0 ], [ 106.61557461700005, -6.163310322999969, 0.0 ], [ 106.615485551000063, -6.163671533999948, 0.0 ], [ 106.615311786000063, -6.164274722999946, 0.0 ], [ 106.614997790000075, -6.165250867999934, 0.0 ], [ 106.614979106000078, -6.165308952999959, 0.0 ], [ 106.614964301000043, -6.165354978999966, 0.0 ], [ 106.614769286000069, -6.165966812999958, 0.0 ], [ 106.614755911000088, -6.166008778999989, 0.0 ], [ 106.614736072000085, -6.16607173499995, 0.0 ], [ 106.614734, -6.166077, 0.0 ], [ 106.614675261000073, -6.166054835999952, 0.0 ], [ 106.614660780000065, -6.166040887999932, 0.0 ], [ 106.61465451800008, -6.166034855999947, 0.0 ], [ 106.614617215000067, -6.165998924999936, 0.0 ], [ 106.614584634000039, -6.165967541999974, 0.0 ], [ 106.614551575000064, -6.165952460999964, 0.0 ], [ 106.614431160000038, -6.165897530999922, 0.0 ], [ 106.614382975000083, -6.165875549999955, 0.0 ], [ 106.614372060000051, -6.165870569999973, 0.0 ], [ 106.614365926000062, -6.165869237999962, 0.0 ], [ 106.614332873000095, -6.165920653999936, 0.0 ], [ 106.614302416000044, -6.16592636499997, 0.0 ], [ 106.613842, -6.165774, 0.0 ], [ 106.613782694000065, -6.165891118999977, 0.0 ], [ 106.613683176000052, -6.166087652999983, 0.0 ], [ 106.613683, -6.166088, 0.0 ], [ 106.613656462000051, -6.166070042999927, 0.0 ], [ 106.613656407000065, -6.166070006999965, 0.0 ], [ 106.613641913000038, -6.166060357999922, 0.0 ], [ 106.613634360000049, -6.166055329999953, 0.0 ], [ 106.613606651000055, -6.166036880999962, 0.0 ], [ 106.613556895000045, -6.16600375299992, 0.0 ], [ 106.613536630000056, -6.16599026099994, 0.0 ], [ 106.613307273000032, -6.165837557999959, 0.0 ], [ 106.612992853000037, -6.165628217999944, 0.0 ], [ 106.612806557000056, -6.165504183999935, 0.0 ], [ 106.612640095000074, -6.165393353999952, 0.0 ], [ 106.612125105000075, -6.165004244999975, 0.0 ], [ 106.612021921000064, -6.164926281999959, 0.0 ], [ 106.611833699000044, -6.164768512999962, 0.0 ], [ 106.611592118000033, -6.164566019999944, 0.0 ], [ 106.611291994000055, -6.164314452999978, 0.0 ], [ 106.611287322000067, -6.164310522999934, 0.0 ], [ 106.61118052900008, -6.164220682999945, 0.0 ], [ 106.611114, -6.164164, 0.0 ], [ 106.611065859000064, -6.164205768999972, 0.0 ], [ 106.611062955000079, -6.164203912999936, 0.0 ], [ 106.611032326000043, -6.164184336999941, 0.0 ], [ 106.610941644000036, -6.164237247999942, 0.0 ], [ 106.610803514000054, -6.164409929999972, 0.0 ], [ 106.610748704000059, -6.164467515999949, 0.0 ], [ 106.610710469000082, -6.164472417999947, 0.0 ], [ 106.610653025000033, -6.164448664999946, 0.0 ], [ 106.610629098000075, -6.164441559999943, 0.0 ], [ 106.610435935000055, -6.164597659999961, 0.0 ], [ 106.610233, -6.16468, 0.0 ], [ 106.610208428000092, -6.164718910999963, 0.0 ], [ 106.610201749000055, -6.164729596999958, 0.0 ], [ 106.610176652000064, -6.16476975199993, 0.0 ], [ 106.61015842900008, -6.164807347999949, 0.0 ], [ 106.610156978000091, -6.164810341999957, 0.0 ], [ 106.610151897000037, -6.164847782999979, 0.0 ], [ 106.610153144000037, -6.164864525999976, 0.0 ], [ 106.610172448000071, -6.164924282999948, 0.0 ], [ 106.610175902000037, -6.164929818999945, 0.0 ], [ 106.610185775000048, -6.164945644999936, 0.0 ], [ 106.610190589000069, -6.16495336199994, 0.0 ], [ 106.610213419000047, -6.165002345999941, 0.0 ], [ 106.610223078000047, -6.165048874999968, 0.0 ], [ 106.610224111000036, -6.165060371999975, 0.0 ], [ 106.610225047000085, -6.165070786999939, 0.0 ], [ 106.610226304000037, -6.165084773999981, 0.0 ], [ 106.610226665000084, -6.165088790999953, 0.0 ], [ 106.610207200000048, -6.165167730999943, 0.0 ], [ 106.61019734100006, -6.165204604999924, 0.0 ], [ 106.610190580000065, -6.165229892999938, 0.0 ], [ 106.610188354000059, -6.165238216999962, 0.0 ], [ 106.610189365000053, -6.165239273999925, 0.0 ], [ 106.610248580000075, -6.165301173999984, 0.0 ], [ 106.610363492000033, -6.165355855999957, 0.0 ], [ 106.610447168000064, -6.165357994999964, 0.0 ], [ 106.61062406800005, -6.165357460999932, 0.0 ], [ 106.610674269000071, -6.165357309999937, 0.0 ], [ 106.610698211000056, -6.165369199999935, 0.0 ], [ 106.610712655000043, -6.165402651999959, 0.0 ], [ 106.610731967000063, -6.165464800999924, 0.0 ], [ 106.610732416000076, -6.165613599999976, 0.0 ], [ 106.610732928000061, -6.165783008999932, 0.0 ], [ 106.610715980000066, -6.165834410999936, 0.0 ], [ 106.610706870000058, -6.16586204299994, 0.0 ], [ 106.610675945000082, -6.165912379999946, 0.0 ], [ 106.610664129000043, -6.165926062999966, 0.0 ], [ 106.610628300000101, -6.165967551999935, 0.0 ], [ 106.610596375000057, -6.165982350999962, 0.0 ], [ 106.610577648000074, -6.165991029999928, 0.0 ], [ 106.610539973000073, -6.166008493999922, 0.0 ], [ 106.610461243000088, -6.16606136799993, 0.0 ], [ 106.610426, -6.166121, 0.0 ], [ 106.610389895000083, -6.166183602999976, 0.0 ], [ 106.610331344000087, -6.166585732999974, 0.0 ], [ 106.610322246000067, -6.166663454999939, 0.0 ], [ 106.610312168000064, -6.166749547999924, 0.0 ], [ 106.610286654000049, -6.16696750499994, 0.0 ], [ 106.610280073000069, -6.167023726999951, 0.0 ], [ 106.610263658000065, -6.167129049999978, 0.0 ], [ 106.610240006000083, -6.16721285999995, 0.0 ], [ 106.61020667400004, -6.167258418999944, 0.0 ], [ 106.610142259000042, -6.167301680999977, 0.0 ], [ 106.610130415000071, -6.167337604999944, 0.0 ], [ 106.610139962000062, -6.167440418999941, 0.0 ], [ 106.610150182000041, -6.167550483999945, 0.0 ], [ 106.610163444000079, -6.167705839999941, 0.0 ], [ 106.610173093000071, -6.167818881999951, 0.0 ], [ 106.61017574400006, -6.167849942999973, 0.0 ], [ 106.61018346600008, -6.167940416999955, 0.0 ], [ 106.610190017000036, -6.168100310999936, 0.0 ], [ 106.610190507000084, -6.168112286999925, 0.0 ], [ 106.610193175000063, -6.168177430999945, 0.0 ], [ 106.61020921000005, -6.168568828999972, 0.0 ], [ 106.61021282300004, -6.168657018999966, 0.0 ], [ 106.610222035000049, -6.168725844999931, 0.0 ], [ 106.610225727000056, -6.168790572999959, 0.0 ], [ 106.610259454000072, -6.168884791999969, 0.0 ], [ 106.610264435000033, -6.168915755999938, 0.0 ], [ 106.610274318000052, -6.168940060999939, 0.0 ], [ 106.61029558000007, -6.169014644999946, 0.0 ], [ 106.610295674000056, -6.169045269999963, 0.0 ], [ 106.610299765000036, -6.169133302999959, 0.0 ], [ 106.61028658400005, -6.169202248999962, 0.0 ], [ 106.610262428000055, -6.169275151999949, 0.0 ], [ 106.610252435000064, -6.169326891999956, 0.0 ], [ 106.610243205000074, -6.169367970999922, 0.0 ], [ 106.610227903000066, -6.169436066999944, 0.0 ], [ 106.610221374000048, -6.169472071999963, 0.0 ], [ 106.610219341000061, -6.169495375999933, 0.0 ], [ 106.610213424000051, -6.169515912999944, 0.0 ], [ 106.610186788000078, -6.16966279299993, 0.0 ], [ 106.610160182000072, -6.169809512999953, 0.0 ], [ 106.610142497000083, -6.170003677999937, 0.0 ], [ 106.610136118000071, -6.170073723999955, 0.0 ], [ 106.610095005000062, -6.170392538999985, 0.0 ], [ 106.610077758000045, -6.170618687999936, 0.0 ], [ 106.610081766000064, -6.170758641999958, 0.0 ], [ 106.610099870000056, -6.170816008999962, 0.0 ], [ 106.610160996000062, -6.170917274999972, 0.0 ], [ 106.610175551000054, -6.170941388999958, 0.0 ], [ 106.610184521000065, -6.17098366699997, 0.0 ], [ 106.610208321000073, -6.17109584299994, 0.0 ], [ 106.610211832000076, -6.171112395999951, 0.0 ], [ 106.61015939300006, -6.171117076999965, 0.0 ], [ 106.610126992000062, -6.171119970999934, 0.0 ], [ 106.610083268000039, -6.171125373999936, 0.0 ], [ 106.610073206000038, -6.171126616999961, 0.0 ], [ 106.60968355600005, -6.171174765999979, 0.0 ], [ 106.609538531000055, -6.171192687999957, 0.0 ], [ 106.609352073000082, -6.171207771999951, 0.0 ], [ 106.608836208000071, -6.171249507999953, 0.0 ], [ 106.608637482000063, -6.171267502999966, 0.0 ], [ 106.608630491000056, -6.171268136999972, 0.0 ], [ 106.608478649000062, -6.171281885999972, 0.0 ], [ 106.608440142000063, -6.171284340999933, 0.0 ], [ 106.608338690000039, -6.17129081099995, 0.0 ], [ 106.608323625000082, -6.171291771999965, 0.0 ], [ 106.607900527000083, -6.171318756999931, 0.0 ], [ 106.607762712000067, -6.171331059999952, 0.0 ], [ 106.607747405000055, -6.17133135999996, 0.0 ], [ 106.607290514000056, -6.171340278999939, 0.0 ], [ 106.607024089000049, -6.171345480999946, 0.0 ], [ 106.606714730000078, -6.171351519999965, 0.0 ], [ 106.606259712000053, -6.171360401999959, 0.0 ], [ 106.606069309000077, -6.171364118999971, 0.0 ], [ 106.606055875000038, -6.17136438099993, 0.0 ], [ 106.605433584000082, -6.17137652799993, 0.0 ], [ 106.60529815700005, -6.171379170999962, 0.0 ], [ 106.605213023000047, -6.171377545999966, 0.0 ], [ 106.6051900880001, -6.171377106999953, 0.0 ], [ 106.604959045000044, -6.171372693999959, 0.0 ], [ 106.604865435000079, -6.17137090599994, 0.0 ], [ 106.604795287000059, -6.171360623999933, 0.0 ], [ 106.604717219000065, -6.171349180999921, 0.0 ], [ 106.604633940000042, -6.17133697499997, 0.0 ], [ 106.604609529000072, -6.171333396999964, 0.0 ], [ 106.604288454000084, -6.171216322999951, 0.0 ], [ 106.604165800000033, -6.171171598999933, 0.0 ], [ 106.60383, -6.171, 0.0 ], [ 106.603494799000089, -6.170829384999938, 0.0 ], [ 106.603509962000032, -6.170808376999962, 0.0 ], [ 106.603510016000101, -6.170808400999927, 0.0 ], [ 106.603515476000055, -6.17080085199995, 0.0 ], [ 106.60359358900007, -6.170692865999971, 0.0 ], [ 106.603597663000073, -6.170687234999945, 0.0 ], [ 106.603886040000077, -6.170356643999981, 0.0 ], [ 106.604733881000072, -6.169462560999924, 0.0 ], [ 106.604798130000077, -6.169387134999964, 0.0 ], [ 106.604902310000057, -6.169264828999934, 0.0 ], [ 106.605170681000061, -6.168949762999945, 0.0 ], [ 106.605867764000038, -6.168131392999958, 0.0 ], [ 106.605877081000088, -6.168123102999973, 0.0 ], [ 106.606026998000061, -6.167989693999972, 0.0 ], [ 106.606327877000069, -6.167803718999955, 0.0 ], [ 106.606456194000089, -6.167662111999963, 0.0 ], [ 106.606459500000085, -6.167620026999932, 0.0 ], [ 106.606464752000079, -6.167553154999955, 0.0 ], [ 106.606468755000051, -6.16750219099992, 0.0 ], [ 106.606461388000071, -6.167405644999967, 0.0 ], [ 106.606471108000051, -6.167299386999958, 0.0 ], [ 106.606478163000077, -6.167260604999958, 0.0 ], [ 106.606503865000036, -6.16722176799994, 0.0 ], [ 106.606520709000051, -6.167204808999935, 0.0 ], [ 106.606543618000046, -6.167181742999957, 0.0 ], [ 106.606578445000082, -6.167146673999977, 0.0 ], [ 106.606606826000075, -6.167118098999937, 0.0 ], [ 106.606640728000059, -6.167082853999943, 0.0 ], [ 106.606694946000061, -6.167026490999948, 0.0 ], [ 106.606827025000086, -6.16688918399995, 0.0 ], [ 106.606981258000076, -6.166664772999974, 0.0 ], [ 106.606995252000047, -6.166628494999947, 0.0 ], [ 106.607108400000087, -6.166335172999941, 0.0 ], [ 106.607114275000072, -6.166325887999967, 0.0 ], [ 106.607119849000071, -6.166317077999955, 0.0 ], [ 106.607205474000082, -6.166181755999961, 0.0 ], [ 106.607212724000078, -6.166164285999967, 0.0 ], [ 106.607249937000077, -6.166074622999931, 0.0 ], [ 106.607264332000057, -6.166039937999924, 0.0 ], [ 106.607281233000037, -6.165936526999928, 0.0 ], [ 106.607282570000052, -6.165919971999931, 0.0 ], [ 106.60728365600005, -6.16590652199994, 0.0 ], [ 106.607294766000052, -6.165768943999974, 0.0 ], [ 106.60729996300006, -6.165704596999944, 0.0 ], [ 106.607316948000062, -6.16549425999994, 0.0 ], [ 106.607319395000047, -6.165457437999982, 0.0 ], [ 106.60732285000006, -6.165405448999937, 0.0 ], [ 106.607324936000055, -6.165374035999948, 0.0 ], [ 106.607344306000073, -6.165296469999928, 0.0 ], [ 106.607394077000038, -6.165097172999934, 0.0 ], [ 106.607410041000051, -6.165043488999962, 0.0 ], [ 106.607428889000062, -6.164980109999923, 0.0 ], [ 106.607455649000087, -6.164910712999925, 0.0 ], [ 106.607480388000056, -6.164868123999942, 0.0 ], [ 106.607524744000045, -6.164791768999978, 0.0 ], [ 106.607534842000064, -6.164770376999965, 0.0 ], [ 106.607568503000039, -6.16473800099993, 0.0 ], [ 106.607598648000078, -6.164724552999937, 0.0 ], [ 106.607630239000059, -6.164712559999948, 0.0 ], [ 106.607670907000056, -6.164716923999943, 0.0 ], [ 106.607685420000067, -6.164721388999973, 0.0 ], [ 106.607700788000045, -6.164726114999957, 0.0 ], [ 106.607708741000081, -6.164730266999931, 0.0 ], [ 106.60773639100006, -6.164744701999956, 0.0 ], [ 106.607846849000055, -6.164784216999971, 0.0 ], [ 106.607876407000063, -6.164793392999969, 0.0 ], [ 106.607914226000062, -6.164796362999939, 0.0 ], [ 106.607972370000084, -6.164781800999953, 0.0 ], [ 106.608086856000057, -6.164703341999939, 0.0 ], [ 106.608099350000089, -6.164696082999967, 0.0 ], [ 106.608127737000075, -6.164679590999989, 0.0 ], [ 106.608164454000075, -6.164658258999965, 0.0 ], [ 106.608188277000068, -6.164644416999983, 0.0 ], [ 106.608269483000072, -6.164620245999969, 0.0 ], [ 106.608342340000036, -6.164602082999978, 0.0 ], [ 106.60842, -6.164589, 0.0 ], [ 106.608457028000032, -6.164582596999931, 0.0 ], [ 106.608535794000034, -6.164574053999957, 0.0 ], [ 106.608556443000055, -6.164571815999977, 0.0 ], [ 106.608625267000036, -6.164564351999952, 0.0 ], [ 106.608723520000069, -6.164546716999956, 0.0 ], [ 106.608757607000086, -6.164540598999958, 0.0 ], [ 106.60878258300005, -6.164536115999971, 0.0 ], [ 106.608795919000045, -6.164533722999984, 0.0 ], [ 106.608834654000091, -6.164523760999936, 0.0 ], [ 106.608847697000044, -6.164520406999944, 0.0 ], [ 106.608856827000068, -6.164513255999967, 0.0 ], [ 106.608869162000076, -6.164503593999943, 0.0 ], [ 106.608873505000076, -6.164498705999966, 0.0 ], [ 106.608875628000078, -6.164496317999984, 0.0 ], [ 106.608875675000036, -6.164496264999972, 0.0 ], [ 106.60887789800006, -6.164493762999942, 0.0 ], [ 106.608881032000056, -6.164490234999968, 0.0 ], [ 106.608889374000057, -6.164464784999953, 0.0 ], [ 106.608890360000032, -6.164461776999929, 0.0 ], [ 106.608891123000035, -6.164446450999948, 0.0 ], [ 106.608891565000079, -6.164437568999964, 0.0 ], [ 106.608893376000083, -6.164408111999928, 0.0 ], [ 106.608895086000075, -6.164380298999956, 0.0 ], [ 106.608898387000082, -6.164285781999972, 0.0 ], [ 106.608909008000069, -6.164240290999949, 0.0 ], [ 106.608918480000057, -6.164210355999948, 0.0 ], [ 106.608935141000075, -6.164186379999933, 0.0 ], [ 106.608973100000071, -6.164151156999932, 0.0 ], [ 106.609005869000043, -6.164089945999933, 0.0 ], [ 106.609014640000055, -6.16406959699997, 0.0 ], [ 106.609077849000073, -6.163945495999934, 0.0 ], [ 106.60917682700007, -6.163770936999977, 0.0 ], [ 106.609195166000063, -6.163738593999931, 0.0 ], [ 106.609199953000086, -6.163730150999932, 0.0 ], [ 106.609211990000063, -6.163712431999952, 0.0 ], [ 106.609215640000059, -6.163707058999935, 0.0 ], [ 106.609226255000067, -6.163691435999958, 0.0 ], [ 106.609249110000064, -6.16366074199993, 0.0 ], [ 106.609266201000082, -6.163620493999932, 0.0 ], [ 106.609273788000053, -6.16359941799993, 0.0 ], [ 106.609273701000063, -6.163570706999959, 0.0 ], [ 106.609260228000039, -6.163542036999949, 0.0 ], [ 106.609243772000085, -6.163515860999956, 0.0 ], [ 106.609231403000081, -6.163496185999971, 0.0 ], [ 106.609206431000075, -6.163459893999972, 0.0 ], [ 106.609191011000064, -6.163419745999939, 0.0 ], [ 106.609190890000036, -6.163379551999986, 0.0 ], [ 106.609223159000067, -6.163299063999939, 0.0 ], [ 106.609287420000044, -6.163198350999942, 0.0 ], [ 106.609298246000037, -6.163169755999936, 0.0 ], [ 106.609310617000062, -6.16312844799996, 0.0 ], [ 106.609318140000084, -6.163086316999959, 0.0 ], [ 106.609318070000086, -6.163063348999962, 0.0 ], [ 106.609314165000058, -6.163036563999988, 0.0 ], [ 106.609287300000062, -6.163006019999956, 0.0 ], [ 106.609254712000052, -6.162981234999966, 0.0 ], [ 106.609136062000076, -6.162954795999945, 0.0 ], [ 106.608892982000043, -6.162888538999934, 0.0 ], [ 106.608868769000082, -6.162873335999963, 0.0 ], [ 106.608864398000037, -6.162872039999971, 0.0 ], [ 106.608862449000071, -6.162869367999967, 0.0 ], [ 106.608856578000086, -6.162865679999921, 0.0 ], [ 106.608832025000083, -6.162832715999968, 0.0 ], [ 106.608818172000042, -6.162814115999935, 0.0 ], [ 106.608816819000083, -6.16280678999993, 0.0 ], [ 106.608813696000098, -6.162789892999968, 0.0 ], [ 106.608810500000061, -6.162772594999981, 0.0 ], [ 106.608810396000081, -6.162772030999969, 0.0 ], [ 106.608817856000087, -6.162708842999964, 0.0 ], [ 106.608838828000046, -6.162623792999972, 0.0 ], [ 106.608840528000101, -6.162616899999934, 0.0 ], [ 106.60889833300007, -6.162525223999971, 0.0 ], [ 106.608932917000075, -6.162470376999972, 0.0 ], [ 106.60894330800005, -6.162453896999968, 0.0 ], [ 106.608975544000089, -6.162361924999966, 0.0 ], [ 106.608983106000053, -6.162333189999976, 0.0 ], [ 106.608983025000043, -6.162306394999965, 0.0 ], [ 106.608973376000051, -6.162277712999987, 0.0 ], [ 106.608890647000067, -6.162113353999922, 0.0 ], [ 106.608827093000059, -6.161966162999924, 0.0 ], [ 106.608826881000084, -6.161895992999981, 0.0 ], [ 106.608827764000083, -6.161891376999963, 0.0 ], [ 106.608833096000069, -6.161879076999975, 0.0 ], [ 106.608902323000052, -6.161756265999938, 0.0 ], [ 106.608947271000034, -6.161676528999977, 0.0 ], [ 106.608955365000043, -6.161666457999959, 0.0 ], [ 106.609042703000057, -6.161592040999956, 0.0 ], [ 106.609052687000087, -6.16158515999996, 0.0 ], [ 106.609268076000035, -6.16152745399996, 0.0 ], [ 106.609324779000076, -6.161532560999937, 0.0 ], [ 106.609347780000064, -6.161537091999951, 0.0 ], [ 106.60939959600006, -6.16155865599995, 0.0 ], [ 106.60945893700007, -6.161604935999945, 0.0 ], [ 106.609603014000072, -6.161724535999951, 0.0 ], [ 106.609645684000043, -6.16174362099997, 0.0 ], [ 106.609662191000041, -6.161755010999965, 0.0 ], [ 106.609913076000069, -6.161872923999973, 0.0 ], [ 106.610010759000033, -6.161922394999979, 0.0 ], [ 106.610047216000055, -6.16196247999994, 0.0 ], [ 106.610068316000081, -6.161983470999931, 0.0 ], [ 106.610097073000077, -6.162006351999934, 0.0 ], [ 106.610122875000073, -6.162022232999961, 0.0 ], [ 106.610154487000059, -6.162051861999947, 0.0 ], [ 106.610167019000073, -6.162045869999934, 0.0 ], [ 106.610179444000039, -6.162052041999969, 0.0 ], [ 106.610219623000035, -6.162057660999954, 0.0 ], [ 106.610267427000053, -6.162055603999936, 0.0 ], [ 106.610328549000101, -6.162030536999972, 0.0 ], [ 106.610381993000033, -6.161995921999965, 0.0 ], [ 106.610454521000065, -6.161947851999962, 0.0 ], [ 106.610473004000085, -6.161936676999964, 0.0 ], [ 106.610559716000068, -6.161918952999946, 0.0 ], [ 106.610592163000035, -6.161930209999982, 0.0 ], [ 106.610919568000043, -6.162055547999959, 0.0 ], [ 106.610992268000075, -6.162064897999933, 0.0 ], [ 106.611137665000058, -6.162081685999971, 0.0 ], [ 106.611390080000035, -6.162073265999942, 0.0 ], [ 106.611447470000087, -6.162078835999986, 0.0 ], [ 106.611506760000054, -6.162080569999944, 0.0 ], [ 106.611564168000086, -6.162091880999984, 0.0 ], [ 106.611625435000079, -6.162114664999929, 0.0 ], [ 106.61167710400008, -6.162125992999959, 0.0 ], [ 106.611736424000085, -6.162137296999954, 0.0 ], [ 106.611793808000073, -6.162140950999965, 0.0 ], [ 106.611862626000061, -6.16213117399996, 0.0 ], [ 106.611952417000069, -6.16210027799997, 0.0 ], [ 106.612290447000078, -6.161944217999977, 0.0 ], [ 106.612435629000061, -6.161890183999952, 0.0 ], [ 106.61249487300006, -6.161876606999956, 0.0 ], [ 106.612540755000055, -6.161870726999949, 0.0 ], [ 106.612603806000038, -6.161851394999931, 0.0 ], [ 106.612653454000053, -6.161826362999935, 0.0 ], [ 106.612691615000074, -6.161797535999933, 0.0 ], [ 106.612720215000081, -6.16176873899996, 0.0 ], [ 106.612746851000054, -6.161722720999934, 0.0 ], [ 106.612761958000078, -6.161659511999966, 0.0 ], [ 106.612767728000051, -6.161238448999936, 0.0 ], [ 106.612781961000053, -6.161207684999958, 0.0 ], [ 106.612843174000034, -6.161025867999975, 0.0 ], [ 106.612882467000077, -6.160961558999934, 0.0 ], [ 106.612911346000033, -6.160912704999937, 0.0 ], [ 106.61295283000004, -6.160902883999936, 0.0 ], [ 106.612996804000034, -6.160898923999976, 0.0 ], [ 106.613054171000044, -6.160896834999955, 0.0 ], [ 106.613124894000066, -6.160885137999976, 0.0 ], [ 106.613205176000065, -6.160871496999964, 0.0 ], [ 106.613251021000053, -6.160854130999953, 0.0 ], [ 106.613298774000043, -6.160834845999949, 0.0 ], [ 106.613331192000032, -6.160804122999929, 0.0 ], [ 106.613361635000047, -6.160752350999923, 0.0 ], [ 106.613437282000064, -6.16047075699993, 0.0 ], [ 106.613619216000075, -6.159963952999926, 0.0 ], [ 106.614215829000045, -6.160265897999985, 0.0 ], [ 106.614427487000071, -6.160353578999945, 0.0 ], [ 106.614548108000065, -6.160403546999932, 0.0 ], [ 106.614662, -6.160438, 0.0 ], [ 106.614938801000051, -6.160522252999957, 0.0 ], [ 106.615610814000036, -6.160657741999954, 0.0 ] ] ] ] } },
{ "type": "Feature", "properties": { "OBJECTID": 83589, "NAMOBJ": "Periuk Jaya", "FCODE": "BA03080040", "REMARK": " ", "METADATA": "TASWIL1000020221227_DATA_BATAS_DESAKELURAHAN", "SRS_ID": "SRGI 2013", "KDBBPS": " ", "KDCBPS": " ", "KDCPUM": "36.71.08", "KDEBPS": " ", "KDEPUM": "36.71.08.1005", "KDPBPS": " ", "KDPKAB": "36.71", "KDPPUM": "36", "LUASWH": 0.0, "TIPADM": 2, "WADMKC": "Periuk", "WADMKD": "Periuk Jaya", "WADMKK": "Kota Tangerang", "WADMPR": "Banten", "WIADKC": " ", "WIADKK": " ", "WIADPR": " ", "WIADKD": " ", "UUPP": " ", "luas": null, "SHAPE_Length": 0.077106419867655901, "SHAPE_Area": 0.00023282263162016826 }, "geometry": { "type": "MultiPolygon", "coordinates": [ [ [ [ 106.613366036000059, -6.147775503999983, 0.0 ], [ 106.613351777000048, -6.148052945999955, 0.0 ], [ 106.613345575000039, -6.148173588999945, 0.0 ], [ 106.613288891000082, -6.148283540999949, 0.0 ], [ 106.613152389000049, -6.148548316999954, 0.0 ], [ 106.612739117000046, -6.149349955999975, 0.0 ], [ 106.61263021700006, -6.149833396999959, 0.0 ], [ 106.612593150000066, -6.149997949999942, 0.0 ], [ 106.612436089000084, -6.15069519899993, 0.0 ], [ 106.612396705000037, -6.150870035999964, 0.0 ], [ 106.612413764000053, -6.151403087999931, 0.0 ], [ 106.612415087000045, -6.151444415999952, 0.0 ], [ 106.612417664000077, -6.151524952999983, 0.0 ], [ 106.612418824000102, -6.151827450999973, 0.0 ], [ 106.612420305000057, -6.152213467999962, 0.0 ], [ 106.612421876000042, -6.152622868999978, 0.0 ], [ 106.612461830000086, -6.152705592999953, 0.0 ], [ 106.612476316000084, -6.152735585999952, 0.0 ], [ 106.612554713000065, -6.152897903999925, 0.0 ], [ 106.612562087000072, -6.152913170999966, 0.0 ], [ 106.612588810000034, -6.152968499999926, 0.0 ], [ 106.612726, -6.153253, 0.0 ], [ 106.612856198000088, -6.153522114999936, 0.0 ], [ 106.612915016000045, -6.153654492999983, 0.0 ], [ 106.613055719000045, -6.154103540999936, 0.0 ], [ 106.613153148000038, -6.154441528999945, 0.0 ], [ 106.613142379000067, -6.154610535999943, 0.0 ], [ 106.613202177000062, -6.155207873999928, 0.0 ], [ 106.613227161000054, -6.155426212999941, 0.0 ], [ 106.613302050000073, -6.155763070999961, 0.0 ], [ 106.613439268000036, -6.155993863999984, 0.0 ], [ 106.614072858000043, -6.156740287999985, 0.0 ], [ 106.614111283000057, -6.156787076999931, 0.0 ], [ 106.614211782000041, -6.156889470999935, 0.0 ], [ 106.614330138000071, -6.157005335999949, 0.0 ], [ 106.614390361000076, -6.157069781999954, 0.0 ], [ 106.614437966000082, -6.157120724999963, 0.0 ], [ 106.614457264000066, -6.157141376999963, 0.0 ], [ 106.61449198400004, -6.157177916999958, 0.0 ], [ 106.614596809000034, -6.157288246999941, 0.0 ], [ 106.614737619000039, -6.157434093999946, 0.0 ], [ 106.614746298000057, -6.157443084999947, 0.0 ], [ 106.614902530000052, -6.157602049999979, 0.0 ], [ 106.615062302000069, -6.157761310999945, 0.0 ], [ 106.615047975000039, -6.157770233999947, 0.0 ], [ 106.615040480000062, -6.157779335999975, 0.0 ], [ 106.614834012000088, -6.158025662999939, 0.0 ], [ 106.614744309000059, -6.15808526999996, 0.0 ], [ 106.614697703000047, -6.158101980999956, 0.0 ], [ 106.614685087000055, -6.158106503999932, 0.0 ], [ 106.614682050000056, -6.158106815999924, 0.0 ], [ 106.614608614000076, -6.158114390999975, 0.0 ], [ 106.614520632000051, -6.158110828999954, 0.0 ], [ 106.614379039000085, -6.158086374999917, 0.0 ], [ 106.614245836000066, -6.158031533999975, 0.0 ], [ 106.614081038000052, -6.157963685999954, 0.0 ], [ 106.614075333000073, -6.157958360999936, 0.0 ], [ 106.614037623000058, -6.15794581299997, 0.0 ], [ 106.614019058000054, -6.157938167999935, 0.0 ], [ 106.613841084000057, -6.157898511999975, 0.0 ], [ 106.613714830000063, -6.15788740999994, 0.0 ], [ 106.613642181000046, -6.157895285999929, 0.0 ], [ 106.613617391000048, -6.157918327999938, 0.0 ], [ 106.613594597000088, -6.15797007599997, 0.0 ], [ 106.613589451000053, -6.158027127999961, 0.0 ], [ 106.613568691000069, -6.158257261999949, 0.0 ], [ 106.613567517000035, -6.158502264999982, 0.0 ], [ 106.613569321000057, -6.158521479999929, 0.0 ], [ 106.613573445000043, -6.158565409999942, 0.0 ], [ 106.613590791000036, -6.15860938199996, 0.0 ], [ 106.613617607000037, -6.158644977999929, 0.0 ], [ 106.61368681600004, -6.158688354999975, 0.0 ], [ 106.613690547000033, -6.158690692999921, 0.0 ], [ 106.613805355000068, -6.158733145999983, 0.0 ], [ 106.614071599000056, -6.15875923099998, 0.0 ], [ 106.614082808000035, -6.158761283999985, 0.0 ], [ 106.614183382000078, -6.158818400999969, 0.0 ], [ 106.614230691000046, -6.158865463999978, 0.0 ], [ 106.614245728000071, -6.158904076999926, 0.0 ], [ 106.614262718000091, -6.158969210999949, 0.0 ], [ 106.614266422000071, -6.159036034999924, 0.0 ], [ 106.614265368000076, -6.159052623999974, 0.0 ], [ 106.61424659100004, -6.159167523999933, 0.0 ], [ 106.614203835000069, -6.159258568999979, 0.0 ], [ 106.614118110000049, -6.159368886999977, 0.0 ], [ 106.613936938000052, -6.159536914999935, 0.0 ], [ 106.613755778000041, -6.159709727999943, 0.0 ], [ 106.613619216000075, -6.159963952999926, 0.0 ], [ 106.613437282000064, -6.16047075699993, 0.0 ], [ 106.613361635000047, -6.160752350999923, 0.0 ], [ 106.613331192000032, -6.160804122999929, 0.0 ], [ 106.613298774000043, -6.160834845999949, 0.0 ], [ 106.613251021000053, -6.160854130999953, 0.0 ], [ 106.613205176000065, -6.160871496999964, 0.0 ], [ 106.613124894000066, -6.160885137999976, 0.0 ], [ 106.613054171000044, -6.160896834999955, 0.0 ], [ 106.612996804000034, -6.160898923999976, 0.0 ], [ 106.61295283000004, -6.160902883999936, 0.0 ], [ 106.612911346000033, -6.160912704999937, 0.0 ], [ 106.612882467000077, -6.160961558999934, 0.0 ], [ 106.612843174000034, -6.161025867999975, 0.0 ], [ 106.612781961000053, -6.161207684999958, 0.0 ], [ 106.612767728000051, -6.161238448999936, 0.0 ], [ 106.612761958000078, -6.161659511999966, 0.0 ], [ 106.612746851000054, -6.161722720999934, 0.0 ], [ 106.612720215000081, -6.16176873899996, 0.0 ], [ 106.612691615000074, -6.161797535999933, 0.0 ], [ 106.612653454000053, -6.161826362999935, 0.0 ], [ 106.612603806000038, -6.161851394999931, 0.0 ], [ 106.612540755000055, -6.161870726999949, 0.0 ], [ 106.61249487300006, -6.161876606999956, 0.0 ], [ 106.612435629000061, -6.161890183999952, 0.0 ], [ 106.612290447000078, -6.161944217999977, 0.0 ], [ 106.611952417000069, -6.16210027799997, 0.0 ], [ 106.611862626000061, -6.16213117399996, 0.0 ], [ 106.611793808000073, -6.162140950999965, 0.0 ], [ 106.611736424000085, -6.162137296999954, 0.0 ], [ 106.61167710400008, -6.162125992999959, 0.0 ], [ 106.611625435000079, -6.162114664999929, 0.0 ], [ 106.611564168000086, -6.162091880999984, 0.0 ], [ 106.611506760000054, -6.162080569999944, 0.0 ], [ 106.611447470000087, -6.162078835999986, 0.0 ], [ 106.611390080000035, -6.162073265999942, 0.0 ], [ 106.611137665000058, -6.162081685999971, 0.0 ], [ 106.610992268000075, -6.162064897999933, 0.0 ], [ 106.610919568000043, -6.162055547999959, 0.0 ], [ 106.610592163000035, -6.161930209999982, 0.0 ], [ 106.610559716000068, -6.161918952999946, 0.0 ], [ 106.610473004000085, -6.161936676999964, 0.0 ], [ 106.610454521000065, -6.161947851999962, 0.0 ], [ 106.610381993000033, -6.161995921999965, 0.0 ], [ 106.610328549000101, -6.162030536999972, 0.0 ], [ 106.610267427000053, -6.162055603999936, 0.0 ], [ 106.610219623000035, -6.162057660999954, 0.0 ], [ 106.610179444000039, -6.162052041999969, 0.0 ], [ 106.610167019000073, -6.162045869999934, 0.0 ], [ 106.610154487000059, -6.162051861999947, 0.0 ], [ 106.610122875000073, -6.162022232999961, 0.0 ], [ 106.610097073000077, -6.162006351999934, 0.0 ], [ 106.610068316000081, -6.161983470999931, 0.0 ], [ 106.610047216000055, -6.16196247999994, 0.0 ], [ 106.610010759000033, -6.161922394999979, 0.0 ], [ 106.609913076000069, -6.161872923999973, 0.0 ], [ 106.609662191000041, -6.161755010999965, 0.0 ], [ 106.609645684000043, -6.16174362099997, 0.0 ], [ 106.609603014000072, -6.161724535999951, 0.0 ], [ 106.60945893700007, -6.161604935999945, 0.0 ], [ 106.60939959600006, -6.16155865599995, 0.0 ], [ 106.609347780000064, -6.161537091999951, 0.0 ], [ 106.609324779000076, -6.161532560999937, 0.0 ], [ 106.609268076000035, -6.16152745399996, 0.0 ], [ 106.609052687000087, -6.16158515999996, 0.0 ], [ 106.609042703000057, -6.161592040999956, 0.0 ], [ 106.608955365000043, -6.161666457999959, 0.0 ], [ 106.608947271000034, -6.161676528999977, 0.0 ], [ 106.608902323000052, -6.161756265999938, 0.0 ], [ 106.608833096000069, -6.161879076999975, 0.0 ], [ 106.608827764000083, -6.161891376999963, 0.0 ], [ 106.608826881000084, -6.161895992999981, 0.0 ], [ 106.608827093000059, -6.161966162999924, 0.0 ], [ 106.608890647000067, -6.162113353999922, 0.0 ], [ 106.608973376000051, -6.162277712999987, 0.0 ], [ 106.608983025000043, -6.162306394999965, 0.0 ], [ 106.608983106000053, -6.162333189999976, 0.0 ], [ 106.608975544000089, -6.162361924999966, 0.0 ], [ 106.60894330800005, -6.162453896999968, 0.0 ], [ 106.608932917000075, -6.162470376999972, 0.0 ], [ 106.60889833300007, -6.162525223999971, 0.0 ], [ 106.608840528000101, -6.162616899999934, 0.0 ], [ 106.608838828000046, -6.162623792999972, 0.0 ], [ 106.608817856000087, -6.162708842999964, 0.0 ], [ 106.608810396000081, -6.162772030999969, 0.0 ], [ 106.608810500000061, -6.162772594999981, 0.0 ], [ 106.608813696000098, -6.162789892999968, 0.0 ], [ 106.608816819000083, -6.16280678999993, 0.0 ], [ 106.608818172000042, -6.162814115999935, 0.0 ], [ 106.608832025000083, -6.162832715999968, 0.0 ], [ 106.608856578000086, -6.162865679999921, 0.0 ], [ 106.608862449000071, -6.162869367999967, 0.0 ], [ 106.608864398000037, -6.162872039999971, 0.0 ], [ 106.608868769000082, -6.162873335999963, 0.0 ], [ 106.608892982000043, -6.162888538999934, 0.0 ], [ 106.609136062000076, -6.162954795999945, 0.0 ], [ 106.609254712000052, -6.162981234999966, 0.0 ], [ 106.609287300000062, -6.163006019999956, 0.0 ], [ 106.609314165000058, -6.163036563999988, 0.0 ], [ 106.609318070000086, -6.163063348999962, 0.0 ], [ 106.609318140000084, -6.163086316999959, 0.0 ], [ 106.609310617000062, -6.16312844799996, 0.0 ], [ 106.609298246000037, -6.163169755999936, 0.0 ], [ 106.609287420000044, -6.163198350999942, 0.0 ], [ 106.609223159000067, -6.163299063999939, 0.0 ], [ 106.609190890000036, -6.163379551999986, 0.0 ], [ 106.609191011000064, -6.163419745999939, 0.0 ], [ 106.609206431000075, -6.163459893999972, 0.0 ], [ 106.609231403000081, -6.163496185999971, 0.0 ], [ 106.609243772000085, -6.163515860999956, 0.0 ], [ 106.609260228000039, -6.163542036999949, 0.0 ], [ 106.609273701000063, -6.163570706999959, 0.0 ], [ 106.609273788000053, -6.16359941799993, 0.0 ], [ 106.609266201000082, -6.163620493999932, 0.0 ], [ 106.609249110000064, -6.16366074199993, 0.0 ], [ 106.609226255000067, -6.163691435999958, 0.0 ], [ 106.609215640000059, -6.163707058999935, 0.0 ], [ 106.609211990000063, -6.163712431999952, 0.0 ], [ 106.609199953000086, -6.163730150999932, 0.0 ], [ 106.609195166000063, -6.163738593999931, 0.0 ], [ 106.60917682700007, -6.163770936999977, 0.0 ], [ 106.609077849000073, -6.163945495999934, 0.0 ], [ 106.609014640000055, -6.16406959699997, 0.0 ], [ 106.609005869000043, -6.164089945999933, 0.0 ], [ 106.608973100000071, -6.164151156999932, 0.0 ], [ 106.608935141000075, -6.164186379999933, 0.0 ], [ 106.608918480000057, -6.164210355999948, 0.0 ], [ 106.608909008000069, -6.164240290999949, 0.0 ], [ 106.608898387000082, -6.164285781999972, 0.0 ], [ 106.608895086000075, -6.164380298999956, 0.0 ], [ 106.608893376000083, -6.164408111999928, 0.0 ], [ 106.608891565000079, -6.164437568999964, 0.0 ], [ 106.608891123000035, -6.164446450999948, 0.0 ], [ 106.608890360000032, -6.164461776999929, 0.0 ], [ 106.608889374000057, -6.164464784999953, 0.0 ], [ 106.608881032000056, -6.164490234999968, 0.0 ], [ 106.60887789800006, -6.164493762999942, 0.0 ], [ 106.608875675000036, -6.164496264999972, 0.0 ], [ 106.608875628000078, -6.164496317999984, 0.0 ], [ 106.608873505000076, -6.164498705999966, 0.0 ], [ 106.608869162000076, -6.164503593999943, 0.0 ], [ 106.608856827000068, -6.164513255999967, 0.0 ], [ 106.608847697000044, -6.164520406999944, 0.0 ], [ 106.608834654000091, -6.164523760999936, 0.0 ], [ 106.608795919000045, -6.164533722999984, 0.0 ], [ 106.60878258300005, -6.164536115999971, 0.0 ], [ 106.608757607000086, -6.164540598999958, 0.0 ], [ 106.608723520000069, -6.164546716999956, 0.0 ], [ 106.608625267000036, -6.164564351999952, 0.0 ], [ 106.608556443000055, -6.164571815999977, 0.0 ], [ 106.608535794000034, -6.164574053999957, 0.0 ], [ 106.608457028000032, -6.164582596999931, 0.0 ], [ 106.60842, -6.164589, 0.0 ], [ 106.608342340000036, -6.164602082999978, 0.0 ], [ 106.608269483000072, -6.164620245999969, 0.0 ], [ 106.608188277000068, -6.164644416999983, 0.0 ], [ 106.608164454000075, -6.164658258999965, 0.0 ], [ 106.608127737000075, -6.164679590999989, 0.0 ], [ 106.608099350000089, -6.164696082999967, 0.0 ], [ 106.608086856000057, -6.164703341999939, 0.0 ], [ 106.607972370000084, -6.164781800999953, 0.0 ], [ 106.607914226000062, -6.164796362999939, 0.0 ], [ 106.607876407000063, -6.164793392999969, 0.0 ], [ 106.607846849000055, -6.164784216999971, 0.0 ], [ 106.60773639100006, -6.164744701999956, 0.0 ], [ 106.607708741000081, -6.164730266999931, 0.0 ], [ 106.607700788000045, -6.164726114999957, 0.0 ], [ 106.607685420000067, -6.164721388999973, 0.0 ], [ 106.607670907000056, -6.164716923999943, 0.0 ], [ 106.607630239000059, -6.164712559999948, 0.0 ], [ 106.607598648000078, -6.164724552999937, 0.0 ], [ 106.607568503000039, -6.16473800099993, 0.0 ], [ 106.607534842000064, -6.164770376999965, 0.0 ], [ 106.607524744000045, -6.164791768999978, 0.0 ], [ 106.607480388000056, -6.164868123999942, 0.0 ], [ 106.607455649000087, -6.164910712999925, 0.0 ], [ 106.607428889000062, -6.164980109999923, 0.0 ], [ 106.607410041000051, -6.165043488999962, 0.0 ], [ 106.607394077000038, -6.165097172999934, 0.0 ], [ 106.607344306000073, -6.165296469999928, 0.0 ], [ 106.607324936000055, -6.165374035999948, 0.0 ], [ 106.60732285000006, -6.165405448999937, 0.0 ], [ 106.607319395000047, -6.165457437999982, 0.0 ], [ 106.607316948000062, -6.16549425999994, 0.0 ], [ 106.60729996300006, -6.165704596999944, 0.0 ], [ 106.607294766000052, -6.165768943999974, 0.0 ], [ 106.60728365600005, -6.16590652199994, 0.0 ], [ 106.607282570000052, -6.165919971999931, 0.0 ], [ 106.607281233000037, -6.165936526999928, 0.0 ], [ 106.607264332000057, -6.166039937999924, 0.0 ], [ 106.607249937000077, -6.166074622999931, 0.0 ], [ 106.607212724000078, -6.166164285999967, 0.0 ], [ 106.607205474000082, -6.166181755999961, 0.0 ], [ 106.607119849000071, -6.166317077999955, 0.0 ], [ 106.607114275000072, -6.166325887999967, 0.0 ], [ 106.607108400000087, -6.166335172999941, 0.0 ], [ 106.606995252000047, -6.166628494999947, 0.0 ], [ 106.606981258000076, -6.166664772999974, 0.0 ], [ 106.606827025000086, -6.16688918399995, 0.0 ], [ 106.606694946000061, -6.167026490999948, 0.0 ], [ 106.606640728000059, -6.167082853999943, 0.0 ], [ 106.606606826000075, -6.167118098999937, 0.0 ], [ 106.606578445000082, -6.167146673999977, 0.0 ], [ 106.606543618000046, -6.167181742999957, 0.0 ], [ 106.606520709000051, -6.167204808999935, 0.0 ], [ 106.606503865000036, -6.16722176799994, 0.0 ], [ 106.606478163000077, -6.167260604999958, 0.0 ], [ 106.606471108000051, -6.167299386999958, 0.0 ], [ 106.606461388000071, -6.167405644999967, 0.0 ], [ 106.606468755000051, -6.16750219099992, 0.0 ], [ 106.606464752000079, -6.167553154999955, 0.0 ], [ 106.606459500000085, -6.167620026999932, 0.0 ], [ 106.606456194000089, -6.167662111999963, 0.0 ], [ 106.606327877000069, -6.167803718999955, 0.0 ], [ 106.606026998000061, -6.167989693999972, 0.0 ], [ 106.605877081000088, -6.168123102999973, 0.0 ], [ 106.605867764000038, -6.168131392999958, 0.0 ], [ 106.605170681000061, -6.168949762999945, 0.0 ], [ 106.604902310000057, -6.169264828999934, 0.0 ], [ 106.604798130000077, -6.169387134999964, 0.0 ], [ 106.604733881000072, -6.169462560999924, 0.0 ], [ 106.603886040000077, -6.170356643999981, 0.0 ], [ 106.603597663000073, -6.170687234999945, 0.0 ], [ 106.60359358900007, -6.170692865999971, 0.0 ], [ 106.603515476000055, -6.17080085199995, 0.0 ], [ 106.603510016000101, -6.170808400999927, 0.0 ], [ 106.603509962000032, -6.170808376999962, 0.0 ], [ 106.603494799000089, -6.170829384999938, 0.0 ], [ 106.603432765000036, -6.170801101999927, 0.0 ], [ 106.603380522000066, -6.170777281999964, 0.0 ], [ 106.603361196000037, -6.170768470999973, 0.0 ], [ 106.602985792000084, -6.170597311999928, 0.0 ], [ 106.602901566000071, -6.170557309999939, 0.0 ], [ 106.602878508000074, -6.170546358999962, 0.0 ], [ 106.602728909000064, -6.170475309999967, 0.0 ], [ 106.602417142000036, -6.170327167999969, 0.0 ], [ 106.602406528000074, -6.170322123999931, 0.0 ], [ 106.602138159000049, -6.170194602999973, 0.0 ], [ 106.602130880000061, -6.170191143999951, 0.0 ], [ 106.602030484000068, -6.17014343899996, 0.0 ], [ 106.601700353000069, -6.169992724999923, 0.0 ], [ 106.601560169000038, -6.169928684999941, 0.0 ], [ 106.601473288000093, -6.169883399999938, 0.0 ], [ 106.601472042000069, -6.169882749999938, 0.0 ], [ 106.601414070000033, -6.169852496999969, 0.0 ], [ 106.601403369000082, -6.169846912999958, 0.0 ], [ 106.601248628000079, -6.169766160999933, 0.0 ], [ 106.600999467000065, -6.16963623799995, 0.0 ], [ 106.600908316000073, -6.169588707999934, 0.0 ], [ 106.600902987000055, -6.169585928999933, 0.0 ], [ 106.600877519000051, -6.169565030999935, 0.0 ], [ 106.600829090000047, -6.16951481799992, 0.0 ], [ 106.600744794000036, -6.169429543999974, 0.0 ], [ 106.600744534000057, -6.169429239999938, 0.0 ], [ 106.600631225000086, -6.169296982999989, 0.0 ], [ 106.600608945000033, -6.169270921999948, 0.0 ], [ 106.600582483000039, -6.169233246999971, 0.0 ], [ 106.600522450000099, -6.169147772999957, 0.0 ], [ 106.600401554000086, -6.168956919999967, 0.0 ], [ 106.600391040000034, -6.168929942999975, 0.0 ], [ 106.600317087000064, -6.16874019099993, 0.0 ], [ 106.600312201000065, -6.168722840999977, 0.0 ], [ 106.60030955700006, -6.168713451999957, 0.0 ], [ 106.600297118000071, -6.16866940599994, 0.0 ], [ 106.600295475000053, -6.168663587999957, 0.0 ], [ 106.600280037000061, -6.168608575999947, 0.0 ], [ 106.600227940000082, -6.168428273999944, 0.0 ], [ 106.600210533000052, -6.168340736999936, 0.0 ], [ 106.600208499000075, -6.168330509999978, 0.0 ], [ 106.600203695000062, -6.168306353999982, 0.0 ], [ 106.600182175000043, -6.168198138999971, 0.0 ], [ 106.600159967000081, -6.168072083999967, 0.0 ], [ 106.600134122000043, -6.167925426999946, 0.0 ], [ 106.600109188000033, -6.167756149999941, 0.0 ], [ 106.600108644000059, -6.167752459999966, 0.0 ], [ 106.600106896000057, -6.167740620999957, 0.0 ], [ 106.600096704000066, -6.167671307999966, 0.0 ], [ 106.600064055000075, -6.167516804999925, 0.0 ], [ 106.600040207000063, -6.167439938999962, 0.0 ], [ 106.600012162000041, -6.16734964599993, 0.0 ], [ 106.600011394000035, -6.16734717499997, 0.0 ], [ 106.599952846000065, -6.167158669999941, 0.0 ], [ 106.599936925000065, -6.167107407999931, 0.0 ], [ 106.599921204000054, -6.167056790999941, 0.0 ], [ 106.599854992000076, -6.166843610999925, 0.0 ], [ 106.599829414000055, -6.166761143999964, 0.0 ], [ 106.599713149000095, -6.166399582999937, 0.0 ], [ 106.599642833000075, -6.166180912999955, 0.0 ], [ 106.599563353000065, -6.165941534999943, 0.0 ], [ 106.599557341000036, -6.165923428999967, 0.0 ], [ 106.599556903000064, -6.165922109999934, 0.0 ], [ 106.59946823000007, -6.165655044999936, 0.0 ], [ 106.599444428000083, -6.165583358999918, 0.0 ], [ 106.599425107000059, -6.165525192999951, 0.0 ], [ 106.599421534000044, -6.16551443499997, 0.0 ], [ 106.599419468000065, -6.165508212999961, 0.0 ], [ 106.599401949000082, -6.165420142999959, 0.0 ], [ 106.599397683000063, -6.165398701999949, 0.0 ], [ 106.599394275000066, -6.165330542999918, 0.0 ], [ 106.599393085000088, -6.165306406999941, 0.0 ], [ 106.599405691000072, -6.165211801999931, 0.0 ], [ 106.599407707000069, -6.165163425999939, 0.0 ], [ 106.599408522000033, -6.165158201999921, 0.0 ], [ 106.599409051000066, -6.165154808999946, 0.0 ], [ 106.59941501600008, -6.165116576999935, 0.0 ], [ 106.599416183000073, -6.165109097999966, 0.0 ], [ 106.599428833000047, -6.165028018999975, 0.0 ], [ 106.599476374000062, -6.164704860999954, 0.0 ], [ 106.599506741000084, -6.164498436999967, 0.0 ], [ 106.599561333000054, -6.164069551999949, 0.0 ], [ 106.599559254000042, -6.163964576999938, 0.0 ], [ 106.59955896200006, -6.163949856999973, 0.0 ], [ 106.599558786000046, -6.163940634999963, 0.0 ], [ 106.599554028000057, -6.163794637999958, 0.0 ], [ 106.599527114000068, -6.163614622999938, 0.0 ], [ 106.599439272000041, -6.163046349999954, 0.0 ], [ 106.599432726000089, -6.163004001999986, 0.0 ], [ 106.599432601000046, -6.163003194999929, 0.0 ], [ 106.599418666000076, -6.162914649999941, 0.0 ], [ 106.599418381000078, -6.16291283999993, 0.0 ], [ 106.599409758000036, -6.16285805399996, 0.0 ], [ 106.599402450000085, -6.162811616999925, 0.0 ], [ 106.599374219000083, -6.162638263999949, 0.0 ], [ 106.599338902000056, -6.162421398999921, 0.0 ], [ 106.599328749000051, -6.162359053999981, 0.0 ], [ 106.599328278000087, -6.16235616299997, 0.0 ], [ 106.599257864000037, -6.161923775999987, 0.0 ], [ 106.599255778000042, -6.161910887999975, 0.0 ], [ 106.599254675000054, -6.161904075999931, 0.0 ], [ 106.599232319000066, -6.161767726999932, 0.0 ], [ 106.599229784000059, -6.161752263999977, 0.0 ], [ 106.599224202000073, -6.161718270999921, 0.0 ], [ 106.599223106000068, -6.161711598999946, 0.0 ], [ 106.599209213000051, -6.161625027999944, 0.0 ], [ 106.599166468000078, -6.161357723999973, 0.0 ], [ 106.59916024100005, -6.161318595999943, 0.0 ], [ 106.599091684000101, -6.160890440999942, 0.0 ], [ 106.599081899000055, -6.160832336999925, 0.0 ], [ 106.599058847000052, -6.160695415999955, 0.0 ], [ 106.599050118000036, -6.160643565999975, 0.0 ], [ 106.599042430000054, -6.160514574999977, 0.0 ], [ 106.599027452000087, -6.160264727999957, 0.0 ], [ 106.599054209000087, -6.159869918999966, 0.0 ], [ 106.599105737000059, -6.159035304999977, 0.0 ], [ 106.599107502000038, -6.159006708999932, 0.0 ], [ 106.599127898000063, -6.158660080999945, 0.0 ], [ 106.59913543600004, -6.158531974999963, 0.0 ], [ 106.599137494000047, -6.158497973999943, 0.0 ], [ 106.599155016000054, -6.158200497999932, 0.0 ], [ 106.599156692000065, -6.158172038999957, 0.0 ], [ 106.599160253000036, -6.158111585999961, 0.0 ], [ 106.599162663000072, -6.158070351999927, 0.0 ], [ 106.59916609200009, -6.157946660999922, 0.0 ], [ 106.599174361000053, -6.157645485999987, 0.0 ], [ 106.59918785900004, -6.157153884999955, 0.0 ], [ 106.599198572000034, -6.156949707999963, 0.0 ], [ 106.599230567000063, -6.156338170999964, 0.0 ], [ 106.59923505200004, -6.156056339999971, 0.0 ], [ 106.599236776000055, -6.155948034999937, 0.0 ], [ 106.599239159000035, -6.155797249999985, 0.0 ], [ 106.599239657000055, -6.155765759999952, 0.0 ], [ 106.599242619000051, -6.155709878999978, 0.0 ], [ 106.599247425000058, -6.15561805499993, 0.0 ], [ 106.599250281000081, -6.155563498999932, 0.0 ], [ 106.599253350000083, -6.155504860999936, 0.0 ], [ 106.59925495300007, -6.155474233999933, 0.0 ], [ 106.599259911000047, -6.155379535999934, 0.0 ], [ 106.599264, -6.155299, 0.0 ], [ 106.599264133000077, -6.155299005999958, 0.0 ], [ 106.59930081300007, -6.155300787999968, 0.0 ], [ 106.599319781000077, -6.155301709999939, 0.0 ], [ 106.599363498000073, -6.155303833999931, 0.0 ], [ 106.599446952000051, -6.155307888999968, 0.0 ], [ 106.599570066000069, -6.155313870999983, 0.0 ], [ 106.599638708000057, -6.155317206999935, 0.0 ], [ 106.600413542000069, -6.155354855999967, 0.0 ], [ 106.601413554000032, -6.155372650999944, 0.0 ], [ 106.601782397000079, -6.15539799299995, 0.0 ], [ 106.601895098000057, -6.155405735999977, 0.0 ], [ 106.602093192000041, -6.155419345999976, 0.0 ], [ 106.602099863000049, -6.15541980399996, 0.0 ], [ 106.602101683000058, -6.155419928999938, 0.0 ], [ 106.60212186800004, -6.15542131599994, 0.0 ], [ 106.602437342000087, -6.155442990999974, 0.0 ], [ 106.602856, -6.155461, 0.0 ], [ 106.602879698000038, -6.155432078999974, 0.0 ], [ 106.602889185000038, -6.155341098999939, 0.0 ], [ 106.602906627000053, -6.155211329999924, 0.0 ], [ 106.602916587000038, -6.155137232999943, 0.0 ], [ 106.602934720000079, -6.155049450999968, 0.0 ], [ 106.602938545000086, -6.155030935999938, 0.0 ], [ 106.603000612000073, -6.154731699999949, 0.0 ], [ 106.603070589000083, -6.154394327999966, 0.0 ], [ 106.603101128000063, -6.154367203999933, 0.0 ], [ 106.603171122000049, -6.154092907999937, 0.0 ], [ 106.603178519000039, -6.154063919999945, 0.0 ], [ 106.603192929000045, -6.154007246999981, 0.0 ], [ 106.603199800000084, -6.153980226999979, 0.0 ], [ 106.603216516000089, -6.153914990999973, 0.0 ], [ 106.603217747000087, -6.153903324999933, 0.0 ], [ 106.603226517000053, -6.153821658999955, 0.0 ], [ 106.6032630320001, -6.153750215999938, 0.0 ], [ 106.603311101000088, -6.153656045999973, 0.0 ], [ 106.603399311000032, -6.153407516999951, 0.0 ], [ 106.603422654000042, -6.153390720999941, 0.0 ], [ 106.603578, -6.153075, 0.0 ], [ 106.603607569000076, -6.153068759999938, 0.0 ], [ 106.603674564000073, -6.153099930999923, 0.0 ], [ 106.603814937000038, -6.153153935999961, 0.0 ], [ 106.603838, -6.153154, 0.0 ], [ 106.603884931000039, -6.15306022199996, 0.0 ], [ 106.603972150000061, -6.15288594199996, 0.0 ], [ 106.603988739000044, -6.152877573999947, 0.0 ], [ 106.604002149000053, -6.152877533999975, 0.0 ], [ 106.604045462000045, -6.15290003599994, 0.0 ], [ 106.604090048000046, -6.152923197999939, 0.0 ], [ 106.604180464000081, -6.152739665999943, 0.0 ], [ 106.604189260000055, -6.152716313999968, 0.0 ], [ 106.604214316000082, -6.152649877999981, 0.0 ], [ 106.604247523000097, -6.15256859099998, 0.0 ], [ 106.604262148000032, -6.152551549999933, 0.0 ], [ 106.604276851000066, -6.152534175999956, 0.0 ], [ 106.604277, -6.152534, 0.0 ], [ 106.604275666000035, -6.152532617999958, 0.0 ], [ 106.604275052000048, -6.152531981999978, 0.0 ], [ 106.604274888000077, -6.152531811999949, 0.0 ], [ 106.604274641000075, -6.152531555999921, 0.0 ], [ 106.604144707000046, -6.152396938, 0.0 ], [ 106.604109906000076, -6.152360881999926, 0.0 ], [ 106.604016637000086, -6.152264065999939, 0.0 ], [ 106.603869201000066, -6.152111023999973, 0.0 ], [ 106.603809116000036, -6.152048653999938, 0.0 ], [ 106.603757225000038, -6.151994788999952, 0.0 ], [ 106.603676994000068, -6.151915328999961, 0.0 ], [ 106.603256209000065, -6.151498588999966, 0.0 ], [ 106.602843722000046, -6.151081018999953, 0.0 ], [ 106.602812138000047, -6.151049045999967, 0.0 ], [ 106.602796640000065, -6.151033356999968, 0.0 ], [ 106.602679910000063, -6.150915188999937, 0.0 ], [ 106.60254055300004, -6.150773179999932, 0.0 ], [ 106.602015570000049, -6.150238204999936, 0.0 ], [ 106.601911123000036, -6.15014011599994, 0.0 ], [ 106.601911, -6.15014, 0.0 ], [ 106.602005148000046, -6.150046744999933, 0.0 ], [ 106.602113715000087, -6.14993893499997, 0.0 ], [ 106.602161995000074, -6.149890994999957, 0.0 ], [ 106.601930535000065, -6.149655680999961, 0.0 ], [ 106.601622229000057, -6.149391212999945, 0.0 ], [ 106.601619300000038, -6.14938869999997, 0.0 ], [ 106.601629890000083, -6.14937025499995, 0.0 ], [ 106.601652166000079, -6.149320643999945, 0.0 ], [ 106.601655763000053, -6.149227962999927, 0.0 ], [ 106.601704186000063, -6.149077738999956, 0.0 ], [ 106.601744029000088, -6.148749251999956, 0.0 ], [ 106.601754171000039, -6.148603028999961, 0.0 ], [ 106.601759509000033, -6.148544788999973, 0.0 ], [ 106.601758929000084, -6.148525171999943, 0.0 ], [ 106.601754213000049, -6.148069431999951, 0.0 ], [ 106.601758951000079, -6.147721637999958, 0.0 ], [ 106.602046986000062, -6.147718335999977, 0.0 ], [ 106.602242042000057, -6.147716099999967, 0.0 ], [ 106.602575050000041, -6.147694799999945, 0.0 ], [ 106.603017440000087, -6.14757572399997, 0.0 ], [ 106.603435954000076, -6.147623191999966, 0.0 ], [ 106.605309073000058, -6.147658286999956, 0.0 ], [ 106.605750009000076, -6.14770520499996, 0.0 ], [ 106.605920186000048, -6.147588909999975, 0.0 ], [ 106.607097119000059, -6.147581960999951, 0.0 ], [ 106.608595730000047, -6.147573111999975, 0.0 ], [ 106.608794543000045, -6.147762065999928, 0.0 ], [ 106.609128899000041, -6.14776247399994, 0.0 ], [ 106.610028965000083, -6.147763571999975, 0.0 ], [ 106.610035290000042, -6.147932249999939, 0.0 ], [ 106.61010096800004, -6.147942207999955, 0.0 ], [ 106.610199722000061, -6.147957180999974, 0.0 ], [ 106.610524345000044, -6.148006398999938, 0.0 ], [ 106.610620534000077, -6.147870046999961, 0.0 ], [ 106.610651830000052, -6.147825682999947, 0.0 ], [ 106.610779167000032, -6.14782332899995, 0.0 ], [ 106.611054628000034, -6.147818236999962, 0.0 ], [ 106.612419767000063, -6.147792997999949, 0.0 ], [ 106.613327441000081, -6.147776217999932, 0.0 ], [ 106.613366036000059, -6.147775503999983, 0.0 ] ] ] ] } },
{ "type": "Feature", "properties": { "OBJECTID": 83595, "NAMOBJ": "Jatiuwung", "FCODE": "BA03080040", "REMARK": " ", "METADATA": "TASWIL1000020221227_DATA_BATAS_DESAKELURAHAN", "SRS_ID": "SRGI 2013", "KDBBPS": " ", "KDCBPS": " ", "KDCPUM": "36.71.09", "KDEBPS": " ", "KDEPUM": "36.71.09.1006", "KDPBPS": " ", "KDPKAB": "36.71", "KDPPUM": "36", "LUASWH": 0.0, "TIPADM": 2, "WADMKC": "Cibodas", "WADMKD": "Jatiuwung", "WADMKK": "Kota Tangerang", "WADMPR": "Banten", "WIADKC": " ", "WIADKK": " ", "WIADPR": " ", "WIADKD": " ", "UUPP": " ", "luas": null, "SHAPE_Length": 0.045277191688593191, "SHAPE_Area": 0.00011188909617920242 }, "geometry": { "type": "MultiPolygon", "coordinates": [ [ [ [ 106.598659458000043, -6.189294141999944, 0.0 ], [ 106.598614161000057, -6.189673247999958, 0.0 ], [ 106.598610744000041, -6.189701849999953, 0.0 ], [ 106.598589877000052, -6.189882401999965, 0.0 ], [ 106.598570092000045, -6.190053591999972, 0.0 ], [ 106.598533607000036, -6.190369285999967, 0.0 ], [ 106.598515137000049, -6.190561813999984, 0.0 ], [ 106.598506120000081, -6.190655789999941, 0.0 ], [ 106.598500212000033, -6.190717380999948, 0.0 ], [ 106.598494428000038, -6.190777665999971, 0.0 ], [ 106.598466583000061, -6.190948289999942, 0.0 ], [ 106.598461174000079, -6.190981437999942, 0.0 ], [ 106.598451838000074, -6.191056407999958, 0.0 ], [ 106.59845114500007, -6.191061983999933, 0.0 ], [ 106.598450617000083, -6.191066219999921, 0.0 ], [ 106.598450513000046, -6.19106704399996, 0.0 ], [ 106.598421461000044, -6.191300383999938, 0.0 ], [ 106.598406178000062, -6.191423124999976, 0.0 ], [ 106.598401748000072, -6.19145869299996, 0.0 ], [ 106.598384210000063, -6.191599547999937, 0.0 ], [ 106.598358843000085, -6.191811392999971, 0.0 ], [ 106.598338872000056, -6.191978172999941, 0.0 ], [ 106.598330286000078, -6.192049890999955, 0.0 ], [ 106.598329403000037, -6.192057268999979, 0.0 ], [ 106.598322244000087, -6.19211704799994, 0.0 ], [ 106.598322173000042, -6.192117641999972, 0.0 ], [ 106.598282890000064, -6.192445703999973, 0.0 ], [ 106.598271477000083, -6.192537434999965, 0.0 ], [ 106.59826541200006, -6.192588783999953, 0.0 ], [ 106.598253446000058, -6.192690101999974, 0.0 ], [ 106.598245100000042, -6.192760751999967, 0.0 ], [ 106.598220338000033, -6.192970403999944, 0.0 ], [ 106.598205317000065, -6.193253144999977, 0.0 ], [ 106.598199922000063, -6.19335469399994, 0.0 ], [ 106.598420536000049, -6.19345084599996, 0.0 ], [ 106.598556276000082, -6.193504620999925, 0.0 ], [ 106.598610065000059, -6.193543039999956, 0.0 ], [ 106.59862032500007, -6.193635265999936, 0.0 ], [ 106.59863161800007, -6.19369305299995, 0.0 ], [ 106.598664059000043, -6.193859076999961, 0.0 ], [ 106.598678768000084, -6.193934931999937, 0.0 ], [ 106.598685093000086, -6.193967557999946, 0.0 ], [ 106.598706029000084, -6.194075527999925, 0.0 ], [ 106.598752690000097, -6.194316186999961, 0.0 ], [ 106.598765492000041, -6.19438220599995, 0.0 ], [ 106.598782463000077, -6.194442688999979, 0.0 ], [ 106.598835787000041, -6.194632737999942, 0.0 ], [ 106.598876798000063, -6.194822312999975, 0.0 ], [ 106.598895126000059, -6.194984248999958, 0.0 ], [ 106.598914690000072, -6.195157126999961, 0.0 ], [ 106.598926946000063, -6.195272429999934, 0.0 ], [ 106.598929808000051, -6.195299348999975, 0.0 ], [ 106.598928013000048, -6.195328322999953, 0.0 ], [ 106.598922626000046, -6.195405758999926, 0.0 ], [ 106.598908248000043, -6.195524617999982, 0.0 ], [ 106.598904067000035, -6.195542136999955, 0.0 ], [ 106.598890671000049, -6.195598273999969, 0.0 ], [ 106.598779155000045, -6.195687571999948, 0.0 ], [ 106.598712048000039, -6.195741309999955, 0.0 ], [ 106.598475371000063, -6.19593798499995, 0.0 ], [ 106.59824930700006, -6.196113099999939, 0.0 ], [ 106.598062438000056, -6.196257854999939, 0.0 ], [ 106.597972317000085, -6.196301157999923, 0.0 ], [ 106.597950790000084, -6.19631150199995, 0.0 ], [ 106.597772151000072, -6.196383035999931, 0.0 ], [ 106.597647111000072, -6.196467967999975, 0.0 ], [ 106.597507696000037, -6.196588132999981, 0.0 ], [ 106.597486350000054, -6.196606531999976, 0.0 ], [ 106.597484104000046, -6.196608648999929, 0.0 ], [ 106.597091860000035, -6.196978185999968, 0.0 ], [ 106.596652171000073, -6.197352480999934, 0.0 ], [ 106.596511948000057, -6.197471849999936, 0.0 ], [ 106.596457920000049, -6.197521625999967, 0.0 ], [ 106.596408982000071, -6.197566712999962, 0.0 ], [ 106.596262256000045, -6.197692289999962, 0.0 ], [ 106.596225151000056, -6.197724046999945, 0.0 ], [ 106.596159948000036, -6.197779851999932, 0.0 ], [ 106.595935692000069, -6.197971780999971, 0.0 ], [ 106.595659626000057, -6.198208055999936, 0.0 ], [ 106.595417521000059, -6.198422641999966, 0.0 ], [ 106.595309346000079, -6.198518521999976, 0.0 ], [ 106.59525156400008, -6.198569735999972, 0.0 ], [ 106.595086129000038, -6.198716366999979, 0.0 ], [ 106.595039904000032, -6.198756290999945, 0.0 ], [ 106.594976368000061, -6.198811164999942, 0.0 ], [ 106.594883593000077, -6.198891290999933, 0.0 ], [ 106.594599427000048, -6.199187919999921, 0.0 ], [ 106.594522144000052, -6.199268590999955, 0.0 ], [ 106.594253683000034, -6.199554423999923, 0.0 ], [ 106.594222891000086, -6.199589807999921, 0.0 ], [ 106.594206400000076, -6.199608755999976, 0.0 ], [ 106.594206238000083, -6.199608941999948, 0.0 ], [ 106.594200251000075, -6.199615821999937, 0.0 ], [ 106.594193527000073, -6.19962354899997, 0.0 ], [ 106.594154949000085, -6.199667877999961, 0.0 ], [ 106.594135, -6.199690801999958, 0.0 ], [ 106.594099463000092, -6.199731637999937, 0.0 ], [ 106.594022352000096, -6.199822004999928, 0.0 ], [ 106.593994851000048, -6.199845852999945, 0.0 ], [ 106.593957928000066, -6.199877871999945, 0.0 ], [ 106.593859166000072, -6.199963513999935, 0.0 ], [ 106.593858061000049, -6.199964613999945, 0.0 ], [ 106.59385158300006, -6.199971074999949, 0.0 ], [ 106.593635281000061, -6.20018677799994, 0.0 ], [ 106.593448181000042, -6.200373360999942, 0.0 ], [ 106.593398433000061, -6.200423149999953, 0.0 ], [ 106.593355760000065, -6.200465857999981, 0.0 ], [ 106.593335527000079, -6.200486108999942, 0.0 ], [ 106.593171829000084, -6.200686934999973, 0.0 ], [ 106.593149445000051, -6.200742949999951, 0.0 ], [ 106.593126053000063, -6.200801488999951, 0.0 ], [ 106.593111997000051, -6.200836662999966, 0.0 ], [ 106.593141750000086, -6.20095040499995, 0.0 ], [ 106.593156586000092, -6.201045947999941, 0.0 ], [ 106.593157614000063, -6.201052562999969, 0.0 ], [ 106.593173485000079, -6.201172217999956, 0.0 ], [ 106.593177005000086, -6.201198751999925, 0.0 ], [ 106.593183599000042, -6.20138417899995, 0.0 ], [ 106.59318408200005, -6.201397787999951, 0.0 ], [ 106.593168526000056, -6.201455730999961, 0.0 ], [ 106.593163072000038, -6.201476047999955, 0.0 ], [ 106.593156321000038, -6.201501189999926, 0.0 ], [ 106.593106753000086, -6.201687310999947, 0.0 ], [ 106.593083557000057, -6.201774409999923, 0.0 ], [ 106.593062884000062, -6.20188871999995, 0.0 ], [ 106.59296889400008, -6.202408400999956, 0.0 ], [ 106.592942461000064, -6.202476870999925, 0.0 ], [ 106.592918338000061, -6.202539350999926, 0.0 ], [ 106.592898261000073, -6.202591357999951, 0.0 ], [ 106.592872906000082, -6.202616730999976, 0.0 ], [ 106.592854253000041, -6.20263539999996, 0.0 ], [ 106.59276974800008, -6.202635414999967, 0.0 ], [ 106.592630659000065, -6.202605494999939, 0.0 ], [ 106.592614223000055, -6.202619202999922, 0.0 ], [ 106.592601422000101, -6.202629878999973, 0.0 ], [ 106.592567288000055, -6.202658347999942, 0.0 ], [ 106.592570652000063, -6.202698105999955, 0.0 ], [ 106.592573429000083, -6.202730924999975, 0.0 ], [ 106.592577872000049, -6.202783403999941, 0.0 ], [ 106.592519108000033, -6.202797774999969, 0.0 ], [ 106.592394899000055, -6.202828150999947, 0.0 ], [ 106.592255917000045, -6.202906356999966, 0.0 ], [ 106.592059611000082, -6.20289743399996, 0.0 ], [ 106.591482592000034, -6.202888510999964, 0.0 ], [ 106.591470695000055, -6.202852818999935, 0.0 ], [ 106.59141715700008, -6.202760614999934, 0.0 ], [ 106.591295209000066, -6.202653538999917, 0.0 ], [ 106.591217877000076, -6.202567283999946, 0.0 ], [ 106.591063212000051, -6.202501848999931, 0.0 ], [ 106.590816343000085, -6.202430464999961, 0.0 ], [ 106.590753794000079, -6.202417954999931, 0.0 ], [ 106.590682498000035, -6.202403695999981, 0.0 ], [ 106.590444552000065, -6.202365029999951, 0.0 ], [ 106.590061777000074, -6.202278320999932, 0.0 ], [ 106.589737792000051, -6.201866571999974, 0.0 ], [ 106.589697201000035, -6.201869180999949, 0.0 ], [ 106.589451159000077, -6.20188499799997, 0.0 ], [ 106.589444981000042, -6.201885394999971, 0.0 ], [ 106.589318555000034, -6.201580718999931, 0.0 ], [ 106.589422574000082, -6.201541735999959, 0.0 ], [ 106.589643863000049, -6.201423952999957, 0.0 ], [ 106.589850082000055, -6.201278513999963, 0.0 ], [ 106.589982937000059, -6.201184816999954, 0.0 ], [ 106.589872292000067, -6.201077740999953, 0.0 ], [ 106.589551064000048, -6.200667283999965, 0.0 ], [ 106.589186818000087, -6.200171856999927, 0.0 ], [ 106.588848648000067, -6.199671479999952, 0.0 ], [ 106.588658767000084, -6.199335975999929, 0.0 ], [ 106.588554546000069, -6.199166081999982, 0.0 ], [ 106.588477452000063, -6.199091842999964, 0.0 ], [ 106.588239030000068, -6.198921949999948, 0.0 ], [ 106.588117677000071, -6.198833433999943, 0.0 ], [ 106.587979192000034, -6.198713508999957, 0.0 ], [ 106.587833569000054, -6.198644979999929, 0.0 ], [ 106.587330268000073, -6.198407261999936, 0.0 ], [ 106.586815787000035, -6.198106, 0.0 ], [ 106.586495361000061, -6.198017872999976, 0.0 ], [ 106.586260389000074, -6.197946489999934, 0.0 ], [ 106.586242543000083, -6.197884028999961, 0.0 ], [ 106.586284183000032, -6.197800747999962, 0.0 ], [ 106.586337721000064, -6.197720440999938, 0.0 ], [ 106.586373413000047, -6.197666902999974, 0.0 ], [ 106.586435874000074, -6.197556852999988, 0.0 ], [ 106.586495361000061, -6.197476545999963, 0.0 ], [ 106.586587565000059, -6.197351623999972, 0.0 ], [ 106.586629499000082, -6.19726003199998, 0.0 ], [ 106.586700589000088, -6.197104754999945, 0.0 ], [ 106.586742230000084, -6.196997678999937, 0.0 ], [ 106.586786845000063, -6.196893577999965, 0.0 ], [ 106.586825511000086, -6.196753784999935, 0.0 ], [ 106.586771973000054, -6.196700246999962, 0.0 ], [ 106.586796350000043, -6.196604232999958, 0.0 ], [ 106.586809636000055, -6.196551900999957, 0.0 ], [ 106.586859418000088, -6.196355819999949, 0.0 ], [ 106.586885027000051, -6.196248259999955, 0.0 ], [ 106.586904033000053, -6.196168436999926, 0.0 ], [ 106.586918905000061, -6.195933464999931, 0.0 ], [ 106.586925471000086, -6.19582709199995, 0.0 ], [ 106.586930820000077, -6.195740438999969, 0.0 ], [ 106.58693377600008, -6.195692544999932, 0.0 ], [ 106.58695692100008, -6.195510105999973, 0.0 ], [ 106.586984340000072, -6.195293984999969, 0.0 ], [ 106.587034903000074, -6.195106602999945, 0.0 ], [ 106.587121159000048, -6.194913271999959, 0.0 ], [ 106.587228235000055, -6.194690196999945, 0.0 ], [ 106.587292770000033, -6.194454393999932, 0.0 ], [ 106.587305567000044, -6.194407635999942, 0.0 ], [ 106.587373977000084, -6.194160766999972, 0.0 ], [ 106.587390981000055, -6.194037814999946, 0.0 ], [ 106.58741264300005, -6.193881179999942, 0.0 ], [ 106.587381489000052, -6.193794806999967, 0.0 ], [ 106.58735422400008, -6.193719214999932, 0.0 ], [ 106.587305084000036, -6.193658053999967, 0.0 ], [ 106.587246250000078, -6.193584826999944, 0.0 ], [ 106.587245722000048, -6.193584169999956, 0.0 ], [ 106.587239728000043, -6.19357670899995, 0.0 ], [ 106.587220675000083, -6.193557574999934, 0.0 ], [ 106.587187316000055, -6.193524076999957, 0.0 ], [ 106.58738504300004, -6.193350307999931, 0.0 ], [ 106.587564791000034, -6.193192335999981, 0.0 ], [ 106.587574221000068, -6.193183067999939, 0.0 ], [ 106.587904073000061, -6.192858843999938, 0.0 ], [ 106.588257632000079, -6.192507896999935, 0.0 ], [ 106.588273647000051, -6.19249200199994, 0.0 ], [ 106.588613115000044, -6.192157575999949, 0.0 ], [ 106.588644943000077, -6.192126219999971, 0.0 ], [ 106.588744423000037, -6.19203342599997, 0.0 ], [ 106.588956962000054, -6.191835167999955, 0.0 ], [ 106.588991701000054, -6.191801140999922, 0.0 ], [ 106.58907522700008, -6.191719325999945, 0.0 ], [ 106.589161500000046, -6.191635486999923, 0.0 ], [ 106.589234702000056, -6.19156435099995, 0.0 ], [ 106.589240558000085, -6.191558660999921, 0.0 ], [ 106.589433831000065, -6.191370839999939, 0.0 ], [ 106.589494229000081, -6.191312147999958, 0.0 ], [ 106.589616101000047, -6.191193714999937, 0.0 ], [ 106.589666010000087, -6.19114507399996, 0.0 ], [ 106.589748967000048, -6.191064223999952, 0.0 ], [ 106.58978456400007, -6.191019402999922, 0.0 ], [ 106.589935383000082, -6.190875952999925, 0.0 ], [ 106.590023622000047, -6.190779168999931, 0.0 ], [ 106.590261833000056, -6.190514654999954, 0.0 ], [ 106.590425069000048, -6.190333396999955, 0.0 ], [ 106.590432222000061, -6.190325452999952, 0.0 ], [ 106.590543850000074, -6.190185797999963, 0.0 ], [ 106.590814092000073, -6.189847705999962, 0.0 ], [ 106.591149596000051, -6.189483647999971, 0.0 ], [ 106.591285751000044, -6.189348608999982, 0.0 ], [ 106.591439890000061, -6.189195732999965, 0.0 ], [ 106.591592176000063, -6.189091036999976, 0.0 ], [ 106.591818224000065, -6.188983960999958, 0.0 ], [ 106.591970510000081, -6.188955407999976, 0.0 ], [ 106.592030391000037, -6.188959978999952, 0.0 ], [ 106.592401244000087, -6.188988287999957, 0.0 ], [ 106.592593929000088, -6.189002996999936, 0.0 ], [ 106.592942446000052, -6.189047120999926, 0.0 ], [ 106.593890735000073, -6.189167179999963, 0.0 ], [ 106.594552225000086, -6.189257598999976, 0.0 ], [ 106.594900550000034, -6.189291962999961, 0.0 ], [ 106.595082845000036, -6.189309946999971, 0.0 ], [ 106.595297498000036, -6.189305443999961, 0.0 ], [ 106.595423108000034, -6.189302808999972, 0.0 ], [ 106.595839513000044, -6.189286152999952, 0.0 ], [ 106.596190984000089, -6.189252564999942, 0.0 ], [ 106.596459909000032, -6.18922686599995, 0.0 ], [ 106.596536696000044, -6.189219527999966, 0.0 ], [ 106.596661336000068, -6.189212850999974, 0.0 ], [ 106.59693644500004, -6.189198112999968, 0.0 ], [ 106.597122543000069, -6.189184556999983, 0.0 ], [ 106.59718063300005, -6.189180323999946, 0.0 ], [ 106.597295744000064, -6.189171938999944, 0.0 ], [ 106.597764497000071, -6.189041067999933, 0.0 ], [ 106.598005962000059, -6.18897852399993, 0.0 ], [ 106.598080176000053, -6.188950314999945, 0.0 ], [ 106.598446814000056, -6.188820943999921, 0.0 ], [ 106.598460441000043, -6.188816134999961, 0.0 ], [ 106.598564656000065, -6.188779361999933, 0.0 ], [ 106.598596952000037, -6.188767965999941, 0.0 ], [ 106.598599677000038, -6.188767003999947, 0.0 ], [ 106.598612692000074, -6.188762411999963, 0.0 ], [ 106.598637494000073, -6.188753660999973, 0.0 ], [ 106.598637924000059, -6.188753508999974, 0.0 ], [ 106.598638150000056, -6.188753909999944, 0.0 ], [ 106.598638696000094, -6.188754881999952, 0.0 ], [ 106.598647729000064, -6.188770954999946, 0.0 ], [ 106.598649917000046, -6.188774846999928, 0.0 ], [ 106.598653503000037, -6.188781225999946, 0.0 ], [ 106.598658782000086, -6.188790618999975, 0.0 ], [ 106.598661947000039, -6.188796249999946, 0.0 ], [ 106.598675952000065, -6.188821168999945, 0.0 ], [ 106.598685205000052, -6.18883763099995, 0.0 ], [ 106.598685676000059, -6.188868879999966, 0.0 ], [ 106.598688111000058, -6.18902999399995, 0.0 ], [ 106.598667999000043, -6.18921539999997, 0.0 ], [ 106.598659458000043, -6.189294141999944, 0.0 ] ] ] ] } },
{ "type": "Feature", "properties": { "OBJECTID": 83598, "NAMOBJ": "Selapajang Jaya", "FCODE": "BA03080040", "REMARK": " ", "METADATA": "TASWIL1000020221227_DATA_BATAS_DESAKELURAHAN", "SRS_ID": "SRGI 2013", "KDBBPS": " ", "KDCBPS": " ", "KDCPUM": "36.71.10", "KDEBPS": " ", "KDEPUM": "36.71.10.1003", "KDPBPS": " ", "KDPKAB": "36.71", "KDPPUM": "36", "LUASWH": 0.0, "TIPADM": 2, "WADMKC": "Neglasari", "WADMKD": "Selapajang Jaya", "WADMKK": "Kota Tangerang", "WADMPR": "Banten", "WIADKC": " ", "WIADKK": " ", "WIADPR": " ", "WIADKD": " ", "UUPP": " ", "luas": null, "SHAPE_Length": 0.0932877735780792, "SHAPE_Area": 0.0001793735130109397 }, "geometry": { "type": "MultiPolygon", "coordinates": [ [ [ [ 106.637406123000076, -6.105818140999934, 0.0 ], [ 106.637275508000073, -6.106123057999983, 0.0 ], [ 106.637479108000036, -6.106099950999983, 0.0 ], [ 106.637481212000068, -6.106099711999942, 0.0 ], [ 106.637521728000095, -6.106095113999977, 0.0 ], [ 106.637659851000095, -6.106079437999946, 0.0 ], [ 106.637696174000041, -6.10607573299995, 0.0 ], [ 106.637749908000046, -6.106068843999936, 0.0 ], [ 106.637974571000086, -6.106040039999926, 0.0 ], [ 106.638252966000039, -6.106004347999946, 0.0 ], [ 106.638577215000055, -6.106056644999974, 0.0 ], [ 106.638695546000065, -6.106075729999922, 0.0 ], [ 106.639055067000072, -6.106271829999976, 0.0 ], [ 106.639055097000053, -6.106271846999961, 0.0 ], [ 106.639166679000084, -6.106332709999941, 0.0 ], [ 106.639599707000059, -6.106519964999967, 0.0 ], [ 106.639736623000033, -6.106847583999983, 0.0 ], [ 106.640423034000037, -6.107217864999939, 0.0 ], [ 106.641171438000072, -6.107568561999928, 0.0 ], [ 106.641756786000087, -6.107704190999921, 0.0 ], [ 106.641963734000058, -6.107799934999943, 0.0 ], [ 106.64232065300007, -6.108028361999975, 0.0 ], [ 106.64237782500004, -6.108225291999929, 0.0 ], [ 106.642601724000087, -6.108369660999925, 0.0 ], [ 106.642601995000064, -6.108369989999978, 0.0 ], [ 106.642720403000055, -6.108513769999949, 0.0 ], [ 106.642788819000103, -6.108579040999924, 0.0 ], [ 106.642795702000058, -6.108585606999961, 0.0 ], [ 106.642576001000066, -6.109178, 0.0 ], [ 106.642534685000044, -6.109252200999951, 0.0 ], [ 106.642078150000088, -6.110072117999944, 0.0 ], [ 106.642032, -6.110155, 0.0 ], [ 106.64200767300008, -6.110363636999978, 0.0 ], [ 106.641990805000034, -6.110508305999927, 0.0 ], [ 106.641973, -6.110661, 0.0 ], [ 106.641977, -6.110995, 0.0 ], [ 106.641977502000088, -6.111035472999948, 0.0 ], [ 106.641984, -6.11156, 0.0 ], [ 106.64204, -6.111652000999919, 0.0 ], [ 106.642084001000057, -6.111771, 0.0 ], [ 106.642102500000078, -6.111821, 0.0 ], [ 106.642121, -6.111871, 0.0 ], [ 106.642164001000083, -6.112046, 0.0 ], [ 106.642166952000082, -6.112081304999941, 0.0 ], [ 106.642183284000055, -6.112276708999954, 0.0 ], [ 106.642192001000069, -6.112381, 0.0 ], [ 106.642182, -6.112535, 0.0 ], [ 106.642195125000057, -6.112580580999966, 0.0 ], [ 106.642237, -6.112726, 0.0 ], [ 106.64228, -6.112966, 0.0 ], [ 106.642331, -6.113145, 0.0 ], [ 106.642340447000038, -6.113188657999951, 0.0 ], [ 106.642384498000069, -6.113392223999941, 0.0 ], [ 106.641941141000075, -6.113467592999937, 0.0 ], [ 106.641941, -6.113468, 0.0 ], [ 106.642016094000056, -6.113628206999969, 0.0 ], [ 106.642030370000043, -6.113774542999975, 0.0 ], [ 106.64203, -6.113775, 0.0 ], [ 106.641930433000084, -6.113799527999966, 0.0 ], [ 106.641655605000039, -6.113763835999978, 0.0 ], [ 106.64142, -6.11378, 0.0 ], [ 106.641391485000042, -6.113906602999968, 0.0 ], [ 106.641409331000034, -6.114017247999925, 0.0 ], [ 106.641334378000067, -6.114085062999949, 0.0 ], [ 106.641334, -6.114085, 0.0 ], [ 106.641163057000085, -6.114020817999964, 0.0 ], [ 106.64107025800007, -6.113985125999925, 0.0 ], [ 106.640924179000095, -6.113905194999969, 0.0 ], [ 106.64088109100004, -6.11388161899993, 0.0 ], [ 106.64077155800004, -6.113858313999974, 0.0 ], [ 106.640713339000058, -6.113845926999951, 0.0 ], [ 106.640509895000051, -6.113806665999951, 0.0 ], [ 106.640392, -6.11381, 0.0 ], [ 106.64028503600008, -6.113917310999973, 0.0 ], [ 106.640242206000053, -6.114056509999953, 0.0 ], [ 106.640238636000063, -6.114156446999976, 0.0 ], [ 106.640276431000075, -6.114229613999949, 0.0 ], [ 106.640274328000032, -6.114377736999925, 0.0 ], [ 106.640224360000047, -6.114420566999972, 0.0 ], [ 106.639972967000062, -6.114405778999977, 0.0 ], [ 106.639967180000042, -6.114411970999986, 0.0 ], [ 106.639913691000061, -6.114507835999968, 0.0 ], [ 106.639857415000051, -6.114669503999943, 0.0 ], [ 106.639811243000054, -6.114978211999926, 0.0 ], [ 106.6398, -6.115056, 0.0 ], [ 106.639525055000036, -6.115022901999964, 0.0 ], [ 106.639235694000035, -6.114988068999939, 0.0 ], [ 106.63883237500005, -6.114930960999965, 0.0 ], [ 106.638518286000078, -6.114927391999968, 0.0 ], [ 106.638457610000046, -6.114945237999964, 0.0 ], [ 106.638346965000039, -6.114870284999936, 0.0 ], [ 106.638186351000058, -6.114863146999937, 0.0 ], [ 106.638016487000073, -6.114863146999935, 0.0 ], [ 106.638007892000076, -6.114863146999934, 0.0 ], [ 106.637933, -6.114881, 0.0 ], [ 106.637931767000055, -6.114893494999925, 0.0 ], [ 106.637920181000084, -6.115010871999972, 0.0 ], [ 106.637917794000089, -6.115035087999956, 0.0 ], [ 106.637917760000065, -6.115035430999972, 0.0 ], [ 106.637903043000051, -6.115184566999972, 0.0 ], [ 106.637903, -6.115185, 0.0 ], [ 106.63752962000008, -6.115084436999951, 0.0 ], [ 106.637372576000075, -6.115152250999924, 0.0 ], [ 106.637331849000077, -6.115180371999935, 0.0 ], [ 106.637318975000085, -6.115189260999957, 0.0 ], [ 106.637222670000099, -6.115255757999938, 0.0 ], [ 106.637044210000056, -6.115373540999932, 0.0 ], [ 106.636918390000076, -6.115461852999943, 0.0 ], [ 106.636609194000073, -6.115678875999941, 0.0 ], [ 106.636019852000061, -6.115987441999954, 0.0 ], [ 106.635348844000077, -6.116419313999917, 0.0 ], [ 106.635091862000081, -6.116583496999959, 0.0 ], [ 106.634884849000059, -6.116715556999965, 0.0 ], [ 106.634724235000078, -6.116672726999972, 0.0 ], [ 106.634634731000062, -6.116714896999945, 0.0 ], [ 106.634480689000043, -6.116787474999974, 0.0 ], [ 106.634479129000056, -6.116888341999933, 0.0 ], [ 106.634469753000076, -6.117494725999957, 0.0 ], [ 106.634463666000045, -6.11788840599996, 0.0 ], [ 106.634462932000076, -6.117935901999949, 0.0 ], [ 106.634459229000072, -6.118175395999965, 0.0 ], [ 106.634458844000065, -6.118200318999925, 0.0 ], [ 106.634457075000057, -6.118314722999969, 0.0 ], [ 106.634448101000032, -6.118895115999974, 0.0 ], [ 106.634446767000043, -6.118981387999954, 0.0 ], [ 106.634445826000047, -6.119042225999969, 0.0 ], [ 106.634441565000088, -6.119317769999954, 0.0 ], [ 106.634442231000037, -6.119459048999936, 0.0 ], [ 106.634443459000067, -6.119719629999961, 0.0 ], [ 106.634444253000083, -6.119888025999952, 0.0 ], [ 106.634445153000058, -6.120078897999974, 0.0 ], [ 106.63444621900004, -6.120304946999969, 0.0 ], [ 106.634446239000056, -6.120309126999929, 0.0 ], [ 106.634446660000037, -6.120398445999974, 0.0 ], [ 106.634432676000074, -6.120642163999947, 0.0 ], [ 106.634424946000081, -6.120776894999949, 0.0 ], [ 106.634412609000037, -6.120991900999973, 0.0 ], [ 106.634410088000038, -6.121020358999944, 0.0 ], [ 106.63439726200005, -6.121165121999987, 0.0 ], [ 106.634373516000053, -6.121433151999955, 0.0 ], [ 106.634371911000073, -6.121451267999928, 0.0 ], [ 106.634371721000051, -6.121453414999953, 0.0 ], [ 106.634366387000057, -6.121513615999965, 0.0 ], [ 106.634341798000037, -6.121829092999979, 0.0 ], [ 106.634338781000054, -6.121867795999951, 0.0 ], [ 106.634321550000038, -6.121896448999956, 0.0 ], [ 106.634291215000076, -6.121946894999953, 0.0 ], [ 106.634272070000065, -6.121969231999961, 0.0 ], [ 106.634234611000068, -6.122012935999976, 0.0 ], [ 106.634222581000074, -6.122025963999925, 0.0 ], [ 106.634093771000039, -6.122165464999964, 0.0 ], [ 106.634051898000052, -6.122210811999942, 0.0 ], [ 106.634045472000082, -6.122370664999939, 0.0 ], [ 106.634042520000037, -6.122444109999951, 0.0 ], [ 106.634029776000034, -6.122557955999988, 0.0 ], [ 106.633988982000062, -6.122922380999963, 0.0 ], [ 106.633973999000034, -6.12353418399993, 0.0 ], [ 106.63396756700007, -6.123796832999979, 0.0 ], [ 106.633917598000039, -6.124610608999952, 0.0 ], [ 106.633867532000068, -6.125259460999935, 0.0 ], [ 106.633855996000079, -6.125408963999972, 0.0 ], [ 106.633828368000081, -6.125767026999937, 0.0 ], [ 106.633796681000035, -6.126308871999977, 0.0 ], [ 106.633776299000033, -6.126657412999982, 0.0 ], [ 106.633756985000048, -6.126987689999972, 0.0 ], [ 106.633732136000049, -6.127417230999986, 0.0 ], [ 106.63370584400009, -6.127871705999955, 0.0 ], [ 106.633682032000081, -6.128283306999951, 0.0 ], [ 106.633620836000048, -6.129167714999929, 0.0 ], [ 106.633620461000078, -6.129173127999927, 0.0 ], [ 106.63361976300007, -6.129183211999923, 0.0 ], [ 106.633614873000056, -6.129253854999941, 0.0 ], [ 106.633614867000077, -6.129253965999972, 0.0 ], [ 106.633614538000074, -6.129261462999969, 0.0 ], [ 106.633614206000061, -6.129269022999952, 0.0 ], [ 106.633595386000081, -6.129698190999932, 0.0 ], [ 106.63359033200004, -6.129813415999927, 0.0 ], [ 106.633589510000036, -6.129832180999927, 0.0 ], [ 106.633584828000039, -6.129938935999982, 0.0 ], [ 106.633583172000044, -6.129962695999954, 0.0 ], [ 106.633531520000076, -6.130704040999941, 0.0 ], [ 106.633506045000047, -6.131069679999942, 0.0 ], [ 106.63348140100004, -6.131419713999942, 0.0 ], [ 106.63344145700006, -6.131987093999953, 0.0 ], [ 106.633439913000075, -6.132030144999937, 0.0 ], [ 106.63342859100004, -6.132345761999941, 0.0 ], [ 106.633367230000033, -6.133210768999958, 0.0 ], [ 106.633347895000043, -6.133670107999939, 0.0 ], [ 106.633321231000082, -6.134303514999949, 0.0 ], [ 106.633299948000058, -6.134809139999962, 0.0 ], [ 106.633292080000047, -6.134959324999957, 0.0 ], [ 106.633291219000057, -6.134975770999973, 0.0 ], [ 106.633291190000079, -6.134975770999966, 0.0 ], [ 106.633272316000046, -6.13532475999994, 0.0 ], [ 106.633122665000087, -6.138091937999953, 0.0 ], [ 106.633089083000073, -6.138712891999953, 0.0 ], [ 106.633089067000071, -6.138713195999972, 0.0 ], [ 106.633088849000046, -6.138713213999941, 0.0 ], [ 106.633088410000084, -6.138713250999959, 0.0 ], [ 106.632004, -6.138804, 0.0 ], [ 106.631647044000033, -6.138833703999985, 0.0 ], [ 106.631487745000072, -6.138850726999972, 0.0 ], [ 106.630091388000039, -6.138999941999935, 0.0 ], [ 106.630091, -6.139, 0.0 ], [ 106.630091562000075, -6.139057361999966, 0.0 ], [ 106.630077536000044, -6.139161480999967, 0.0 ], [ 106.630041928000082, -6.139242695999938, 0.0 ], [ 106.629645088000075, -6.139240169999934, 0.0 ], [ 106.629632912000034, -6.139240091999968, 0.0 ], [ 106.629576328000041, -6.134803019999931, 0.0 ], [ 106.629575359000057, -6.134483616999949, 0.0 ], [ 106.629570728000033, -6.134297444999955, 0.0 ], [ 106.629567401000088, -6.134163685999963, 0.0 ], [ 106.629561447000071, -6.133924361999963, 0.0 ], [ 106.629574576000053, -6.133887660999956, 0.0 ], [ 106.630616780000082, -6.133873383999973, 0.0 ], [ 106.630597424000086, -6.133334667999979, 0.0 ], [ 106.630595364000058, -6.133277328999944, 0.0 ], [ 106.628671570000051, -6.133288036999943, 0.0 ], [ 106.628656469000077, -6.133288223999961, 0.0 ], [ 106.627518721000058, -6.133302313999935, 0.0 ], [ 106.627517620000049, -6.133302533999943, 0.0 ], [ 106.627514596000083, -6.133214276999976, 0.0 ], [ 106.627511537000032, -6.133124977999951, 0.0 ], [ 106.627506415000099, -6.132975451999931, 0.0 ], [ 106.627496907000079, -6.132697898999941, 0.0 ], [ 106.627497890000086, -6.132682397999921, 0.0 ], [ 106.627515266000046, -6.132408582999979, 0.0 ], [ 106.627524045000087, -6.132281625999958, 0.0 ], [ 106.627566322000064, -6.132237535999936, 0.0 ], [ 106.627588296000056, -6.132215013999931, 0.0 ], [ 106.627614016000052, -6.132188648999939, 0.0 ], [ 106.627647474000085, -6.132102241999977, 0.0 ], [ 106.627646132000052, -6.132059250999938, 0.0 ], [ 106.627643923000051, -6.131988505999971, 0.0 ], [ 106.627645581000081, -6.131832594999944, 0.0 ], [ 106.627646057000064, -6.131787843999978, 0.0 ], [ 106.627658003000079, -6.131715618999981, 0.0 ], [ 106.627694373000054, -6.131278570999934, 0.0 ], [ 106.627703327000063, -6.131170982999945, 0.0 ], [ 106.627708225000049, -6.131112117999971, 0.0 ], [ 106.627709540000069, -6.130934384999923, 0.0 ], [ 106.627705448000086, -6.13083398599997, 0.0 ], [ 106.627597122000054, -6.13053097699997, 0.0 ], [ 106.627541481000037, -6.130378239999963, 0.0 ], [ 106.627416112000049, -6.130034094999933, 0.0 ], [ 106.627376052000045, -6.129924125999927, 0.0 ], [ 106.627368645000047, -6.129903789999962, 0.0 ], [ 106.627298478000057, -6.129711176999938, 0.0 ], [ 106.627258752000046, -6.129573182999937, 0.0 ], [ 106.627222993000032, -6.129448966999967, 0.0 ], [ 106.627213409000035, -6.129415673999968, 0.0 ], [ 106.627205350000054, -6.129387680999971, 0.0 ], [ 106.627186113000064, -6.129323205999984, 0.0 ], [ 106.627178188000073, -6.129296642999981, 0.0 ], [ 106.627175408000085, -6.129287326999931, 0.0 ], [ 106.627175014000045, -6.129286004999925, 0.0 ], [ 106.627107788000046, -6.12906068599995, 0.0 ], [ 106.627098271000094, -6.12899644099997, 0.0 ], [ 106.627098271000094, -6.128958369999971, 0.0 ], [ 106.627124445000049, -6.12881798099994, 0.0 ], [ 106.627167275000033, -6.128710905999986, 0.0 ], [ 106.62718631100006, -6.128668074999952, 0.0 ], [ 106.627188317000048, -6.128625947999974, 0.0 ], [ 106.627188690000082, -6.12861810699996, 0.0 ], [ 106.627188690000082, -6.128541963999957, 0.0 ], [ 106.627189239000074, -6.128536659999943, 0.0 ], [ 106.627195829000073, -6.128472959999946, 0.0 ], [ 106.627195182000037, -6.128452044999966, 0.0 ], [ 106.627194554000084, -6.128431730999971, 0.0 ], [ 106.627193591000037, -6.128400609999976, 0.0 ], [ 106.627192604000072, -6.128368684999937, 0.0 ], [ 106.627191011000036, -6.128317176999924, 0.0 ], [ 106.627190935000044, -6.128314710999965, 0.0 ], [ 106.627189899000086, -6.128281224999959, 0.0 ], [ 106.627188690000082, -6.128242151999928, 0.0 ], [ 106.62719773200007, -6.128193324999925, 0.0 ], [ 106.627200587000061, -6.128177905999963, 0.0 ], [ 106.627224782000042, -6.128123468999947, 0.0 ], [ 106.627229141000043, -6.128113660999927, 0.0 ], [ 106.62725531500007, -6.128058932999974, 0.0 ], [ 106.627333791000069, -6.127945819999984, 0.0 ], [ 106.62739235500004, -6.127861405999969, 0.0 ], [ 106.627438517000087, -6.127763927999985, 0.0 ], [ 106.62745994900007, -6.127718669999976, 0.0 ], [ 106.627485313000079, -6.127556731999965, 0.0 ], [ 106.627490882000075, -6.127521174999964, 0.0 ], [ 106.627574163000077, -6.127271331999973, 0.0 ], [ 106.627585154000087, -6.127218572999939, 0.0 ], [ 106.627612213000077, -6.127088687999963, 0.0 ], [ 106.627633649000074, -6.126985795999932, 0.0 ], [ 106.627634325000088, -6.126983441999923, 0.0 ], [ 106.62767556700004, -6.126839721999945, 0.0 ], [ 106.627680859000066, -6.126821278999956, 0.0 ], [ 106.627712172000088, -6.126712157999969, 0.0 ], [ 106.627745484000073, -6.126619358999955, 0.0 ], [ 106.627831145000073, -6.126526559999938, 0.0 ], [ 106.62790252800005, -6.126476591999957, 0.0 ], [ 106.627927914000068, -6.12644448599996, 0.0 ], [ 106.627983430000086, -6.126374274999935, 0.0 ], [ 106.628046859000051, -6.126243912999944, 0.0 ], [ 106.628072683000084, -6.126164571999942, 0.0 ], [ 106.628128954000033, -6.125991681999952, 0.0 ], [ 106.628138546000059, -6.12596221099995, 0.0 ], [ 106.628143159000047, -6.125948036999943, 0.0 ], [ 106.628151844000058, -6.125918688999946, 0.0 ], [ 106.628176446000055, -6.125835555999974, 0.0 ], [ 106.628177953000034, -6.125830464999972, 0.0 ], [ 106.628194218000033, -6.125775502999939, 0.0 ], [ 106.628258742000071, -6.125557468999943, 0.0 ], [ 106.628309415000047, -6.125386234999958, 0.0 ], [ 106.628331427000035, -6.125276149999942, 0.0 ], [ 106.628376851000056, -6.125048980999956, 0.0 ], [ 106.62839768200007, -6.124944804999926, 0.0 ], [ 106.628423922000081, -6.124656096999948, 0.0 ], [ 106.628441966000082, -6.124457561999968, 0.0 ], [ 106.62846359200006, -6.124219623999972, 0.0 ], [ 106.628466990000049, -6.124182235999967, 0.0 ], [ 106.628480361000072, -6.124035135999982, 0.0 ], [ 106.628484093000068, -6.123994061999957, 0.0 ], [ 106.628486058000078, -6.123818617999972, 0.0 ], [ 106.628488470000036, -6.123603280999933, 0.0 ], [ 106.628489547000072, -6.123507198999957, 0.0 ], [ 106.628550337000036, -6.123239929999959, 0.0 ], [ 106.628589468000087, -6.123033094999927, 0.0 ], [ 106.628633618000038, -6.122799729999947, 0.0 ], [ 106.628734745000088, -6.122549885999942, 0.0 ], [ 106.628758540000035, -6.122430912999963, 0.0 ], [ 106.628821, -6.122240555999946, 0.0 ], [ 106.628871784000069, -6.122040285999948, 0.0 ], [ 106.628991376000045, -6.121568671999969, 0.0 ], [ 106.62903988100004, -6.121313533999958, 0.0 ], [ 106.629059268000049, -6.121211549999942, 0.0 ], [ 106.62908464700007, -6.121128948999966, 0.0 ], [ 106.629129292000073, -6.120983642999936, 0.0 ], [ 106.629159001000062, -6.120886950999935, 0.0 ], [ 106.629128847000061, -6.120837009999943, 0.0 ], [ 106.629116087000071, -6.120815873999957, 0.0 ], [ 106.629026071000055, -6.120666774999962, 0.0 ], [ 106.629111608000073, -6.120714780999941, 0.0 ], [ 106.629112, -6.120715000999957, 0.0 ], [ 106.629119861000049, -6.12071264199994, 0.0 ], [ 106.629128463000086, -6.120710060999951, 0.0 ], [ 106.629142001000062, -6.120706, 0.0 ], [ 106.629252634000068, -6.12067369499994, 0.0 ], [ 106.629392, -6.120633, 0.0 ], [ 106.629400721000081, -6.120630632999964, 0.0 ], [ 106.629462, -6.120614, 0.0 ], [ 106.629509469000084, -6.120630991999978, 0.0 ], [ 106.629638, -6.120677000999939, 0.0 ], [ 106.629743001000065, -6.120731000999961, 0.0 ], [ 106.629811, -6.120821, 0.0 ], [ 106.629810791000068, -6.120821720999972, 0.0 ], [ 106.629769001000057, -6.12096600099995, 0.0 ], [ 106.629789001000063, -6.121047, 0.0 ], [ 106.629810813000063, -6.121062099999964, 0.0 ], [ 106.629841001000045, -6.121083, 0.0 ], [ 106.629889884000079, -6.121078728999978, 0.0 ], [ 106.629944001000069, -6.121074, 0.0 ], [ 106.63000248700007, -6.12098320799992, 0.0 ], [ 106.630049, -6.120911000999971, 0.0 ], [ 106.630060998000033, -6.120896602999953, 0.0 ], [ 106.630079, -6.120874998999973, 0.0 ], [ 106.630197001000056, -6.120874000999942, 0.0 ], [ 106.630399073000035, -6.121152190999969, 0.0 ], [ 106.63042, -6.121181000999975, 0.0 ], [ 106.630427671000064, -6.121190005999956, 0.0 ], [ 106.630443, -6.121208, 0.0 ], [ 106.630547, -6.12118100099997, 0.0 ], [ 106.630578274000072, -6.121127304999953, 0.0 ], [ 106.630600001000062, -6.12109, 0.0 ], [ 106.630625001000055, -6.120954, 0.0 ], [ 106.630634112000052, -6.120938127999974, 0.0 ], [ 106.630656, -6.1209, 0.0 ], [ 106.630685133000043, -6.120894479999945, 0.0 ], [ 106.63071933100008, -6.120888, 0.0 ], [ 106.630751, -6.120882, 0.0 ], [ 106.630805243000069, -6.120870500999954, 0.0 ], [ 106.630968, -6.120836, 0.0 ], [ 106.63104250300006, -6.120822, 0.0 ], [ 106.631117001000064, -6.120808, 0.0 ], [ 106.631286, -6.120826, 0.0 ], [ 106.631373, -6.120798, 0.0 ], [ 106.631373149000069, -6.120797827999978, 0.0 ], [ 106.631382108000082, -6.120787450999954, 0.0 ], [ 106.631519562000051, -6.120628244999978, 0.0 ], [ 106.63167, -6.120454, 0.0 ], [ 106.631698820000054, -6.120424979999934, 0.0 ], [ 106.63181400100008, -6.120309, 0.0 ], [ 106.631989, -6.120254, 0.0 ], [ 106.632059004000041, -6.120235332999919, 0.0 ], [ 106.632094, -6.120226000999937, 0.0 ], [ 106.63225830500005, -6.120054725999982, 0.0 ], [ 106.632259001000079, -6.120054, 0.0 ], [ 106.632242195000075, -6.120025190999973, 0.0 ], [ 106.632237617000044, -6.120017341999922, 0.0 ], [ 106.632217, -6.119982, 0.0 ], [ 106.632092001000061, -6.119838, 0.0 ], [ 106.632053731000042, -6.119785739999935, 0.0 ], [ 106.632020544000056, -6.119740419999966, 0.0 ], [ 106.632006532000048, -6.119721285999957, 0.0 ], [ 106.631999, -6.119711, 0.0 ], [ 106.631981199000066, -6.119649584999931, 0.0 ], [ 106.63193936600004, -6.119505261999966, 0.0 ], [ 106.631939, -6.119504000999934, 0.0 ], [ 106.631969004000041, -6.119364265999931, 0.0 ], [ 106.632009, -6.119178, 0.0 ], [ 106.63202582200006, -6.119105107999929, 0.0 ], [ 106.632029825000075, -6.119087762999922, 0.0 ], [ 106.632030001000032, -6.119087000999963, 0.0 ], [ 106.631890390000081, -6.118896387999937, 0.0 ], [ 106.631759, -6.118717, 0.0 ], [ 106.631728650000071, -6.118642082999948, 0.0 ], [ 106.631695667000088, -6.118560666999935, 0.0 ], [ 106.631569, -6.118248, 0.0 ], [ 106.631549322000069, -6.118154268999946, 0.0 ], [ 106.631548588000044, -6.118150773999949, 0.0 ], [ 106.631543667000074, -6.118127332999958, 0.0 ], [ 106.631531108000047, -6.11806751299997, 0.0 ], [ 106.631531, -6.118067, 0.0 ], [ 106.631538313000078, -6.117967935999966, 0.0 ], [ 106.631539650000036, -6.117949827999943, 0.0 ], [ 106.631553, -6.117769, 0.0 ], [ 106.631558741000049, -6.117618018999958, 0.0 ], [ 106.631562891000044, -6.117508859999931, 0.0 ], [ 106.631563, -6.117506, 0.0 ], [ 106.631547, -6.117488, 0.0 ], [ 106.631484724000074, -6.117405795999949, 0.0 ], [ 106.631472, -6.117389, 0.0 ], [ 106.631361494000032, -6.117243130999951, 0.0 ], [ 106.631361343000052, -6.117242931999951, 0.0 ], [ 106.631482518000055, -6.117124571999972, 0.0 ], [ 106.631628381000041, -6.116982098999935, 0.0 ], [ 106.632062003000044, -6.116558549999978, 0.0 ], [ 106.632108263000077, -6.116513364999948, 0.0 ], [ 106.632327336000074, -6.116182607999977, 0.0 ], [ 106.632423188000075, -6.116037890999959, 0.0 ], [ 106.632523222000088, -6.115886857999957, 0.0 ], [ 106.632581622000032, -6.11579868599995, 0.0 ], [ 106.63258064300004, -6.115476, 0.0 ], [ 106.632580356000062, -6.115381471999962, 0.0 ], [ 106.632580244000053, -6.115381106999962, 0.0 ], [ 106.632425717000061, -6.114875981999945, 0.0 ], [ 106.632498555000041, -6.114358979999969, 0.0 ], [ 106.632507292000071, -6.114296961999968, 0.0 ], [ 106.632507488000044, -6.114295573999916, 0.0 ], [ 106.632524270000033, -6.11411053599994, 0.0 ], [ 106.63252981800008, -6.114049361999937, 0.0 ], [ 106.632534742000075, -6.113995072999962, 0.0 ], [ 106.632549615000073, -6.11383108299997, 0.0 ], [ 106.632572684000081, -6.113576728999936, 0.0 ], [ 106.632573953000076, -6.113562731999937, 0.0 ], [ 106.632574677000036, -6.113554747999959, 0.0 ], [ 106.63258495000008, -6.11344147999995, 0.0 ], [ 106.632595369000057, -6.113326605999924, 0.0 ], [ 106.632608392000066, -6.113183013999951, 0.0 ], [ 106.632622129000083, -6.11303155599996, 0.0 ], [ 106.632630365000068, -6.112940751999935, 0.0 ], [ 106.632651495000061, -6.112707769999928, 0.0 ], [ 106.632666893000078, -6.112637478999945, 0.0 ], [ 106.632692098000064, -6.11252241699998, 0.0 ], [ 106.632755725000038, -6.112231953999975, 0.0 ], [ 106.632843137000066, -6.112005166999945, 0.0 ], [ 106.63287054400007, -6.111934061999936, 0.0 ], [ 106.632870655000033, -6.111933773999964, 0.0 ], [ 106.632939211000064, -6.111755905999923, 0.0 ], [ 106.633039599000085, -6.111573913999955, 0.0 ], [ 106.633125057000086, -6.111418987999961, 0.0 ], [ 106.63333330100005, -6.11104146799993, 0.0 ], [ 106.633770339000094, -6.110296759999917, 0.0 ], [ 106.633772085000032, -6.110293783999966, 0.0 ], [ 106.63401663500008, -6.10987707399993, 0.0 ], [ 106.634129569000038, -6.109592249999939, 0.0 ], [ 106.634145064000052, -6.109553169999966, 0.0 ], [ 106.634173935000035, -6.109480354999958, 0.0 ], [ 106.634620381000047, -6.108607258999942, 0.0 ], [ 106.63464904500006, -6.108555294999966, 0.0 ], [ 106.634649530000047, -6.108554414999954, 0.0 ], [ 106.634938654000067, -6.108030273999932, 0.0 ], [ 106.634938898000087, -6.10802983199994, 0.0 ], [ 106.635145841000053, -6.107654671999972, 0.0 ], [ 106.635225707000075, -6.107461664999953, 0.0 ], [ 106.635267340000041, -6.107361051999924, 0.0 ], [ 106.635331566000062, -6.10720583999995, 0.0 ], [ 106.635332087000052, -6.107204579999977, 0.0 ], [ 106.635466694000058, -6.106879284999935, 0.0 ], [ 106.635693401000083, -6.106331412999968, 0.0 ], [ 106.635693567000047, -6.106331056999972, 0.0 ], [ 106.635798273000034, -6.106106019999977, 0.0 ], [ 106.635963533000051, -6.106111878999974, 0.0 ], [ 106.636171194000042, -6.106119240999925, 0.0 ], [ 106.636213761000079, -6.105968380999973, 0.0 ], [ 106.63645979000006, -6.105978575999921, 0.0 ], [ 106.636506085000065, -6.10598049499992, 0.0 ], [ 106.636536487000058, -6.105981754999961, 0.0 ], [ 106.637298027000043, -6.105686657999976, 0.0 ], [ 106.637495170000079, -6.105610264999932, 0.0 ], [ 106.637489834000064, -6.105622721999963, 0.0 ], [ 106.637406123000076, -6.105818140999934, 0.0 ] ] ] ] } },
{ "type": "Feature", "properties": { "OBJECTID": 83599, "NAMOBJ": "Kedaung Wetan", "FCODE": "BA03080040", "REMARK": " ", "METADATA": "TASWIL1000020221227_DATA_BATAS_DESAKELURAHAN", "SRS_ID": "SRGI 2013", "KDBBPS": " ", "KDCBPS": " ", "KDCPUM": "36.71.10", "KDEBPS": " ", "KDEPUM": "36.71.10.1004", "KDPBPS": " ", "KDPKAB": "36.71", "KDPPUM": "36", "LUASWH": 0.0, "TIPADM": 2, "WADMKC": "Neglasari", "WADMKD": "Kedaung Wetan", "WADMKK": "Kota Tangerang", "WADMPR": "Banten", "WIADKC": " ", "WIADKK": " ", "WIADPR": " ", "WIADKD": " ", "UUPP": " ", "luas": null, "SHAPE_Length": 0.071944988815248884, "SHAPE_Area": 0.00017025687883524726 }, "geometry": { "type": "MultiPolygon", "coordinates": [ [ [ [ 106.629026071000055, -6.120666774999962, 0.0 ], [ 106.629116087000071, -6.120815873999957, 0.0 ], [ 106.629128847000061, -6.120837009999943, 0.0 ], [ 106.629159001000062, -6.120886950999935, 0.0 ], [ 106.629129292000073, -6.120983642999936, 0.0 ], [ 106.62908464700007, -6.121128948999966, 0.0 ], [ 106.629059268000049, -6.121211549999942, 0.0 ], [ 106.62903988100004, -6.121313533999958, 0.0 ], [ 106.628991376000045, -6.121568671999969, 0.0 ], [ 106.628871784000069, -6.122040285999948, 0.0 ], [ 106.628821, -6.122240555999946, 0.0 ], [ 106.628758540000035, -6.122430912999963, 0.0 ], [ 106.628734745000088, -6.122549885999942, 0.0 ], [ 106.628633618000038, -6.122799729999947, 0.0 ], [ 106.628589468000087, -6.123033094999927, 0.0 ], [ 106.628550337000036, -6.123239929999959, 0.0 ], [ 106.628489547000072, -6.123507198999957, 0.0 ], [ 106.628488470000036, -6.123603280999933, 0.0 ], [ 106.628486058000078, -6.123818617999972, 0.0 ], [ 106.628484093000068, -6.123994061999957, 0.0 ], [ 106.628480361000072, -6.124035135999982, 0.0 ], [ 106.628466990000049, -6.124182235999967, 0.0 ], [ 106.62846359200006, -6.124219623999972, 0.0 ], [ 106.628441966000082, -6.124457561999968, 0.0 ], [ 106.628423922000081, -6.124656096999948, 0.0 ], [ 106.62839768200007, -6.124944804999926, 0.0 ], [ 106.628376851000056, -6.125048980999956, 0.0 ], [ 106.628331427000035, -6.125276149999942, 0.0 ], [ 106.628309415000047, -6.125386234999958, 0.0 ], [ 106.628258742000071, -6.125557468999943, 0.0 ], [ 106.628194218000033, -6.125775502999939, 0.0 ], [ 106.628177953000034, -6.125830464999972, 0.0 ], [ 106.628176446000055, -6.125835555999974, 0.0 ], [ 106.628151844000058, -6.125918688999946, 0.0 ], [ 106.628143159000047, -6.125948036999943, 0.0 ], [ 106.628138546000059, -6.12596221099995, 0.0 ], [ 106.628128954000033, -6.125991681999952, 0.0 ], [ 106.628072683000084, -6.126164571999942, 0.0 ], [ 106.628046859000051, -6.126243912999944, 0.0 ], [ 106.627983430000086, -6.126374274999935, 0.0 ], [ 106.627927914000068, -6.12644448599996, 0.0 ], [ 106.62790252800005, -6.126476591999957, 0.0 ], [ 106.627831145000073, -6.126526559999938, 0.0 ], [ 106.627745484000073, -6.126619358999955, 0.0 ], [ 106.627712172000088, -6.126712157999969, 0.0 ], [ 106.627680859000066, -6.126821278999956, 0.0 ], [ 106.62767556700004, -6.126839721999945, 0.0 ], [ 106.627634325000088, -6.126983441999923, 0.0 ], [ 106.627633649000074, -6.126985795999932, 0.0 ], [ 106.627612213000077, -6.127088687999963, 0.0 ], [ 106.627585154000087, -6.127218572999939, 0.0 ], [ 106.627574163000077, -6.127271331999973, 0.0 ], [ 106.627490882000075, -6.127521174999964, 0.0 ], [ 106.627485313000079, -6.127556731999965, 0.0 ], [ 106.62745994900007, -6.127718669999976, 0.0 ], [ 106.627438517000087, -6.127763927999985, 0.0 ], [ 106.62739235500004, -6.127861405999969, 0.0 ], [ 106.627333791000069, -6.127945819999984, 0.0 ], [ 106.62725531500007, -6.128058932999974, 0.0 ], [ 106.627229141000043, -6.128113660999927, 0.0 ], [ 106.627224782000042, -6.128123468999947, 0.0 ], [ 106.627200587000061, -6.128177905999963, 0.0 ], [ 106.62719773200007, -6.128193324999925, 0.0 ], [ 106.627188690000082, -6.128242151999928, 0.0 ], [ 106.627189899000086, -6.128281224999959, 0.0 ], [ 106.627190935000044, -6.128314710999965, 0.0 ], [ 106.627191011000036, -6.128317176999924, 0.0 ], [ 106.627192604000072, -6.128368684999937, 0.0 ], [ 106.627193591000037, -6.128400609999976, 0.0 ], [ 106.627194554000084, -6.128431730999971, 0.0 ], [ 106.627195182000037, -6.128452044999966, 0.0 ], [ 106.627195829000073, -6.128472959999946, 0.0 ], [ 106.627189239000074, -6.128536659999943, 0.0 ], [ 106.627188690000082, -6.128541963999957, 0.0 ], [ 106.627188690000082, -6.12861810699996, 0.0 ], [ 106.627188317000048, -6.128625947999974, 0.0 ], [ 106.62718631100006, -6.128668074999952, 0.0 ], [ 106.627167275000033, -6.128710905999986, 0.0 ], [ 106.627124445000049, -6.12881798099994, 0.0 ], [ 106.627098271000094, -6.128958369999971, 0.0 ], [ 106.627098271000094, -6.12899644099997, 0.0 ], [ 106.627107788000046, -6.12906068599995, 0.0 ], [ 106.627175014000045, -6.129286004999925, 0.0 ], [ 106.627175408000085, -6.129287326999931, 0.0 ], [ 106.627178188000073, -6.129296642999981, 0.0 ], [ 106.627186113000064, -6.129323205999984, 0.0 ], [ 106.627205350000054, -6.129387680999971, 0.0 ], [ 106.627213409000035, -6.129415673999968, 0.0 ], [ 106.627222993000032, -6.129448966999967, 0.0 ], [ 106.627258752000046, -6.129573182999937, 0.0 ], [ 106.627298478000057, -6.129711176999938, 0.0 ], [ 106.627368645000047, -6.129903789999962, 0.0 ], [ 106.627376052000045, -6.129924125999927, 0.0 ], [ 106.627416112000049, -6.130034094999933, 0.0 ], [ 106.627541481000037, -6.130378239999963, 0.0 ], [ 106.627597122000054, -6.13053097699997, 0.0 ], [ 106.627705448000086, -6.13083398599997, 0.0 ], [ 106.627709540000069, -6.130934384999923, 0.0 ], [ 106.627708225000049, -6.131112117999971, 0.0 ], [ 106.627703327000063, -6.131170982999945, 0.0 ], [ 106.627694373000054, -6.131278570999934, 0.0 ], [ 106.627658003000079, -6.131715618999981, 0.0 ], [ 106.627646057000064, -6.131787843999978, 0.0 ], [ 106.627645581000081, -6.131832594999944, 0.0 ], [ 106.627643923000051, -6.131988505999971, 0.0 ], [ 106.627646132000052, -6.132059250999938, 0.0 ], [ 106.627647474000085, -6.132102241999977, 0.0 ], [ 106.627614016000052, -6.132188648999939, 0.0 ], [ 106.627588296000056, -6.132215013999931, 0.0 ], [ 106.627566322000064, -6.132237535999936, 0.0 ], [ 106.627524045000087, -6.132281625999958, 0.0 ], [ 106.627515266000046, -6.132408582999979, 0.0 ], [ 106.627497890000086, -6.132682397999921, 0.0 ], [ 106.627496907000079, -6.132697898999941, 0.0 ], [ 106.627506415000099, -6.132975451999931, 0.0 ], [ 106.627511537000032, -6.133124977999951, 0.0 ], [ 106.627514596000083, -6.133214276999976, 0.0 ], [ 106.627517620000049, -6.133302533999943, 0.0 ], [ 106.627518721000058, -6.133302313999935, 0.0 ], [ 106.628656469000077, -6.133288223999961, 0.0 ], [ 106.628671570000051, -6.133288036999943, 0.0 ], [ 106.630595364000058, -6.133277328999944, 0.0 ], [ 106.630597424000086, -6.133334667999979, 0.0 ], [ 106.630616780000082, -6.133873383999973, 0.0 ], [ 106.629574576000053, -6.133887660999956, 0.0 ], [ 106.629561447000071, -6.133924361999963, 0.0 ], [ 106.629567401000088, -6.134163685999963, 0.0 ], [ 106.629570728000033, -6.134297444999955, 0.0 ], [ 106.629575359000057, -6.134483616999949, 0.0 ], [ 106.629576328000041, -6.134803019999931, 0.0 ], [ 106.629632912000034, -6.139240091999968, 0.0 ], [ 106.629241249000074, -6.139237597999965, 0.0 ], [ 106.628898089000074, -6.139235412999943, 0.0 ], [ 106.628241875000072, -6.139230907999939, 0.0 ], [ 106.628045884000073, -6.139229561999974, 0.0 ], [ 106.627964, -6.139229, 0.0 ], [ 106.627754250000066, -6.139228126999972, 0.0 ], [ 106.627712212000077, -6.139233772999948, 0.0 ], [ 106.627698826000085, -6.139235569999923, 0.0 ], [ 106.627533415000073, -6.139257785999979, 0.0 ], [ 106.626558871000057, -6.139388676999937, 0.0 ], [ 106.62598925500005, -6.139465182999964, 0.0 ], [ 106.625886190000074, -6.139479024999952, 0.0 ], [ 106.625870540000065, -6.139482064999928, 0.0 ], [ 106.625808998000082, -6.139493990999934, 0.0 ], [ 106.625808988000074, -6.139494019999964, 0.0 ], [ 106.625773988000049, -6.139593820999951, 0.0 ], [ 106.625759812000069, -6.139648891999969, 0.0 ], [ 106.625755140000081, -6.139684793999953, 0.0 ], [ 106.625760111000034, -6.13974698599997, 0.0 ], [ 106.625772244000075, -6.139806761999976, 0.0 ], [ 106.625789144000066, -6.139861739999964, 0.0 ], [ 106.625789273000066, -6.139904804999953, 0.0 ], [ 106.625777, -6.139936, 0.0 ], [ 106.625739206000048, -6.139948022999937, 0.0 ], [ 106.625657969000088, -6.139960232999949, 0.0 ], [ 106.625466354000082, -6.139969974999926, 0.0 ], [ 106.625372794000043, -6.139974730999941, 0.0 ], [ 106.625232538000034, -6.139981862999941, 0.0 ], [ 106.624196328000039, -6.139995774999926, 0.0 ], [ 106.624093380000033, -6.139984544999948, 0.0 ], [ 106.623863302000089, -6.139959443999945, 0.0 ], [ 106.623791260000075, -6.139951582999961, 0.0 ], [ 106.623729934000039, -6.139955902999929, 0.0 ], [ 106.623729101000038, -6.139935492999942, 0.0 ], [ 106.623727242000086, -6.139889995999965, 0.0 ], [ 106.623724007000078, -6.139812161999936, 0.0 ], [ 106.623724, -6.139812, 0.0 ], [ 106.623015631000044, -6.139895367999932, 0.0 ], [ 106.62283605100005, -6.139918900999937, 0.0 ], [ 106.62280631200008, -6.139922798999977, 0.0 ], [ 106.622401545000059, -6.139992889999967, 0.0 ], [ 106.622361924000074, -6.139999750999943, 0.0 ], [ 106.62235469400008, -6.139999985999957, 0.0 ], [ 106.622302426000033, -6.140001983999982, 0.0 ], [ 106.622302, -6.140002, 0.0 ], [ 106.622301524000079, -6.140005949999932, 0.0 ], [ 106.622297187000072, -6.140041953999962, 0.0 ], [ 106.622293294000087, -6.140074275999955, 0.0 ], [ 106.62227047500005, -6.140073023999938, 0.0 ], [ 106.62221050800008, -6.140069732999963, 0.0 ], [ 106.621903063000047, -6.140052860999965, 0.0 ], [ 106.621908070000075, -6.140014474999932, 0.0 ], [ 106.621910201000048, -6.139998133999943, 0.0 ], [ 106.621753523000052, -6.140002543999965, 0.0 ], [ 106.621536171000059, -6.140008661999964, 0.0 ], [ 106.621417382000061, -6.140012004999958, 0.0 ], [ 106.62131153200005, -6.140027272999934, 0.0 ], [ 106.621295257000043, -6.140029619999954, 0.0 ], [ 106.621273471000052, -6.14003276299997, 0.0 ], [ 106.621137822000037, -6.140052328999954, 0.0 ], [ 106.62112210500004, -6.140054920999949, 0.0 ], [ 106.620708747000037, -6.140123097999954, 0.0 ], [ 106.620539316000077, -6.140151041999956, 0.0 ], [ 106.620330750000051, -6.140178026999931, 0.0 ], [ 106.620315335000043, -6.140180019999953, 0.0 ], [ 106.620038, -6.140216, 0.0 ], [ 106.619982450000066, -6.140224981999954, 0.0 ], [ 106.61970205700004, -6.140270892999984, 0.0 ], [ 106.619481527000062, -6.140307003999959, 0.0 ], [ 106.61908221200008, -6.140335421999963, 0.0 ], [ 106.618439757000033, -6.140359216999964, 0.0 ], [ 106.618227248000039, -6.140375760999978, 0.0 ], [ 106.617893552000055, -6.140377181999948, 0.0 ], [ 106.617772199000058, -6.14040145199994, 0.0 ], [ 106.61765513000006, -6.140427149999945, 0.0 ], [ 106.617549482000072, -6.140437143999969, 0.0 ], [ 106.617339445000084, -6.140477072999943, 0.0 ], [ 106.617305847000068, -6.140480906999922, 0.0 ], [ 106.617298582000046, -6.140451746999922, 0.0 ], [ 106.61726837100008, -6.140330484999939, 0.0 ], [ 106.617252530000087, -6.140031461999973, 0.0 ], [ 106.61724029700008, -6.139938787999935, 0.0 ], [ 106.617207177000068, -6.13985514899997, 0.0 ], [ 106.617123107000069, -6.139720820999976, 0.0 ], [ 106.617099830000086, -6.139684820999945, 0.0 ], [ 106.61709608700005, -6.139679032999931, 0.0 ], [ 106.617042232000074, -6.139655269999927, 0.0 ], [ 106.616979411000045, -6.139631534999986, 0.0 ], [ 106.616959207000036, -6.139630291999938, 0.0 ], [ 106.616886764000071, -6.139625832999974, 0.0 ], [ 106.61664167400005, -6.139602646999942, 0.0 ], [ 106.616584909000039, -6.13959684099996, 0.0 ], [ 106.616471303000083, -6.139585217999985, 0.0 ], [ 106.616291877000037, -6.139537908999956, 0.0 ], [ 106.616139255000064, -6.139460610999941, 0.0 ], [ 106.616098611000041, -6.139430523999978, 0.0 ], [ 106.616021868000075, -6.139373713999931, 0.0 ], [ 106.615830628000083, -6.13918450799997, 0.0 ], [ 106.615776144000051, -6.138982463999983, 0.0 ], [ 106.61577019200007, -6.138960387999925, 0.0 ], [ 106.61565795000007, -6.138401464999964, 0.0 ], [ 106.61556975700006, -6.137890320999926, 0.0 ], [ 106.615581122000037, -6.137695890999963, 0.0 ], [ 106.615592241000058, -6.137668109999934, 0.0 ], [ 106.615611217000037, -6.137620696999933, 0.0 ], [ 106.615824523000086, -6.136960639999923, 0.0 ], [ 106.615941336000049, -6.136614010999943, 0.0 ], [ 106.616412095000044, -6.135217081999937, 0.0 ], [ 106.616973543000086, -6.133596326999959, 0.0 ], [ 106.617173204000039, -6.132912133999971, 0.0 ], [ 106.61721986200007, -6.132752248999957, 0.0 ], [ 106.617221971000049, -6.132745021999938, 0.0 ], [ 106.617570138000076, -6.13151763999998, 0.0 ], [ 106.617664647000083, -6.131149857999953, 0.0 ], [ 106.617745683000066, -6.130833957999917, 0.0 ], [ 106.617760283000052, -6.130777040999938, 0.0 ], [ 106.617770293000035, -6.130723639999924, 0.0 ], [ 106.617776523000089, -6.130690399999938, 0.0 ], [ 106.617781878000073, -6.130661828999956, 0.0 ], [ 106.617783016000033, -6.130655759999963, 0.0 ], [ 106.617785182000034, -6.130644206999928, 0.0 ], [ 106.617789496000057, -6.130621189999934, 0.0 ], [ 106.617810912000039, -6.130614051999942, 0.0 ], [ 106.617832327000087, -6.130615479999959, 0.0 ], [ 106.617866591000052, -6.130619762999969, 0.0 ], [ 106.617947969000056, -6.130641177999967, 0.0 ], [ 106.617992227000059, -6.130652598999977, 0.0 ], [ 106.618069321000064, -6.130671158999977, 0.0 ], [ 106.618119290000038, -6.130688290999963, 0.0 ], [ 106.618143560000078, -6.130696856999982, 0.0 ], [ 106.618407680000075, -6.130773951999966, 0.0 ], [ 106.61845336600004, -6.130788228999968, 0.0 ], [ 106.618497624000042, -6.130805360999945, 0.0 ], [ 106.618731763000085, -6.130903869999933, 0.0 ], [ 106.61878887000006, -6.130935278999974, 0.0 ], [ 106.618823134000081, -6.130956693999967, 0.0 ], [ 106.61912009100007, -6.131089467999969, 0.0 ], [ 106.619171487000074, -6.131102316999938, 0.0 ], [ 106.619177162000085, -6.131102837999943, 0.0 ], [ 106.619311400000072, -6.131115166999954, 0.0 ], [ 106.619351375000065, -6.131125159999958, 0.0 ], [ 106.619398488000058, -6.131140864999963, 0.0 ], [ 106.619442746000061, -6.131153713999929, 0.0 ], [ 106.619491287000088, -6.131172273999937, 0.0 ], [ 106.619554105000077, -6.131199398999959, 0.0 ], [ 106.619588369000056, -6.131215103999979, 0.0 ], [ 106.619833929000038, -6.13130647499998, 0.0 ], [ 106.620122320000064, -6.13143211099998, 0.0 ], [ 106.620426415000068, -6.131559173999962, 0.0 ], [ 106.620709048000037, -6.131668343999931, 0.0 ], [ 106.620773769000039, -6.131694993999933, 0.0 ], [ 106.620848008000053, -6.131719739999936, 0.0 ], [ 106.620895597000072, -6.131736871999968, 0.0 ], [ 106.620935572000064, -6.131754003999961, 0.0 ], [ 106.620985065000085, -6.131774943999974, 0.0 ], [ 106.621036461000074, -6.131799689999972, 0.0 ], [ 106.621175422000078, -6.131887253999938, 0.0 ], [ 106.621221108000043, -6.131805400999953, 0.0 ], [ 106.621342499000036, -6.131514877999958, 0.0 ], [ 106.621359034000079, -6.131475305999969, 0.0 ], [ 106.62138449400004, -6.131414373999982, 0.0 ], [ 106.621390525000038, -6.13139993999993, 0.0 ], [ 106.621533293000084, -6.130998286999954, 0.0 ], [ 106.621586593000075, -6.130847905999928, 0.0 ], [ 106.621592303000071, -6.130788894999968, 0.0 ], [ 106.621592303000071, -6.130741305999953, 0.0 ], [ 106.621590400000059, -6.130703233999946, 0.0 ], [ 106.621590400000059, -6.130657548999979, 0.0 ], [ 106.621596944000032, -6.130642498999983, 0.0 ], [ 106.621609436000085, -6.130613766999933, 0.0 ], [ 106.621617050000054, -6.13057759899994, 0.0 ], [ 106.621658250000053, -6.130460337999972, 0.0 ], [ 106.621691289000069, -6.130366302999967, 0.0 ], [ 106.621693967000056, -6.130359790999926, 0.0 ], [ 106.621733966000079, -6.13026252099997, 0.0 ], [ 106.621858803000066, -6.12995893899994, 0.0 ], [ 106.62200537800004, -6.129599163999958, 0.0 ], [ 106.622056269000041, -6.129459992999957, 0.0 ], [ 106.622088788000042, -6.12937106399994, 0.0 ], [ 106.62209865300008, -6.129344085999949, 0.0 ], [ 106.622127206000073, -6.129313628999967, 0.0 ], [ 106.622150049000084, -6.129302207999965, 0.0 ], [ 106.622528859000056, -6.129304110999953, 0.0 ], [ 106.622774560000039, -6.129292076999939, 0.0 ], [ 106.622995234000101, -6.129281267999949, 0.0 ], [ 106.623109448000051, -6.129277460999957, 0.0 ], [ 106.623112220000067, -6.129277379999971, 0.0 ], [ 106.623149405000049, -6.129276285999927, 0.0 ], [ 106.623174169000038, -6.129275557999967, 0.0 ], [ 106.623187604000066, -6.129270648999984, 0.0 ], [ 106.623273155000064, -6.129239389999952, 0.0 ], [ 106.623292620000086, -6.129208485999918, 0.0 ], [ 106.623297044000083, -6.129201460999973, 0.0 ], [ 106.623293469000032, -6.129180200999932, 0.0 ], [ 106.623278350000078, -6.129090280999948, 0.0 ], [ 106.623277418000043, -6.129084734999937, 0.0 ], [ 106.623251835000076, -6.128932581999952, 0.0 ], [ 106.62319805900006, -6.128532832999946, 0.0 ], [ 106.623193464000053, -6.128492203999945, 0.0 ], [ 106.62317093300004, -6.128292982999946, 0.0 ], [ 106.623163178000084, -6.128135666999979, 0.0 ], [ 106.623160939000059, -6.128090252999925, 0.0 ], [ 106.623139871000049, -6.127884841999957, 0.0 ], [ 106.623138096000062, -6.127867534999952, 0.0 ], [ 106.623115835000078, -6.127719489999952, 0.0 ], [ 106.622894440000039, -6.127727860999922, 0.0 ], [ 106.622891346000074, -6.127614677999928, 0.0 ], [ 106.622892767000053, -6.12755359799997, 0.0 ], [ 106.622898485000064, -6.127307727999947, 0.0 ], [ 106.622921343000101, -6.127307727999946, 0.0 ], [ 106.62299981600006, -6.127307727999943, 0.0 ], [ 106.623005437000074, -6.12730772799994, 0.0 ], [ 106.623019059000072, -6.127307727999949, 0.0 ], [ 106.623022954000092, -6.127307727999949, 0.0 ], [ 106.623049342000058, -6.127307727999955, 0.0 ], [ 106.623068674000081, -6.127307727999953, 0.0 ], [ 106.623072185000069, -6.127307727999947, 0.0 ], [ 106.623056873000053, -6.127118239999966, 0.0 ], [ 106.623053150000032, -6.127072160999948, 0.0 ], [ 106.623049245000061, -6.127000751999964, 0.0 ], [ 106.623036494000075, -6.126767589999928, 0.0 ], [ 106.623022217000084, -6.126584370999984, 0.0 ], [ 106.623017458000064, -6.126539161999969, 0.0 ], [ 106.623007940000036, -6.126522504999974, 0.0 ], [ 106.622988904000067, -6.126482054999932, 0.0 ], [ 106.622974628000065, -6.126441603999975, 0.0 ], [ 106.622974628000065, -6.126374978999943, 0.0 ], [ 106.622974338000063, -6.126366863999983, 0.0 ], [ 106.622974183000053, -6.126362529999938, 0.0 ], [ 106.622972248000053, -6.12630835399994, 0.0 ], [ 106.622969869000087, -6.126153688999981, 0.0 ], [ 106.622977136000088, -6.126094098999945, 0.0 ], [ 106.622979552000075, -6.126074284999964, 0.0 ], [ 106.622981766000066, -6.126056130999919, 0.0 ], [ 106.622981473000053, -6.126054416999986, 0.0 ], [ 106.622980978000044, -6.12605152899993, 0.0 ], [ 106.622980637000069, -6.126049534999937, 0.0 ], [ 106.622980276000092, -6.126047427999939, 0.0 ], [ 106.622980229000063, -6.126047151999948, 0.0 ], [ 106.622975815000075, -6.126021361999961, 0.0 ], [ 106.62293655600007, -6.125792010999933, 0.0 ], [ 106.62293655600007, -6.125727764999962, 0.0 ], [ 106.62293655600007, -6.125632586999927, 0.0 ], [ 106.622938936000082, -6.125520751999943, 0.0 ], [ 106.622927038000057, -6.125313738999984, 0.0 ], [ 106.62292635700004, -6.125309398999953, 0.0 ], [ 106.622917008000073, -6.125249798999956, 0.0 ], [ 106.622908003000077, -6.125192386999973, 0.0 ], [ 106.622860132000085, -6.124994661999944, 0.0 ], [ 106.622853275000082, -6.124966337999983, 0.0 ], [ 106.62281996300004, -6.124916368999954, 0.0 ], [ 106.622779512000093, -6.124847364999943, 0.0 ], [ 106.622736681000049, -6.124764083999933, 0.0 ], [ 106.62257487800008, -6.124533275999964, 0.0 ], [ 106.622394039000085, -6.124269155999962, 0.0 ], [ 106.622284451000041, -6.124127553999919, 0.0 ], [ 106.622182267000085, -6.123995517999965, 0.0 ], [ 106.622064944000044, -6.123780198999947, 0.0 ], [ 106.621730982000088, -6.123167289999962, 0.0 ], [ 106.621687191000035, -6.123086921999965, 0.0 ], [ 106.621514287000082, -6.122769595999963, 0.0 ], [ 106.621437696000044, -6.122637489999935, 0.0 ], [ 106.621358226000041, -6.122506989999979, 0.0 ], [ 106.62124556100008, -6.122321979999978, 0.0 ], [ 106.621298448000061, -6.122272090999958, 0.0 ], [ 106.621324289000086, -6.122247713999966, 0.0 ], [ 106.62154247400008, -6.122041893999943, 0.0 ], [ 106.621603683000046, -6.121947086999965, 0.0 ], [ 106.62162926600007, -6.121907460999974, 0.0 ], [ 106.621802498000079, -6.121639140999946, 0.0 ], [ 106.622223216000066, -6.121215809999973, 0.0 ], [ 106.622624075000033, -6.120872927999929, 0.0 ], [ 106.622761918000037, -6.120816041999947, 0.0 ], [ 106.622784016000082, -6.120806921999923, 0.0 ], [ 106.623065613000051, -6.120690711999941, 0.0 ], [ 106.623294281000085, -6.120665034999939, 0.0 ], [ 106.623464676000083, -6.120645900999936, 0.0 ], [ 106.623562587000038, -6.120634906999958, 0.0 ], [ 106.623960805000081, -6.120721725999941, 0.0 ], [ 106.623990085000074, -6.120728109999955, 0.0 ], [ 106.624029804000088, -6.120730919999973, 0.0 ], [ 106.62419406500004, -6.120742540999967, 0.0 ], [ 106.624633008000046, -6.120773593999952, 0.0 ], [ 106.625016893000065, -6.120777429999972, 0.0 ], [ 106.625017756000034, -6.12077743899993, 0.0 ], [ 106.625899129000061, -6.120729606999932, 0.0 ], [ 106.625976909000087, -6.120725385999951, 0.0 ], [ 106.626430632000051, -6.120700762999952, 0.0 ], [ 106.627918913000087, -6.120251096999945, 0.0 ], [ 106.627949002000037, -6.120242005999961, 0.0 ], [ 106.62794914400007, -6.120241962999951, 0.0 ], [ 106.62800442300005, -6.120216797999938, 0.0 ], [ 106.628004522000083, -6.120216752999959, 0.0 ], [ 106.628133146000039, -6.120158198999945, 0.0 ], [ 106.628134598000088, -6.12015753799994, 0.0 ], [ 106.62856994100008, -6.11995935399995, 0.0 ], [ 106.628570085000035, -6.119959583999949, 0.0 ], [ 106.628620004000098, -6.120039120999938, 0.0 ], [ 106.628684675000045, -6.120211056999945, 0.0 ], [ 106.628725535000058, -6.120325686999929, 0.0 ], [ 106.6287472960001, -6.12035620799998, 0.0 ], [ 106.628835482000056, -6.120479891999927, 0.0 ], [ 106.628891945000078, -6.120578639999954, 0.0 ], [ 106.628894757000069, -6.120624080999954, 0.0 ], [ 106.629001821000088, -6.120653164999961, 0.0 ], [ 106.629026071000055, -6.120666774999962, 0.0 ] ] ] ] } },
{ "type": "Feature", "properties": { "OBJECTID": 83615, "NAMOBJ": "Karang Mulya", "FCODE": "BA03080040", "REMARK": " ", "METADATA": "TASWIL1000020221227_DATA_BATAS_DESAKELURAHAN", "SRS_ID": "SRGI 2013", "KDBBPS": " ", "KDCBPS": " ", "KDCPUM": "36.71.12", "KDEBPS": " ", "KDEPUM": "36.71.12.1002", "KDPBPS": " ", "KDPKAB": "36.71", "KDPPUM": "36", "LUASWH": 0.0, "TIPADM": 2, "WADMKC": "Karang Tengah", "WADMKD": "Karang Mulya", "WADMKK": "Kota Tangerang", "WADMPR": "Banten", "WIADKC": " ", "WIADKK": " ", "WIADPR": " ", "WIADKD": " ", "UUPP": " ", "luas": null, "SHAPE_Length": 0.073749775952868316, "SHAPE_Area": 0.0001897285722221247 }, "geometry": { "type": "MultiPolygon", "coordinates": [ [ [ [ 106.723540826000033, -6.191969931999945, 0.0 ], [ 106.723687274000042, -6.191978427999979, 0.0 ], [ 106.723824642000068, -6.191951066999942, 0.0 ], [ 106.723821392000048, -6.191870332999942, 0.0 ], [ 106.724128919000066, -6.19179157999998, 0.0 ], [ 106.724153790000059, -6.19190125599993, 0.0 ], [ 106.724160826000059, -6.191932285999935, 0.0 ], [ 106.724186518000067, -6.192045587999934, 0.0 ], [ 106.724206694000088, -6.19211312099998, 0.0 ], [ 106.72428566800005, -6.192377466999966, 0.0 ], [ 106.724304337000035, -6.192439955999932, 0.0 ], [ 106.724360532000048, -6.192623965999936, 0.0 ], [ 106.724479513000063, -6.193013568999955, 0.0 ], [ 106.724619573000041, -6.193535920999981, 0.0 ], [ 106.724627728000087, -6.193566335999941, 0.0 ], [ 106.724676267000063, -6.193790467999971, 0.0 ], [ 106.724712649000082, -6.193951838999967, 0.0 ], [ 106.724712901000032, -6.194029591999941, 0.0 ], [ 106.724710156000071, -6.194104363999938, 0.0 ], [ 106.724692547000089, -6.194203108999949, 0.0 ], [ 106.724635549000084, -6.194437476999945, 0.0 ], [ 106.724577543000066, -6.194675986999931, 0.0 ], [ 106.724462101000086, -6.195014292999923, 0.0 ], [ 106.724431990000085, -6.195090344999929, 0.0 ], [ 106.724171640000066, -6.195747917999939, 0.0 ], [ 106.723865295000053, -6.196191513999957, 0.0 ], [ 106.723914828000034, -6.196226435999963, 0.0 ], [ 106.723927683000056, -6.196235498999951, 0.0 ], [ 106.723938591000035, -6.196243189999965, 0.0 ], [ 106.724473292000084, -6.196620173999973, 0.0 ], [ 106.724458221000077, -6.196642087999981, 0.0 ], [ 106.724265100000082, -6.19692289499995, 0.0 ], [ 106.724256721000074, -6.196935033999972, 0.0 ], [ 106.724142751000045, -6.197100134999978, 0.0 ], [ 106.723979575000044, -6.197336516999942, 0.0 ], [ 106.723807038000075, -6.197548964999943, 0.0 ], [ 106.723604712000053, -6.197798090999979, 0.0 ], [ 106.723516146000065, -6.197907143999939, 0.0 ], [ 106.723497412000086, -6.197930210999973, 0.0 ], [ 106.723570795000057, -6.197991578999966, 0.0 ], [ 106.723577781000074, -6.197997420999971, 0.0 ], [ 106.72393347700006, -6.198294881999978, 0.0 ], [ 106.723942136000062, -6.198302123999949, 0.0 ], [ 106.723395244000073, -6.199056360999974, 0.0 ], [ 106.723387550000041, -6.199066970999977, 0.0 ], [ 106.723403860000076, -6.19948858399994, 0.0 ], [ 106.723419258000035, -6.199629088999935, 0.0 ], [ 106.723428591000072, -6.199690856999956, 0.0 ], [ 106.723437359000059, -6.199748889999964, 0.0 ], [ 106.723446965000051, -6.199812468999935, 0.0 ], [ 106.723451853000086, -6.199844823999964, 0.0 ], [ 106.723467639000035, -6.199949295999951, 0.0 ], [ 106.723481486000082, -6.200040945999953, 0.0 ], [ 106.723483388000034, -6.200053535999935, 0.0 ], [ 106.723486874000059, -6.200065515999931, 0.0 ], [ 106.723511195000071, -6.200149101999955, 0.0 ], [ 106.723516898000071, -6.20016870299998, 0.0 ], [ 106.723520270000051, -6.200180291999963, 0.0 ], [ 106.723523003000082, -6.200189684999938, 0.0 ], [ 106.72352552600006, -6.200198355999928, 0.0 ], [ 106.723526091000053, -6.200200296999973, 0.0 ], [ 106.72352899100008, -6.200210261999927, 0.0 ], [ 106.723533331000056, -6.200225178999974, 0.0 ], [ 106.72353490900008, -6.200230602999969, 0.0 ], [ 106.723539548000076, -6.200246546999943, 0.0 ], [ 106.723542027000065, -6.200255065999952, 0.0 ], [ 106.723544305000075, -6.200262895999969, 0.0 ], [ 106.723546849000059, -6.200271638999934, 0.0 ], [ 106.723557103000076, -6.200278567999924, 0.0 ], [ 106.723565467000071, -6.200284220999945, 0.0 ], [ 106.723573831000067, -6.20028987299998, 0.0 ], [ 106.723583760000054, -6.20029658199996, 0.0 ], [ 106.723589398000058, -6.200300391999978, 0.0 ], [ 106.723593471000072, -6.200303144999968, 0.0 ], [ 106.723598627000072, -6.200306628999954, 0.0 ], [ 106.723621662000085, -6.200322195999949, 0.0 ], [ 106.72362171900005, -6.200322233999938, 0.0 ], [ 106.723846144000049, -6.200547585999968, 0.0 ], [ 106.723900330000049, -6.200601995999932, 0.0 ], [ 106.723924518000047, -6.200626283999947, 0.0 ], [ 106.723959927000081, -6.20070781699996, 0.0 ], [ 106.723995336000087, -6.200789349999985, 0.0 ], [ 106.724008819000062, -6.200820394999936, 0.0 ], [ 106.724029639000037, -6.200857063999932, 0.0 ], [ 106.724151685000038, -6.201072023999922, 0.0 ], [ 106.724158266000074, -6.201083614999955, 0.0 ], [ 106.724158817000045, -6.201084585999983, 0.0 ], [ 106.724215327000081, -6.201184115999987, 0.0 ], [ 106.724234226000078, -6.201217401999941, 0.0 ], [ 106.724235289000035, -6.201220178999958, 0.0 ], [ 106.724244755000086, -6.201244911999932, 0.0 ], [ 106.724300530000065, -6.201390636999977, 0.0 ], [ 106.724309392000066, -6.201413723999966, 0.0 ], [ 106.724363241000049, -6.201554002999949, 0.0 ], [ 106.724376534000044, -6.201588632999978, 0.0 ], [ 106.724406011000042, -6.201665422999943, 0.0 ], [ 106.724414555000067, -6.20169691199993, 0.0 ], [ 106.724461263000094, -6.201869064999934, 0.0 ], [ 106.724484647000054, -6.201955248999981, 0.0 ], [ 106.724493872000039, -6.202022812999929, 0.0 ], [ 106.724494903000064, -6.20203036599997, 0.0 ], [ 106.724506212000065, -6.202113186999956, 0.0 ], [ 106.724519022000052, -6.202207001999966, 0.0 ], [ 106.724527503000047, -6.202269114999974, 0.0 ], [ 106.72453213700004, -6.202352095999969, 0.0 ], [ 106.724548072000061, -6.202637404999956, 0.0 ], [ 106.724549713000044, -6.202666783999964, 0.0 ], [ 106.724550778000037, -6.202994332999933, 0.0 ], [ 106.724550892000082, -6.203029439999967, 0.0 ], [ 106.724551045000055, -6.203076482999952, 0.0 ], [ 106.724496223000074, -6.203300828999951, 0.0 ], [ 106.724475989000041, -6.203383631999946, 0.0 ], [ 106.7244744260001, -6.203390027999949, 0.0 ], [ 106.724459625000065, -6.203450596999963, 0.0 ], [ 106.724456263000036, -6.203507935999928, 0.0 ], [ 106.724451100000067, -6.203595979999932, 0.0 ], [ 106.724434166000037, -6.20388478299997, 0.0 ], [ 106.724425994000057, -6.204024148999963, 0.0 ], [ 106.724421068000083, -6.204108166999963, 0.0 ], [ 106.724420114000054, -6.204124430999972, 0.0 ], [ 106.724419988000079, -6.204126586999955, 0.0 ], [ 106.724422416000053, -6.20417742599994, 0.0 ], [ 106.724424536000086, -6.204221823999935, 0.0 ], [ 106.724426236000056, -6.20425742399993, 0.0 ], [ 106.724430116000065, -6.204338658999972, 0.0 ], [ 106.724432749000073, -6.20439379499993, 0.0 ], [ 106.72443486700007, -6.204438149999934, 0.0 ], [ 106.724437751000039, -6.204498533999972, 0.0 ], [ 106.724438146000068, -6.204506800999971, 0.0 ], [ 106.724440558000097, -6.204557293999932, 0.0 ], [ 106.724443029000042, -6.204609039999985, 0.0 ], [ 106.724445456000069, -6.204659852999957, 0.0 ], [ 106.724447448000035, -6.204701567999968, 0.0 ], [ 106.72444844100005, -6.204722364999948, 0.0 ], [ 106.724455017000082, -6.204860045999967, 0.0 ], [ 106.72445526000007, -6.204865133999935, 0.0 ], [ 106.724452342000063, -6.20494516999998, 0.0 ], [ 106.724446983000064, -6.205092125999959, 0.0 ], [ 106.724441400000046, -6.205245255999955, 0.0 ], [ 106.724440855000068, -6.205260203999947, 0.0 ], [ 106.724435677000088, -6.205402225999925, 0.0 ], [ 106.724430784000049, -6.20553641699996, 0.0 ], [ 106.724426299000072, -6.205659406999924, 0.0 ], [ 106.724420914000063, -6.205807089999944, 0.0 ], [ 106.724415113000077, -6.205966200999967, 0.0 ], [ 106.724407574000054, -6.20617295599993, 0.0 ], [ 106.724403132000077, -6.206294777999975, 0.0 ], [ 106.724401668000041, -6.206355227999949, 0.0 ], [ 106.724397987000089, -6.206507161999976, 0.0 ], [ 106.724387232000083, -6.20695111999992, 0.0 ], [ 106.724383353000064, -6.207111236999928, 0.0 ], [ 106.72437510900005, -6.207451513999949, 0.0 ], [ 106.724373278000087, -6.207527110999937, 0.0 ], [ 106.724375046000034, -6.207643929999956, 0.0 ], [ 106.724378346000037, -6.207861897999976, 0.0 ], [ 106.72420204000008, -6.207862472999982, 0.0 ], [ 106.72419067800007, -6.207862092999966, 0.0 ], [ 106.723879011000079, -6.207851662999925, 0.0 ], [ 106.723876284000085, -6.207851571999987, 0.0 ], [ 106.723874662000071, -6.207869224999968, 0.0 ], [ 106.723835878000045, -6.208291311999972, 0.0 ], [ 106.723827725000035, -6.208532873999965, 0.0 ], [ 106.723827701000062, -6.20853357199997, 0.0 ], [ 106.723652990000062, -6.20853414099997, 0.0 ], [ 106.723643867000078, -6.208534170999944, 0.0 ], [ 106.723641295000064, -6.208534178999962, 0.0 ], [ 106.723631745000034, -6.208534209999923, 0.0 ], [ 106.723624240000049, -6.208534233999959, 0.0 ], [ 106.723622619000082, -6.208534238999965, 0.0 ], [ 106.723620809000067, -6.208534244999959, 0.0 ], [ 106.723567724000077, -6.208534417999952, 0.0 ], [ 106.723554273000047, -6.209089149999958, 0.0 ], [ 106.723544010000069, -6.209512399999937, 0.0 ], [ 106.723541294000086, -6.209596143999927, 0.0 ], [ 106.723536164000052, -6.209856336999966, 0.0 ], [ 106.723509863000061, -6.210038844999929, 0.0 ], [ 106.723506604000079, -6.210068710999962, 0.0 ], [ 106.723483747000046, -6.210278172999945, 0.0 ], [ 106.723468523000065, -6.210391914999949, 0.0 ], [ 106.723467506000077, -6.210399516999935, 0.0 ], [ 106.723410496000042, -6.210825475999973, 0.0 ], [ 106.723402060000083, -6.210888507999921, 0.0 ], [ 106.723396525000055, -6.210950971999979, 0.0 ], [ 106.723379, -6.211148759999959, 0.0 ], [ 106.723326195000084, -6.211435751999937, 0.0 ], [ 106.723311254000066, -6.211516957999941, 0.0 ], [ 106.723308527000086, -6.211531777999943, 0.0 ], [ 106.723246542000084, -6.211768231999944, 0.0 ], [ 106.723202124000068, -6.21192250399997, 0.0 ], [ 106.723184489000062, -6.211983752999959, 0.0 ], [ 106.723159950000081, -6.212065068999953, 0.0 ], [ 106.723134628000082, -6.212148979999945, 0.0 ], [ 106.723086927000054, -6.212307047999958, 0.0 ], [ 106.723032172000046, -6.212296795999978, 0.0 ], [ 106.72302413400007, -6.212295290999968, 0.0 ], [ 106.722906118000083, -6.212288, 0.0 ], [ 106.722506376000069, -6.212263304999971, 0.0 ], [ 106.722426355000039, -6.212258360999953, 0.0 ], [ 106.722379706000083, -6.21225851299994, 0.0 ], [ 106.72206880400006, -6.212259524999973, 0.0 ], [ 106.722051348000036, -6.212259581999945, 0.0 ], [ 106.72203389200007, -6.212259638999964, 0.0 ], [ 106.721921338000072, -6.21226000499996, 0.0 ], [ 106.721768700000041, -6.212230685999932, 0.0 ], [ 106.721701824000036, -6.212217840999918, 0.0 ], [ 106.721538597000063, -6.212186487999934, 0.0 ], [ 106.721507473000088, -6.212186027999961, 0.0 ], [ 106.721383451000065, -6.212184194999966, 0.0 ], [ 106.721383127000081, -6.212184189999958, 0.0 ], [ 106.721009480000077, -6.212178668999973, 0.0 ], [ 106.720852905000086, -6.212176354999947, 0.0 ], [ 106.720837823000068, -6.21217613199997, 0.0 ], [ 106.720768710000087, -6.212175110999967, 0.0 ], [ 106.720543446000093, -6.21217178199992, 0.0 ], [ 106.720327613000052, -6.21217248399995, 0.0 ], [ 106.720179395000059, -6.212172965999975, 0.0 ], [ 106.719956821000054, -6.212173689999927, 0.0 ], [ 106.719912922000049, -6.212173832999952, 0.0 ], [ 106.719963826000082, -6.212007147999948, 0.0 ], [ 106.719988537000063, -6.211886250999955, 0.0 ], [ 106.720006019000039, -6.211748627999958, 0.0 ], [ 106.720031783000081, -6.211584663999933, 0.0 ], [ 106.720047986000054, -6.211420729999928, 0.0 ], [ 106.720071511000071, -6.211303422999949, 0.0 ], [ 106.720074883000052, -6.211237620999948, 0.0 ], [ 106.720075484000063, -6.211054597999976, 0.0 ], [ 106.720077279000066, -6.210976701999929, 0.0 ], [ 106.720078627000078, -6.21091821899995, 0.0 ], [ 106.72006771100007, -6.210869209999949, 0.0 ], [ 106.720046048000086, -6.210823823999926, 0.0 ], [ 106.719996725000044, -6.21072709099997, 0.0 ], [ 106.719990672000051, -6.210703186999975, 0.0 ], [ 106.719988208000075, -6.210680466999972, 0.0 ], [ 106.71999528300006, -6.210650537999921, 0.0 ], [ 106.720008356000051, -6.210627766999951, 0.0 ], [ 106.720022665000045, -6.21061695499997, 0.0 ], [ 106.720042942000077, -6.210603730999932, 0.0 ], [ 106.720066794000047, -6.210586905999945, 0.0 ], [ 106.720091806000084, -6.210559311999925, 0.0 ], [ 106.720092684000065, -6.210557677999936, 0.0 ], [ 106.720107253000037, -6.210530551999961, 0.0 ], [ 106.720113038000079, -6.210471917999937, 0.0 ], [ 106.72011373800008, -6.210442871999931, 0.0 ], [ 106.720118305000085, -6.210252993999982, 0.0 ], [ 106.720118616000036, -6.21022477899993, 0.0 ], [ 106.720119227000055, -6.210169255999978, 0.0 ], [ 106.720113453000067, -6.210143079999964, 0.0 ], [ 106.720107096000049, -6.210114269999961, 0.0 ], [ 106.720055325000033, -6.209999601999924, 0.0 ], [ 106.720017819000077, -6.209937652999935, 0.0 ], [ 106.720005359000083, -6.209917071999937, 0.0 ], [ 106.719977475000064, -6.209870270999941, 0.0 ], [ 106.719905061000077, -6.209766235999946, 0.0 ], [ 106.719859480000082, -6.209717337999963, 0.0 ], [ 106.719824750000043, -6.209697114999919, 0.0 ], [ 106.719797269000082, -6.209700793999963, 0.0 ], [ 106.719763856000043, -6.20971764999996, 0.0 ], [ 106.719724481000071, -6.20973930999998, 0.0 ], [ 106.719692300000077, -6.209768122999949, 0.0 ], [ 106.719666081000071, -6.209792131999959, 0.0 ], [ 106.719641023000065, -6.209805371999945, 0.0 ], [ 106.719598019000045, -6.209813884999962, 0.0 ], [ 106.719543015000056, -6.209808083999977, 0.0 ], [ 106.719490360000066, -6.209789113999935, 0.0 ], [ 106.719444065000062, -6.209764360999936, 0.0 ], [ 106.719428096000058, -6.209755822999973, 0.0 ], [ 106.71936820600007, -6.209717738999928, 0.0 ], [ 106.719331040000043, -6.209683169999948, 0.0 ], [ 106.719315427000083, -6.209660491999963, 0.0 ], [ 106.719297420000032, -6.209636626999943, 0.0 ], [ 106.719290131000051, -6.209600763999951, 0.0 ], [ 106.719292382000049, -6.209557692999965, 0.0 ], [ 106.719296627000062, -6.209527243999957, 0.0 ], [ 106.719297054000037, -6.209524183999982, 0.0 ], [ 106.719299336000063, -6.209490680999982, 0.0 ], [ 106.719296833000044, -6.209456, 0.0 ], [ 106.719289604000053, -6.209438078999934, 0.0 ], [ 106.719270416000086, -6.209419002999944, 0.0 ], [ 106.719253624000032, -6.209401112999956, 0.0 ], [ 106.719229675000065, -6.209388033999974, 0.0 ], [ 106.719166247000032, -6.209364315999953, 0.0 ], [ 106.719098010000039, -6.209332238999943, 0.0 ], [ 106.71900700100008, -6.209281097999969, 0.0 ], [ 106.718945901000041, -6.209238232999946, 0.0 ], [ 106.718911131000084, -6.209206047999935, 0.0 ], [ 106.718896749000066, -6.209194131999937, 0.0 ], [ 106.718864426000039, -6.209178685999967, 0.0 ], [ 106.718809408000084, -6.20916809799997, 0.0 ], [ 106.718773513000087, -6.209157448999974, 0.0 ], [ 106.718749548000062, -6.209139582999965, 0.0 ], [ 106.718725561000042, -6.20911454199996, 0.0 ], [ 106.718720683000072, -6.209084651999953, 0.0 ], [ 106.718721766000044, -6.20904995799998, 0.0 ], [ 106.718735935000041, -6.208996081999936, 0.0 ], [ 106.718760699000086, -6.208891930999923, 0.0 ], [ 106.718766520000088, -6.208844063999943, 0.0 ], [ 106.718765185000066, -6.208801003999954, 0.0 ], [ 106.718739835000065, -6.20872452799995, 0.0 ], [ 106.718714553000041, -6.208668388999971, 0.0 ], [ 106.718696464000061, -6.208619400999964, 0.0 ], [ 106.71868814700008, -6.208579212999942, 0.0 ], [ 106.718683105000082, -6.208554849999923, 0.0 ], [ 106.718678103000073, -6.208486681999944, 0.0 ], [ 106.71867314900004, -6.208421045999948, 0.0 ], [ 106.718670609000071, -6.208387418999969, 0.0 ], [ 106.718659527000057, -6.208286973999976, 0.0 ], [ 106.71863645500008, -6.20817580099992, 0.0 ], [ 106.718572751000067, -6.208067151999954, 0.0 ], [ 106.718515388000071, -6.207967632999953, 0.0 ], [ 106.718482595000069, -6.207910739999925, 0.0 ], [ 106.718479817000073, -6.207905223999934, 0.0 ], [ 106.718422442000076, -6.207791313999966, 0.0 ], [ 106.718379060000075, -6.207682598999957, 0.0 ], [ 106.718362108000065, -6.207615665999977, 0.0 ], [ 106.718355600000052, -6.207556543999941, 0.0 ], [ 106.718344866000052, -6.20745901799996, 0.0 ], [ 106.718332416000081, -6.207305940999952, 0.0 ], [ 106.718324888000041, -6.207195914999942, 0.0 ], [ 106.718310497000061, -6.207105813999924, 0.0 ], [ 106.718302927000082, -6.20705842099994, 0.0 ], [ 106.718300409000051, -6.207045486999964, 0.0 ], [ 106.718291987000043, -6.20700223399995, 0.0 ], [ 106.718282348000059, -6.206978340999969, 0.0 ], [ 106.718264316000045, -6.206947297999927, 0.0 ], [ 106.718233177000059, -6.206928258999935, 0.0 ], [ 106.718193706000079, -6.206920012999938, 0.0 ], [ 106.718149456000049, -6.206912980999956, 0.0 ], [ 106.718099238000036, -6.206908357999956, 0.0 ], [ 106.718051427000034, -6.206908513999959, 0.0 ], [ 106.718006008000089, -6.206909856999979, 0.0 ], [ 106.717957010000077, -6.206912408999922, 0.0 ], [ 106.717898421000086, -6.206906617999952, 0.0 ], [ 106.717812312000035, -6.206892542999973, 0.0 ], [ 106.717739296000047, -6.206878984999948, 0.0 ], [ 106.717704670000046, -6.206872554999954, 0.0 ], [ 106.717600593000043, -6.206846576999963, 0.0 ], [ 106.717534756000092, -6.206816884999968, 0.0 ], [ 106.717498070000033, -6.206798957999974, 0.0 ], [ 106.717456937000065, -6.206778858999946, 0.0 ], [ 106.717404223000074, -6.206751664999961, 0.0 ], [ 106.717268281000088, -6.20704883599996, 0.0 ], [ 106.717226662000087, -6.207139814999951, 0.0 ], [ 106.717104175000088, -6.207408164999939, 0.0 ], [ 106.717001591000056, -6.20762094599996, 0.0 ], [ 106.716900001000056, -6.20784616499998, 0.0 ], [ 106.716869551000059, -6.207910448999935, 0.0 ], [ 106.716817373000083, -6.208020601999968, 0.0 ], [ 106.716743276000045, -6.20817204299994, 0.0 ], [ 106.716609385000083, -6.208462441999922, 0.0 ], [ 106.716458043000046, -6.208765535999929, 0.0 ], [ 106.716379628000084, -6.208912326999946, 0.0 ], [ 106.716344488000061, -6.208950120999926, 0.0 ], [ 106.716268250000041, -6.209031081999969, 0.0 ], [ 106.716267655000081, -6.209031712999938, 0.0 ], [ 106.716210033000038, -6.209078980999944, 0.0 ], [ 106.716134623000073, -6.209140840999966, 0.0 ], [ 106.716100753000035, -6.209168622999925, 0.0 ], [ 106.715985041000067, -6.209267213999962, 0.0 ], [ 106.715965458000099, -6.209283898999959, 0.0 ], [ 106.715917223000076, -6.209337885999955, 0.0 ], [ 106.715872563000062, -6.209388271999957, 0.0 ], [ 106.715848755000081, -6.209433948999952, 0.0 ], [ 106.715759647000084, -6.209600511999951, 0.0 ], [ 106.715715567000075, -6.209646110999932, 0.0 ], [ 106.715667867000036, -6.209680955999946, 0.0 ], [ 106.715641353000095, -6.20971068799997, 0.0 ], [ 106.715622563000068, -6.209731756999932, 0.0 ], [ 106.715605116000063, -6.209751320999936, 0.0 ], [ 106.715603125000101, -6.209754087999959, 0.0 ], [ 106.715602082000032, -6.20972467199994, 0.0 ], [ 106.715601953000032, -6.209721056999967, 0.0 ], [ 106.715592206000053, -6.209663670999927, 0.0 ], [ 106.715555670000072, -6.209602542999964, 0.0 ], [ 106.715482841000039, -6.209554930999954, 0.0 ], [ 106.715302838000071, -6.209484696999927, 0.0 ], [ 106.714819503000058, -6.209315050999979, 0.0 ], [ 106.714513989000068, -6.209207817999924, 0.0 ], [ 106.714215112000034, -6.209108685999972, 0.0 ], [ 106.713759652000078, -6.208957619999972, 0.0 ], [ 106.713742626000055, -6.209015092999951, 0.0 ], [ 106.713661582000043, -6.209384747999928, 0.0 ], [ 106.713610565000067, -6.209576308999941, 0.0 ], [ 106.713538748000076, -6.209753068999928, 0.0 ], [ 106.713489254000081, -6.209728135999971, 0.0 ], [ 106.713298096000074, -6.209631833999944, 0.0 ], [ 106.713085019000061, -6.209535629999939, 0.0 ], [ 106.712905227000078, -6.209475263999926, 0.0 ], [ 106.712991470000077, -6.209234784999985, 0.0 ], [ 106.713047594000045, -6.209143689999965, 0.0 ], [ 106.71303389600007, -6.209048036999941, 0.0 ], [ 106.712871432000043, -6.209078228999945, 0.0 ], [ 106.712817931000075, -6.209093713999948, 0.0 ], [ 106.712672663000035, -6.20911906499993, 0.0 ], [ 106.712683304000052, -6.209157309999969, 0.0 ], [ 106.712672783000073, -6.209156385999965, 0.0 ], [ 106.712598223000043, -6.209165239999948, 0.0 ], [ 106.712427105000074, -6.209181106999942, 0.0 ], [ 106.712355697000078, -6.209277035999948, 0.0 ], [ 106.712258147000057, -6.209273521999926, 0.0 ], [ 106.712206738000077, -6.209344505999977, 0.0 ], [ 106.712076953000064, -6.209351672999964, 0.0 ], [ 106.712059501000056, -6.209352636999934, 0.0 ], [ 106.711984955000048, -6.20936531999996, 0.0 ], [ 106.71197361600008, -6.20940746399998, 0.0 ], [ 106.71178511300009, -6.209369793999941, 0.0 ], [ 106.711723625000047, -6.209358941999944, 0.0 ], [ 106.71155181000006, -6.209328622999973, 0.0 ], [ 106.711577618000035, -6.209237101999967, 0.0 ], [ 106.711469623000085, -6.20919706699994, 0.0 ], [ 106.71145967700005, -6.209193105999928, 0.0 ], [ 106.711425463000069, -6.209179475999976, 0.0 ], [ 106.711362385000086, -6.20915434999994, 0.0 ], [ 106.711348023000085, -6.209148654999986, 0.0 ], [ 106.711332844000083, -6.209186024999945, 0.0 ], [ 106.711190188000046, -6.209131938999973, 0.0 ], [ 106.711068558000079, -6.209074914999978, 0.0 ], [ 106.711013040000068, -6.209057867999952, 0.0 ], [ 106.710876541000061, -6.209133911, 0.0 ], [ 106.710808790000044, -6.20907281999996, 0.0 ], [ 106.710564211000076, -6.208845849999926, 0.0 ], [ 106.710444734000077, -6.208739908999966, 0.0 ], [ 106.710200752000048, -6.208523565999945, 0.0 ], [ 106.709860309000078, -6.208222260999944, 0.0 ], [ 106.709953561000091, -6.208079369999943, 0.0 ], [ 106.709982054000079, -6.208018988999927, 0.0 ], [ 106.710004448000063, -6.207846659999978, 0.0 ], [ 106.710027526000033, -6.207590114999954, 0.0 ], [ 106.710037056000033, -6.207431847999949, 0.0 ], [ 106.710025434000045, -6.20738594999994, 0.0 ], [ 106.70996362700005, -6.207345957999961, 0.0 ], [ 106.709977868000067, -6.207314331999958, 0.0 ], [ 106.710036334000051, -6.207207917999938, 0.0 ], [ 106.709872790000077, -6.207199833999936, 0.0 ], [ 106.709727872000087, -6.207185946999967, 0.0 ], [ 106.70975031200004, -6.207027972999989, 0.0 ], [ 106.709689566000065, -6.207020513999961, 0.0 ], [ 106.709610627000075, -6.207004977999926, 0.0 ], [ 106.709610547000068, -6.206980575999976, 0.0 ], [ 106.709632752000061, -6.206749392999934, 0.0 ], [ 106.709585381000068, -6.206738062999924, 0.0 ], [ 106.709127541000043, -6.206653412999962, 0.0 ], [ 106.709058063000043, -6.206903407999962, 0.0 ], [ 106.708766466000043, -6.206773722999962, 0.0 ], [ 106.708835614000066, -6.206610032999953, 0.0 ], [ 106.708837900000049, -6.206577728999943, 0.0 ], [ 106.708836613000074, -6.206549022999981, 0.0 ], [ 106.708826939000062, -6.206514362999943, 0.0 ], [ 106.708822069000064, -6.206486866999971, 0.0 ], [ 106.708820766000088, -6.206453376999943, 0.0 ], [ 106.708825431000051, -6.206417474999974, 0.0 ], [ 106.70883118900008, -6.206349270999969, 0.0 ], [ 106.708840198000075, -6.20626566199997, 0.0 ], [ 106.708841633000077, -6.206252342999959, 0.0 ], [ 106.708874493000053, -6.206063234999933, 0.0 ], [ 106.708896826000071, -6.205945932999958, 0.0 ], [ 106.708929886000078, -6.205819026999962, 0.0 ], [ 106.708948175000046, -6.205740765999963, 0.0 ], [ 106.708962898000038, -6.205677765999948, 0.0 ], [ 106.708989969000086, -6.205546890999918, 0.0 ], [ 106.70900424000007, -6.205446864999939, 0.0 ], [ 106.709023968000054, -6.205284683999936, 0.0 ], [ 106.709030889000076, -6.205237448999978, 0.0 ], [ 106.709037809000051, -6.205190212999984, 0.0 ], [ 106.709049405000087, -6.205111068999932, 0.0 ], [ 106.709103138000046, -6.20484033999997, 0.0 ], [ 106.709106803000054, -6.204821874999932, 0.0 ], [ 106.709165057000064, -6.204501100999947, 0.0 ], [ 106.709198392000076, -6.204334396999967, 0.0 ], [ 106.709242226000072, -6.204115188999931, 0.0 ], [ 106.709243835000052, -6.204106966999968, 0.0 ], [ 106.709296789000064, -6.203836531999964, 0.0 ], [ 106.709306355000081, -6.203774008999977, 0.0 ], [ 106.709332689000064, -6.203601892999925, 0.0 ], [ 106.709373242000098, -6.203392447999924, 0.0 ], [ 106.709389714000054, -6.203307380999941, 0.0 ], [ 106.709409819000086, -6.203203541999917, 0.0 ], [ 106.709451814000033, -6.202963903999938, 0.0 ], [ 106.709453950000068, -6.202951713999943, 0.0 ], [ 106.709476823000045, -6.202868124999959, 0.0 ], [ 106.709485140000083, -6.202837732999974, 0.0 ], [ 106.709518329000062, -6.202751496999949, 0.0 ], [ 106.709579078000047, -6.202611582999967, 0.0 ], [ 106.709646496000062, -6.202463990999948, 0.0 ], [ 106.709696945000076, -6.202392054999958, 0.0 ], [ 106.709722106000072, -6.202365474999966, 0.0 ], [ 106.709814165000068, -6.202268224999957, 0.0 ], [ 106.71008204900005, -6.202013761999973, 0.0 ], [ 106.710174941000048, -6.20192433499995, 0.0 ], [ 106.710297490000073, -6.201806358999933, 0.0 ], [ 106.710539599000072, -6.20156537599996, 0.0 ], [ 106.710840836000045, -6.201275396999964, 0.0 ], [ 106.710912205000056, -6.201206723999968, 0.0 ], [ 106.711182112000074, -6.200947007999955, 0.0 ], [ 106.711354604000064, -6.20076462499997, 0.0 ], [ 106.711370592000037, -6.200733599999971, 0.0 ], [ 106.711404806000075, -6.200668414999939, 0.0 ], [ 106.711446690000059, -6.200608945999934, 0.0 ], [ 106.711572581000041, -6.200506143999969, 0.0 ], [ 106.711788875000082, -6.20034042899993, 0.0 ], [ 106.711823453000079, -6.20031393699997, 0.0 ], [ 106.712067595000065, -6.200111225999936, 0.0 ], [ 106.71216488400006, -6.200034353999969, 0.0 ], [ 106.712423191000084, -6.199776091999983, 0.0 ], [ 106.712697745000071, -6.199514907999969, 0.0 ], [ 106.712842692000038, -6.19939098999992, 0.0 ], [ 106.713007616000084, -6.199234468999978, 0.0 ], [ 106.713132572000063, -6.199138368999974, 0.0 ], [ 106.713314764000074, -6.198999017999934, 0.0 ], [ 106.713374811000051, -6.198938533999982, 0.0 ], [ 106.713415769000051, -6.198888638999969, 0.0 ], [ 106.713435798000035, -6.198868463999935, 0.0 ], [ 106.713562552000042, -6.198740788999949, 0.0 ], [ 106.713660430000061, -6.198633919999965, 0.0 ], [ 106.713687378000088, -6.198604495999973, 0.0 ], [ 106.71376458900005, -6.198528644999953, 0.0 ], [ 106.713851367000075, -6.198454677999956, 0.0 ], [ 106.713938207000069, -6.198399848999943, 0.0 ], [ 106.714013653000052, -6.198369937999927, 0.0 ], [ 106.714119670000059, -6.198331316999943, 0.0 ], [ 106.714221231000082, -6.198321148999977, 0.0 ], [ 106.714267840000048, -6.198316483999968, 0.0 ], [ 106.714507852000054, -6.198315706999942, 0.0 ], [ 106.714642698000034, -6.198321012999938, 0.0 ], [ 106.714674250000087, -6.198319952999952, 0.0 ], [ 106.714741228000051, -6.198333134999933, 0.0 ], [ 106.714836931000036, -6.198357706999961, 0.0 ], [ 106.714936422000065, -6.198370782999971, 0.0 ], [ 106.714992840000036, -6.19837059899992, 0.0 ], [ 106.715130522000038, -6.198366326999976, 0.0 ], [ 106.71520569200004, -6.198363917999924, 0.0 ], [ 106.715263425000046, -6.198362067999929, 0.0 ], [ 106.715367678000064, -6.198369385999964, 0.0 ], [ 106.715416495000056, -6.19838454099994, 0.0 ], [ 106.715471052000055, -6.198400631999967, 0.0 ], [ 106.715517926000075, -6.198406221999966, 0.0 ], [ 106.715544697000041, -6.198405177999964, 0.0 ], [ 106.715584481000064, -6.198392421999928, 0.0 ], [ 106.715641176000076, -6.198374242999929, 0.0 ], [ 106.715879998000048, -6.198300740999969, 0.0 ], [ 106.716023215000064, -6.198233287999927, 0.0 ], [ 106.716144435000047, -6.198164950999961, 0.0 ], [ 106.716302630000087, -6.198072149999967, 0.0 ], [ 106.716454383000041, -6.197982660999966, 0.0 ], [ 106.71653451800006, -6.197924264999923, 0.0 ], [ 106.716615526000055, -6.197870699999958, 0.0 ], [ 106.716646874000048, -6.197849974999934, 0.0 ], [ 106.716734908000035, -6.19779514099997, 0.0 ], [ 106.716870954000058, -6.197727952999972, 0.0 ], [ 106.716999847000068, -6.197666526999965, 0.0 ], [ 106.717087939000066, -6.197629638999953, 0.0 ], [ 106.717208723000056, -6.19757374299996, 0.0 ], [ 106.71725405400008, -6.197546082999954, 0.0 ], [ 106.717286213000079, -6.197511287999927, 0.0 ], [ 106.717364836000058, -6.197428494999946, 0.0 ], [ 106.717383893000033, -6.197408095999945, 0.0 ], [ 106.717423260000032, -6.197384045999965, 0.0 ], [ 106.717448341000079, -6.197377982999962, 0.0 ], [ 106.717486583000039, -6.197375465999921, 0.0 ], [ 106.717526031000034, -6.197376534999933, 0.0 ], [ 106.717564291000087, -6.19738, 0.0 ], [ 106.717705415000069, -6.197404662999931, 0.0 ], [ 106.718131259000074, -6.19750376499996, 0.0 ], [ 106.718431516000066, -6.197578153999933, 0.0 ], [ 106.718584629000077, -6.197643955999983, 0.0 ], [ 106.718686228000081, -6.197687618999966, 0.0 ], [ 106.71873271700008, -6.197606230999948, 0.0 ], [ 106.718918174000066, -6.197294613999937, 0.0 ], [ 106.719044144000065, -6.197069315999958, 0.0 ], [ 106.719124958000066, -6.196925508999927, 0.0 ], [ 106.719172327000081, -6.196788986999943, 0.0 ], [ 106.719207659000062, -6.19662618599995, 0.0 ], [ 106.719210235000048, -6.196614097999942, 0.0 ], [ 106.719248978000053, -6.196432205999939, 0.0 ], [ 106.719287721000057, -6.196250314999931, 0.0 ], [ 106.719356180000034, -6.195982138999963, 0.0 ], [ 106.719480904000079, -6.195479854999964, 0.0 ], [ 106.719578674000047, -6.195035741999961, 0.0 ], [ 106.719744984000044, -6.194348573999947, 0.0 ], [ 106.719872408000072, -6.193833787999952, 0.0 ], [ 106.719968268000059, -6.193450696999947, 0.0 ], [ 106.71996916900008, -6.193447094999949, 0.0 ], [ 106.720005780000065, -6.193310608999972, 0.0 ], [ 106.720010372000047, -6.19325197899996, 0.0 ], [ 106.720003014000042, -6.193194584999958, 0.0 ], [ 106.719947389000097, -6.192996191999953, 0.0 ], [ 106.719936416000053, -6.192929240999947, 0.0 ], [ 106.719935636000059, -6.192919561999927, 0.0 ], [ 106.719928386000049, -6.192829622999963, 0.0 ], [ 106.719921473000056, -6.192743875999947, 0.0 ], [ 106.719906761000061, -6.192630282999966, 0.0 ], [ 106.719879, -6.192507, 0.0 ], [ 106.720075278000081, -6.192486110999944, 0.0 ], [ 106.720234, -6.192463, 0.0 ], [ 106.720387, -6.192367, 0.0 ], [ 106.720473128000037, -6.192264537999955, 0.0 ], [ 106.72071971400004, -6.191971185999939, 0.0 ], [ 106.720735, -6.191953, 0.0 ], [ 106.720981, -6.191782, 0.0 ], [ 106.72119729300006, -6.19172334299998, 0.0 ], [ 106.721280883000077, -6.191699146999959, 0.0 ], [ 106.72128863100005, -6.191696500999962, 0.0 ], [ 106.721510719000037, -6.191620647999976, 0.0 ], [ 106.721874808000052, -6.191475920999954, 0.0 ], [ 106.721976338000047, -6.191454656999959, 0.0 ], [ 106.722119817000078, -6.191469144999923, 0.0 ], [ 106.722287299000072, -6.191513458999966, 0.0 ], [ 106.722384807000083, -6.191549390999967, 0.0 ], [ 106.722649301000047, -6.191646857999953, 0.0 ], [ 106.722895883000049, -6.191725071999943, 0.0 ], [ 106.722891816000072, -6.191792606999975, 0.0 ], [ 106.723504677000051, -6.191880332999967, 0.0 ], [ 106.723498856000049, -6.191928200999941, 0.0 ], [ 106.723540826000033, -6.191969931999945, 0.0 ] ] ] ] } },
{ "type": "Feature", "properties": { "OBJECTID": 83620, "NAMOBJ": "Parung Jaya", "FCODE": "BA03080040", "REMARK": " ", "METADATA": "TASWIL1000020221227_DATA_BATAS_DESAKELURAHAN", "SRS_ID": "SRGI 2013", "KDBBPS": " ", "KDCBPS": " ", "KDCPUM": "36.71.12", "KDEBPS": " ", "KDEPUM": "36.71.12.1007", "KDPBPS": " ", "KDPKAB": "36.71", "KDPPUM": "36", "LUASWH": 0.0, "TIPADM": 2, "WADMKC": "Karang Tengah", "WADMKD": "Parung Jaya", "WADMKK": "Kota Tangerang", "WADMPR": "Banten", "WIADKC": " ", "WIADKK": " ", "WIADPR": " ", "WIADKD": " ", "UUPP": " ", "luas": null, "SHAPE_Length": 0.06302845200699024, "SHAPE_Area": 9.9910687892289758e-05 }, "geometry": { "type": "MultiPolygon", "coordinates": [ [ [ [ 106.716854883000053, -6.192470093999929, 0.0 ], [ 106.716862468000045, -6.19247075899994, 0.0 ], [ 106.716896142000053, -6.192473712999963, 0.0 ], [ 106.71695352100005, -6.192478745999952, 0.0 ], [ 106.716952563000063, -6.192482044999962, 0.0 ], [ 106.716938744000061, -6.192529633999929, 0.0 ], [ 106.716947119000054, -6.192529676999923, 0.0 ], [ 106.716991603000054, -6.192529903999972, 0.0 ], [ 106.717036506000056, -6.192530132999937, 0.0 ], [ 106.717052530000046, -6.192530214999976, 0.0 ], [ 106.717297334000094, -6.192531463999951, 0.0 ], [ 106.717652973000042, -6.192545264999985, 0.0 ], [ 106.717835241000046, -6.192541683999931, 0.0 ], [ 106.717886195000062, -6.192589367999974, 0.0 ], [ 106.717913113000066, -6.192621824999952, 0.0 ], [ 106.717922152000085, -6.192632723999966, 0.0 ], [ 106.718027189000054, -6.192759372999937, 0.0 ], [ 106.718152082000074, -6.19268382699994, 0.0 ], [ 106.718401120000067, -6.192533187999969, 0.0 ], [ 106.718429808000053, -6.192515834999937, 0.0 ], [ 106.718784780000092, -6.192323289999928, 0.0 ], [ 106.719130826000082, -6.192142736999934, 0.0 ], [ 106.719254353000053, -6.192083764999954, 0.0 ], [ 106.719577564000076, -6.191929463999934, 0.0 ], [ 106.71961398600007, -6.191912075999933, 0.0 ], [ 106.71961766000004, -6.191910321999961, 0.0 ], [ 106.719629083000086, -6.191904868999919, 0.0 ], [ 106.719706602000088, -6.19208187999993, 0.0 ], [ 106.719741520000071, -6.192161613999925, 0.0 ], [ 106.719767368000092, -6.192220634999956, 0.0 ], [ 106.719788636000033, -6.192269197999954, 0.0 ], [ 106.719796821000045, -6.192290738999922, 0.0 ], [ 106.719823079000051, -6.19235983799995, 0.0 ], [ 106.719879, -6.192507, 0.0 ], [ 106.719906761000061, -6.192630282999966, 0.0 ], [ 106.719921473000056, -6.192743875999947, 0.0 ], [ 106.719928386000049, -6.192829622999963, 0.0 ], [ 106.719935636000059, -6.192919561999927, 0.0 ], [ 106.719936416000053, -6.192929240999947, 0.0 ], [ 106.719947389000097, -6.192996191999953, 0.0 ], [ 106.720003014000042, -6.193194584999958, 0.0 ], [ 106.720010372000047, -6.19325197899996, 0.0 ], [ 106.720005780000065, -6.193310608999972, 0.0 ], [ 106.71996916900008, -6.193447094999949, 0.0 ], [ 106.719968268000059, -6.193450696999947, 0.0 ], [ 106.719872408000072, -6.193833787999952, 0.0 ], [ 106.719744984000044, -6.194348573999947, 0.0 ], [ 106.719578674000047, -6.195035741999961, 0.0 ], [ 106.719480904000079, -6.195479854999964, 0.0 ], [ 106.719356180000034, -6.195982138999963, 0.0 ], [ 106.719287721000057, -6.196250314999931, 0.0 ], [ 106.719248978000053, -6.196432205999939, 0.0 ], [ 106.719210235000048, -6.196614097999942, 0.0 ], [ 106.719207659000062, -6.19662618599995, 0.0 ], [ 106.719172327000081, -6.196788986999943, 0.0 ], [ 106.719124958000066, -6.196925508999927, 0.0 ], [ 106.719044144000065, -6.197069315999958, 0.0 ], [ 106.718918174000066, -6.197294613999937, 0.0 ], [ 106.71873271700008, -6.197606230999948, 0.0 ], [ 106.718686228000081, -6.197687618999966, 0.0 ], [ 106.718584629000077, -6.197643955999983, 0.0 ], [ 106.718431516000066, -6.197578153999933, 0.0 ], [ 106.718131259000074, -6.19750376499996, 0.0 ], [ 106.717705415000069, -6.197404662999931, 0.0 ], [ 106.717564291000087, -6.19738, 0.0 ], [ 106.717526031000034, -6.197376534999933, 0.0 ], [ 106.717486583000039, -6.197375465999921, 0.0 ], [ 106.717448341000079, -6.197377982999962, 0.0 ], [ 106.717423260000032, -6.197384045999965, 0.0 ], [ 106.717383893000033, -6.197408095999945, 0.0 ], [ 106.717364836000058, -6.197428494999946, 0.0 ], [ 106.717286213000079, -6.197511287999927, 0.0 ], [ 106.71725405400008, -6.197546082999954, 0.0 ], [ 106.717208723000056, -6.19757374299996, 0.0 ], [ 106.717087939000066, -6.197629638999953, 0.0 ], [ 106.716999847000068, -6.197666526999965, 0.0 ], [ 106.716870954000058, -6.197727952999972, 0.0 ], [ 106.716734908000035, -6.19779514099997, 0.0 ], [ 106.716646874000048, -6.197849974999934, 0.0 ], [ 106.716615526000055, -6.197870699999958, 0.0 ], [ 106.71653451800006, -6.197924264999923, 0.0 ], [ 106.716454383000041, -6.197982660999966, 0.0 ], [ 106.716302630000087, -6.198072149999967, 0.0 ], [ 106.716144435000047, -6.198164950999961, 0.0 ], [ 106.716023215000064, -6.198233287999927, 0.0 ], [ 106.715879998000048, -6.198300740999969, 0.0 ], [ 106.715641176000076, -6.198374242999929, 0.0 ], [ 106.715584481000064, -6.198392421999928, 0.0 ], [ 106.715544697000041, -6.198405177999964, 0.0 ], [ 106.715517926000075, -6.198406221999966, 0.0 ], [ 106.715471052000055, -6.198400631999967, 0.0 ], [ 106.715416495000056, -6.19838454099994, 0.0 ], [ 106.715367678000064, -6.198369385999964, 0.0 ], [ 106.715263425000046, -6.198362067999929, 0.0 ], [ 106.71520569200004, -6.198363917999924, 0.0 ], [ 106.715130522000038, -6.198366326999976, 0.0 ], [ 106.714992840000036, -6.19837059899992, 0.0 ], [ 106.714936422000065, -6.198370782999971, 0.0 ], [ 106.714836931000036, -6.198357706999961, 0.0 ], [ 106.714741228000051, -6.198333134999933, 0.0 ], [ 106.714674250000087, -6.198319952999952, 0.0 ], [ 106.714642698000034, -6.198321012999938, 0.0 ], [ 106.714507852000054, -6.198315706999942, 0.0 ], [ 106.714267840000048, -6.198316483999968, 0.0 ], [ 106.714221231000082, -6.198321148999977, 0.0 ], [ 106.714119670000059, -6.198331316999943, 0.0 ], [ 106.714013653000052, -6.198369937999927, 0.0 ], [ 106.713938207000069, -6.198399848999943, 0.0 ], [ 106.713851367000075, -6.198454677999956, 0.0 ], [ 106.71376458900005, -6.198528644999953, 0.0 ], [ 106.713687378000088, -6.198604495999973, 0.0 ], [ 106.713660430000061, -6.198633919999965, 0.0 ], [ 106.713562552000042, -6.198740788999949, 0.0 ], [ 106.713435798000035, -6.198868463999935, 0.0 ], [ 106.713415769000051, -6.198888638999969, 0.0 ], [ 106.713374811000051, -6.198938533999982, 0.0 ], [ 106.713314764000074, -6.198999017999934, 0.0 ], [ 106.713132572000063, -6.199138368999974, 0.0 ], [ 106.713007616000084, -6.199234468999978, 0.0 ], [ 106.712842692000038, -6.19939098999992, 0.0 ], [ 106.712697745000071, -6.199514907999969, 0.0 ], [ 106.712423191000084, -6.199776091999983, 0.0 ], [ 106.71216488400006, -6.200034353999969, 0.0 ], [ 106.712067595000065, -6.200111225999936, 0.0 ], [ 106.711823453000079, -6.20031393699997, 0.0 ], [ 106.711788875000082, -6.20034042899993, 0.0 ], [ 106.711572581000041, -6.200506143999969, 0.0 ], [ 106.711446690000059, -6.200608945999934, 0.0 ], [ 106.711404806000075, -6.200668414999939, 0.0 ], [ 106.711370592000037, -6.200733599999971, 0.0 ], [ 106.711354604000064, -6.20076462499997, 0.0 ], [ 106.711182112000074, -6.200947007999955, 0.0 ], [ 106.710912205000056, -6.201206723999968, 0.0 ], [ 106.710840836000045, -6.201275396999964, 0.0 ], [ 106.710539599000072, -6.20156537599996, 0.0 ], [ 106.710297490000073, -6.201806358999933, 0.0 ], [ 106.710174941000048, -6.20192433499995, 0.0 ], [ 106.71008204900005, -6.202013761999973, 0.0 ], [ 106.709814165000068, -6.202268224999957, 0.0 ], [ 106.709722106000072, -6.202365474999966, 0.0 ], [ 106.709696945000076, -6.202392054999958, 0.0 ], [ 106.709646496000062, -6.202463990999948, 0.0 ], [ 106.709579078000047, -6.202611582999967, 0.0 ], [ 106.709518329000062, -6.202751496999949, 0.0 ], [ 106.709485140000083, -6.202837732999974, 0.0 ], [ 106.709476823000045, -6.202868124999959, 0.0 ], [ 106.709453950000068, -6.202951713999943, 0.0 ], [ 106.709451814000033, -6.202963903999938, 0.0 ], [ 106.709409819000086, -6.203203541999917, 0.0 ], [ 106.709389714000054, -6.203307380999941, 0.0 ], [ 106.709373242000098, -6.203392447999924, 0.0 ], [ 106.709332689000064, -6.203601892999925, 0.0 ], [ 106.709306355000081, -6.203774008999977, 0.0 ], [ 106.709296789000064, -6.203836531999964, 0.0 ], [ 106.709243835000052, -6.204106966999968, 0.0 ], [ 106.709242226000072, -6.204115188999931, 0.0 ], [ 106.709198392000076, -6.204334396999967, 0.0 ], [ 106.709165057000064, -6.204501100999947, 0.0 ], [ 106.709106803000054, -6.204821874999932, 0.0 ], [ 106.709103138000046, -6.20484033999997, 0.0 ], [ 106.709049405000087, -6.205111068999932, 0.0 ], [ 106.709037809000051, -6.205190212999984, 0.0 ], [ 106.709030889000076, -6.205237448999978, 0.0 ], [ 106.70899111600005, -6.205226647999944, 0.0 ], [ 106.708290589000057, -6.205037650999945, 0.0 ], [ 106.708016259000033, -6.204963640999955, 0.0 ], [ 106.707883243000083, -6.204920322999958, 0.0 ], [ 106.707827259000055, -6.20505764499995, 0.0 ], [ 106.707673338000063, -6.205365332999977, 0.0 ], [ 106.707645993000085, -6.205417459999985, 0.0 ], [ 106.707642608000086, -6.205423910999976, 0.0 ], [ 106.707587216000036, -6.205529505999952, 0.0 ], [ 106.706850321000061, -6.205210181999973, 0.0 ], [ 106.706863173000045, -6.205186109999937, 0.0 ], [ 106.706891946000042, -6.205129027999926, 0.0 ], [ 106.706934438000076, -6.205044725999927, 0.0 ], [ 106.706855374000043, -6.204991149999962, 0.0 ], [ 106.706764343000089, -6.204932827999927, 0.0 ], [ 106.70659805300005, -6.204889104999944, 0.0 ], [ 106.70645315600008, -6.205243608999986, 0.0 ], [ 106.706271943000047, -6.20568696599998, 0.0 ], [ 106.706264753000085, -6.205703001999945, 0.0 ], [ 106.706006425000055, -6.206279190999971, 0.0 ], [ 106.705999557000041, -6.206275664999969, 0.0 ], [ 106.705755423000085, -6.206185537999948, 0.0 ], [ 106.705845404000058, -6.205917293999955, 0.0 ], [ 106.705204029000072, -6.205704038999946, 0.0 ], [ 106.70512503100008, -6.205670799999955, 0.0 ], [ 106.705328136000048, -6.205268213999948, 0.0 ], [ 106.705442270000063, -6.20509851699995, 0.0 ], [ 106.705545837000045, -6.204944531999949, 0.0 ], [ 106.705695602000048, -6.204682075999924, 0.0 ], [ 106.705824188000079, -6.204316986999974, 0.0 ], [ 106.705694951000055, -6.204278563999937, 0.0 ], [ 106.705545580000035, -6.204224234999965, 0.0 ], [ 106.705219580000062, -6.204105661999961, 0.0 ], [ 106.705089896000061, -6.204058493999981, 0.0 ], [ 106.705002292000074, -6.20401847099992, 0.0 ], [ 106.704703003000077, -6.203881739999928, 0.0 ], [ 106.704334927000048, -6.203609228999932, 0.0 ], [ 106.704254239000079, -6.203532529999954, 0.0 ], [ 106.704278375000058, -6.203513327999932, 0.0 ], [ 106.704478368000082, -6.203354216999975, 0.0 ], [ 106.704539434000083, -6.203305634999942, 0.0 ], [ 106.704539687000079, -6.203285526999938, 0.0 ], [ 106.70454116500008, -6.203167429999954, 0.0 ], [ 106.704543398000055, -6.20298914599993, 0.0 ], [ 106.704544227000056, -6.202923023999969, 0.0 ], [ 106.704545127000088, -6.20290531799998, 0.0 ], [ 106.704556229000062, -6.202789486999964, 0.0 ], [ 106.704572222000081, -6.202707612999969, 0.0 ], [ 106.704589630000044, -6.202619515999964, 0.0 ], [ 106.704597377000084, -6.202590428999941, 0.0 ], [ 106.704602384000054, -6.202571625999952, 0.0 ], [ 106.704605120000053, -6.202529986999941, 0.0 ], [ 106.704606836000039, -6.202468734999968, 0.0 ], [ 106.704623240000046, -6.202366284999925, 0.0 ], [ 106.704638415000034, -6.202327478999969, 0.0 ], [ 106.704646694000076, -6.202225533999986, 0.0 ], [ 106.704640820000066, -6.202182967999925, 0.0 ], [ 106.70466332500007, -6.202049944999945, 0.0 ], [ 106.704668035000054, -6.202022106999942, 0.0 ], [ 106.704700181000078, -6.201875510999967, 0.0 ], [ 106.70464577000007, -6.201876310999969, 0.0 ], [ 106.704512850000086, -6.201878266999933, 0.0 ], [ 106.704206734000081, -6.201882769999949, 0.0 ], [ 106.703754375000088, -6.201812921999936, 0.0 ], [ 106.703789406000055, -6.201596749999963, 0.0 ], [ 106.703814936000072, -6.201512752999976, 0.0 ], [ 106.703855643000068, -6.201378823999956, 0.0 ], [ 106.70399758700006, -6.200509416999977, 0.0 ], [ 106.704126709000036, -6.20051857099997, 0.0 ], [ 106.704263289000039, -6.199872169999938, 0.0 ], [ 106.704261676000044, -6.19936975999997, 0.0 ], [ 106.70422702500008, -6.19900143399997, 0.0 ], [ 106.704093091000061, -6.198982724999944, 0.0 ], [ 106.704030092000039, -6.19871975799993, 0.0 ], [ 106.704129958000081, -6.198551964999973, 0.0 ], [ 106.70412456300005, -6.198360585999974, 0.0 ], [ 106.703970798000071, -6.198121834999934, 0.0 ], [ 106.703760228000078, -6.19806030899997, 0.0 ], [ 106.703476698000088, -6.197611438999958, 0.0 ], [ 106.703948817000096, -6.19723191399992, 0.0 ], [ 106.704740757000081, -6.196181912999982, 0.0 ], [ 106.704767752000066, -6.196200905999949, 0.0 ], [ 106.704782683000076, -6.196211409999926, 0.0 ], [ 106.704935710000086, -6.196220487999946, 0.0 ], [ 106.705014034000044, -6.196193440999935, 0.0 ], [ 106.705067145000058, -6.196152206999949, 0.0 ], [ 106.705118005000088, -6.196112719999977, 0.0 ], [ 106.705229530000054, -6.196002308999929, 0.0 ], [ 106.705333583000083, -6.195947425999984, 0.0 ], [ 106.705460437000056, -6.195912836999982, 0.0 ], [ 106.705496956000047, -6.195902879999949, 0.0 ], [ 106.705558838000059, -6.19588192599997, 0.0 ], [ 106.705577392000066, -6.195875643999956, 0.0 ], [ 106.705719516000045, -6.195827519999971, 0.0 ], [ 106.705810244000077, -6.195791819999957, 0.0 ], [ 106.705898080000054, -6.195774804999924, 0.0 ], [ 106.705972085000056, -6.195844777999978, 0.0 ], [ 106.706044150000082, -6.195973849999972, 0.0 ], [ 106.706105508000064, -6.196023415999947, 0.0 ], [ 106.706161027000064, -6.196041419999971, 0.0 ], [ 106.706250311000076, -6.196032151999938, 0.0 ], [ 106.706311034000066, -6.196003614999944, 0.0 ], [ 106.706351952000048, -6.195941279999944, 0.0 ], [ 106.706358869000042, -6.195750339999957, 0.0 ], [ 106.706382409000071, -6.195636622999923, 0.0 ], [ 106.706453963000058, -6.195585552999952, 0.0 ], [ 106.706546568000078, -6.195576282999987, 0.0 ], [ 106.706720291000067, -6.195664633999975, 0.0 ], [ 106.706911849000051, -6.195799399999943, 0.0 ], [ 106.707019491000054, -6.19581998699993, 0.0 ], [ 106.707141873000069, -6.195777724999968, 0.0 ], [ 106.707258076000073, -6.195672681999954, 0.0 ], [ 106.707326295000087, -6.195513961999944, 0.0 ], [ 106.707397800000095, -6.195447939999944, 0.0 ], [ 106.707517222000035, -6.195414658999939, 0.0 ], [ 106.707572491000064, -6.195426571999969, 0.0 ], [ 106.707612911000069, -6.195435284999975, 0.0 ], [ 106.707711639000081, -6.195527663999939, 0.0 ], [ 106.707712, -6.195528, 0.0 ], [ 106.707751298000062, -6.195649680999965, 0.0 ], [ 106.707755212000052, -6.195698548999921, 0.0 ], [ 106.70775627900008, -6.195711868999971, 0.0 ], [ 106.70775548000006, -6.195760676999944, 0.0 ], [ 106.707568061000075, -6.196058900999957, 0.0 ], [ 106.70747190700007, -6.196191273999949, 0.0 ], [ 106.707427334000045, -6.196306254999967, 0.0 ], [ 106.707417144000033, -6.196408684999941, 0.0 ], [ 106.707453952000037, -6.196554983999937, 0.0 ], [ 106.707561544000043, -6.19670871099992, 0.0 ], [ 106.707700609000085, -6.196836498999963, 0.0 ], [ 106.707871072000046, -6.196915378999961, 0.0 ], [ 106.708008529000054, -6.196914696999952, 0.0 ], [ 106.708131500000036, -6.196870039999968, 0.0 ], [ 106.708255579000081, -6.196797866999932, 0.0 ], [ 106.708436799000083, -6.196653736999961, 0.0 ], [ 106.708623098000032, -6.196601698999929, 0.0 ], [ 106.708766643000047, -6.196635926999939, 0.0 ], [ 106.708894899000086, -6.196747957999951, 0.0 ], [ 106.70896605300004, -6.196880139999967, 0.0 ], [ 106.708972781000057, -6.196902244999932, 0.0 ], [ 106.708979267000075, -6.196924731999964, 0.0 ], [ 106.708993038000074, -6.196974347999972, 0.0 ], [ 106.708997899000053, -6.196991859999972, 0.0 ], [ 106.709004027000063, -6.197013295999968, 0.0 ], [ 106.709010201000069, -6.197034075999974, 0.0 ], [ 106.709016472000087, -6.197054209999974, 0.0 ], [ 106.709022885000081, -6.197073709999926, 0.0 ], [ 106.709029490000034, -6.197092591999938, 0.0 ], [ 106.709036333000086, -6.19711086299997, 0.0 ], [ 106.709043462000068, -6.197128538999951, 0.0 ], [ 106.709050925000042, -6.197145628999983, 0.0 ], [ 106.709058756000047, -6.19716213099997, 0.0 ], [ 106.709066932000042, -6.197177974999924, 0.0 ], [ 106.709075418000054, -6.197193079999975, 0.0 ], [ 106.709084181000037, -6.197207360999925, 0.0 ], [ 106.709091030000081, -6.197217536999973, 0.0 ], [ 106.709093181000085, -6.197220734999974, 0.0 ], [ 106.709102383000072, -6.197233118999969, 0.0 ], [ 106.70911175100008, -6.19724442799997, 0.0 ], [ 106.709121252000045, -6.197254578999946, 0.0 ], [ 106.709130850000065, -6.197263511999957, 0.0 ], [ 106.709140531000074, -6.197271248999925, 0.0 ], [ 106.709142690000078, -6.197272708999953, 0.0 ], [ 106.709150283000042, -6.197277840999955, 0.0 ], [ 106.709154554000065, -6.197280232999956, 0.0 ], [ 106.709160097000051, -6.197283334999959, 0.0 ], [ 106.709169956000039, -6.197287779999954, 0.0 ], [ 106.709179850000055, -6.197291220999952, 0.0 ], [ 106.709189768000044, -6.197293707999957, 0.0 ], [ 106.709199699000067, -6.197295286999974, 0.0 ], [ 106.709209650000062, -6.197296000999923, 0.0 ], [ 106.709219720000078, -6.197295866999981, 0.0 ], [ 106.709230029000082, -6.197294900999962, 0.0 ], [ 106.709366310000064, -6.197264083999933, 0.0 ], [ 106.709520013000088, -6.197186072999957, 0.0 ], [ 106.709656804000076, -6.197130239999975, 0.0 ], [ 106.709708242000048, -6.197127555999933, 0.0 ], [ 106.709716627000034, -6.197128691999972, 0.0 ], [ 106.70973347100005, -6.197131664999976, 0.0 ], [ 106.70974996700005, -6.19713523399997, 0.0 ], [ 106.709766004000073, -6.197139327999928, 0.0 ], [ 106.709781475000057, -6.197143881999977, 0.0 ], [ 106.709796268000048, -6.197148831999918, 0.0 ], [ 106.709810302000051, -6.197154127999964, 0.0 ], [ 106.709823613000083, -6.197159789999948, 0.0 ], [ 106.709836267000071, -6.197165854999981, 0.0 ], [ 106.709848330000057, -6.197172358999979, 0.0 ], [ 106.709859867000034, -6.197179339999935, 0.0 ], [ 106.70987094600008, -6.197186837999928, 0.0 ], [ 106.709881633000066, -6.197194886999966, 0.0 ], [ 106.709891991000063, -6.197203525999956, 0.0 ], [ 106.709902078000084, -6.197212782999935, 0.0 ], [ 106.709911914000088, -6.197222646999939, 0.0 ], [ 106.709921506000057, -6.197233100999937, 0.0 ], [ 106.709924868000087, -6.19723706499996, 0.0 ], [ 106.709930863000068, -6.19724412799997, 0.0 ], [ 106.709939993000035, -6.197255703999921, 0.0 ], [ 106.709948907000069, -6.197267816999948, 0.0 ], [ 106.710032626000043, -6.197365056999963, 0.0 ], [ 106.710047410000072, -6.197382227999985, 0.0 ], [ 106.71009048600007, -6.197396442999951, 0.0 ], [ 106.710120635000067, -6.197404958999923, 0.0 ], [ 106.71015936200007, -6.197404833999941, 0.0 ], [ 106.710186596000085, -6.197399003999983, 0.0 ], [ 106.710235186000034, -6.197381428999961, 0.0 ], [ 106.710269934000053, -6.197365056999961, 0.0 ], [ 106.710415762000082, -6.197296346999956, 0.0 ], [ 106.710528818000057, -6.197203643999963, 0.0 ], [ 106.710538791000033, -6.197195466999979, 0.0 ], [ 106.710571572000049, -6.19713076599993, 0.0 ], [ 106.710615078000046, -6.197024793999954, 0.0 ], [ 106.710619961000077, -6.197012900999942, 0.0 ], [ 106.71062192100004, -6.196980891999946, 0.0 ], [ 106.710628137000072, -6.196879375999967, 0.0 ], [ 106.710624692000067, -6.19681970999994, 0.0 ], [ 106.71061902200006, -6.196721504999966, 0.0 ], [ 106.710622417000096, -6.196613813999928, 0.0 ], [ 106.710659432000057, -6.196534845999959, 0.0 ], [ 106.710665838000068, -6.196526756999956, 0.0 ], [ 106.710688920000067, -6.196497614999939, 0.0 ], [ 106.710715364000066, -6.196463935999923, 0.0 ], [ 106.710743989000036, -6.196426923999987, 0.0 ], [ 106.710774714000081, -6.196386391999973, 0.0 ], [ 106.710800589000087, -6.196351435999936, 0.0 ], [ 106.711050469000043, -6.195996962999971, 0.0 ], [ 106.71107870700007, -6.195957757999961, 0.0 ], [ 106.711103395000066, -6.195924604999952, 0.0 ], [ 106.7111248450001, -6.195897145999937, 0.0 ], [ 106.711143571000036, -6.195874687999948, 0.0 ], [ 106.711160095000082, -6.19585654099996, 0.0 ], [ 106.711174932000063, -6.195842013999942, 0.0 ], [ 106.711188599000081, -6.195830417999955, 0.0 ], [ 106.711201613000085, -6.19582106299993, 0.0 ], [ 106.711214491000078, -6.195813255999958, 0.0 ], [ 106.711311264000074, -6.195759980999984, 0.0 ], [ 106.711404894000054, -6.195734796999944, 0.0 ], [ 106.711515920000068, -6.195766975999963, 0.0 ], [ 106.711661592000041, -6.19586794499998, 0.0 ], [ 106.711835884000038, -6.195947768999926, 0.0 ], [ 106.711916299000052, -6.195976218999937, 0.0 ], [ 106.712107444000083, -6.195944977999933, 0.0 ], [ 106.712258784000085, -6.195848779999954, 0.0 ], [ 106.712263011000061, -6.195844938999924, 0.0 ], [ 106.712285995000059, -6.195820891999968, 0.0 ], [ 106.712309247000064, -6.195793132999941, 0.0 ], [ 106.712332846000038, -6.195761286999933, 0.0 ], [ 106.712356870000065, -6.195724971999939, 0.0 ], [ 106.712397792000047, -6.195661292999936, 0.0 ], [ 106.712455414000033, -6.195571627999924, 0.0 ], [ 106.712474250000071, -6.19554231699993, 0.0 ], [ 106.712583239000082, -6.195372713999974, 0.0 ], [ 106.712587700000086, -6.195365905999942, 0.0 ], [ 106.71264762800007, -6.195250980999963, 0.0 ], [ 106.712728030000051, -6.195125503999977, 0.0 ], [ 106.71279510100004, -6.195020829999967, 0.0 ], [ 106.712828414000057, -6.194968938999983, 0.0 ], [ 106.712899761000074, -6.194857805999958, 0.0 ], [ 106.71304192100007, -6.194462593999962, 0.0 ], [ 106.713048783000033, -6.194389343999945, 0.0 ], [ 106.713084593000076, -6.194007106999953, 0.0 ], [ 106.713080841000078, -6.193958562999967, 0.0 ], [ 106.713073812000061, -6.193867641999937, 0.0 ], [ 106.713069805000103, -6.193848966999955, 0.0 ], [ 106.713049640000065, -6.193755002999981, 0.0 ], [ 106.713014757000053, -6.193666507999979, 0.0 ], [ 106.712977205000072, -6.193615562999977, 0.0 ], [ 106.712942341000087, -6.193580708999947, 0.0 ], [ 106.712716615000033, -6.193484680999974, 0.0 ], [ 106.712600167000062, -6.193401799999952, 0.0 ], [ 106.712569731000087, -6.193304286999934, 0.0 ], [ 106.712566701000071, -6.193254054999954, 0.0 ], [ 106.712569333000033, -6.193180837999929, 0.0 ], [ 106.712643962000072, -6.193072980999939, 0.0 ], [ 106.712831486000084, -6.19299548599997, 0.0 ], [ 106.712958137000044, -6.192943144999965, 0.0 ], [ 106.712986682000079, -6.192928850999979, 0.0 ], [ 106.713070706000053, -6.192886775999967, 0.0 ], [ 106.713135027000078, -6.192846516999957, 0.0 ], [ 106.713177896000047, -6.192787494999942, 0.0 ], [ 106.713180695000062, -6.192783397999963, 0.0 ], [ 106.713212726000066, -6.192736519999922, 0.0 ], [ 106.713219330000072, -6.192703416999955, 0.0 ], [ 106.713220753000087, -6.192696286999924, 0.0 ], [ 106.713216216000035, -6.192651077999925, 0.0 ], [ 106.713215369000068, -6.192642645999962, 0.0 ], [ 106.713208519000048, -6.19262515399992, 0.0 ], [ 106.713191218000077, -6.192580965999983, 0.0 ], [ 106.713070760000051, -6.192447435999958, 0.0 ], [ 106.713036167000041, -6.192409088999966, 0.0 ], [ 106.712987392000059, -6.192355019999986, 0.0 ], [ 106.712945038000043, -6.192308068999986, 0.0 ], [ 106.712896757000067, -6.19223835399993, 0.0 ], [ 106.712891378000052, -6.192192759999948, 0.0 ], [ 106.712891356000057, -6.192139117999942, 0.0 ], [ 106.71291009800008, -6.192080102999962, 0.0 ], [ 106.712950290000038, -6.192029127999943, 0.0 ], [ 106.713019966000047, -6.191970093999934, 0.0 ], [ 106.713173512000083, -6.191910792999972, 0.0 ], [ 106.713242433000062, -6.191884175999982, 0.0 ], [ 106.713244878000069, -6.191882645999955, 0.0 ], [ 106.713290234000056, -6.191854258999975, 0.0 ], [ 106.713295655000096, -6.191850866999963, 0.0 ], [ 106.713306711000087, -6.191843946999946, 0.0 ], [ 106.713318317000073, -6.191836682999961, 0.0 ], [ 106.713440094000077, -6.191766390999931, 0.0 ], [ 106.713469819000068, -6.191779648999963, 0.0 ], [ 106.713562778000039, -6.191821110999959, 0.0 ], [ 106.714415412000051, -6.192128087999947, 0.0 ], [ 106.715085533000035, -6.192365165999949, 0.0 ], [ 106.715528302000052, -6.192525223999958, 0.0 ], [ 106.715893303000087, -6.192661608999962, 0.0 ], [ 106.715934818000065, -6.192562786999923, 0.0 ], [ 106.716033524000068, -6.192592372999971, 0.0 ], [ 106.716215928000054, -6.192630659999966, 0.0 ], [ 106.716233586000044, -6.192546867999964, 0.0 ], [ 106.716274899000041, -6.192385244999963, 0.0 ], [ 106.716286741000033, -6.192340825999956, 0.0 ], [ 106.716304423000054, -6.192274498999954, 0.0 ], [ 106.716721175000089, -6.19232526499997, 0.0 ], [ 106.716782722000062, -6.192332761999973, 0.0 ], [ 106.716750258000047, -6.192458469999957, 0.0 ], [ 106.716808376000074, -6.192464926999939, 0.0 ], [ 106.716828902000103, -6.192467206999937, 0.0 ], [ 106.716854883000053, -6.192470093999929, 0.0 ] ] ] ] } },
{ "type": "Feature", "properties": { "OBJECTID": 83622, "NAMOBJ": "Larangan Selatan", "FCODE": "BA03080040", "REMARK": " ", "METADATA": "TASWIL1000020221227_DATA_BATAS_DESAKELURAHAN", "SRS_ID": "SRGI 2013", "KDBBPS": " ", "KDCBPS": " ", "KDCPUM": "36.71.13", "KDEBPS": " ", "KDEPUM": "36.71.13.1002", "KDPBPS": " ", "KDPKAB": "36.71", "KDPPUM": "36", "LUASWH": 0.0, "TIPADM": 2, "WADMKC": "Larangan", "WADMKD": "Larangan Selatan", "WADMKK": "Kota Tangerang", "WADMPR": "Banten", "WIADKC": " ", "WIADKK": " ", "WIADPR": " ", "WIADKD": " ", "UUPP": " ", "luas": null, "SHAPE_Length": 0.047088978536559495, "SHAPE_Area": 9.5768560688520496e-05 }, "geometry": { "type": "MultiPolygon", "coordinates": [ [ [ [ 106.72857537200008, -6.243403946999934, 0.0 ], [ 106.728598215000034, -6.243472474999983, 0.0 ], [ 106.728619154000071, -6.243550520999981, 0.0 ], [ 106.728632479000055, -6.243580978999938, 0.0 ], [ 106.728657226000067, -6.243607627999946, 0.0 ], [ 106.728673516000072, -6.243612152999962, 0.0 ], [ 106.728674999000077, -6.24361256499998, 0.0 ], [ 106.72868001900008, -6.243613958999968, 0.0 ], [ 106.728691490000074, -6.243617145999956, 0.0 ], [ 106.728717083000049, -6.243615645999965, 0.0 ], [ 106.728719468000079, -6.243615505999965, 0.0 ], [ 106.728724628000066, -6.243615203999973, 0.0 ], [ 106.728782659000046, -6.243611803999947, 0.0 ], [ 106.728837321000071, -6.243604608999935, 0.0 ], [ 106.728971250000086, -6.243618523999936, 0.0 ], [ 106.729001738000079, -6.243626551999959, 0.0 ], [ 106.729043035000075, -6.243637426999944, 0.0 ], [ 106.729043880000063, -6.243637767999924, 0.0 ], [ 106.729107671000065, -6.243663531999965, 0.0 ], [ 106.729155779000052, -6.243684901999928, 0.0 ], [ 106.729156, -6.243685, 0.0 ], [ 106.729303594000044, -6.243682271999943, 0.0 ], [ 106.729320510000036, -6.243681970999938, 0.0 ], [ 106.72936554100005, -6.243677266999947, 0.0 ], [ 106.729394819000049, -6.24367420899995, 0.0 ], [ 106.729453280000087, -6.243668101999954, 0.0 ], [ 106.729542532000039, -6.243658778999925, 0.0 ], [ 106.729632638000055, -6.243649365999947, 0.0 ], [ 106.729753109000058, -6.243641792999938, 0.0 ], [ 106.729772451000088, -6.243641728999941, 0.0 ], [ 106.729882425000085, -6.243641367999937, 0.0 ], [ 106.729925242000036, -6.243641226999958, 0.0 ], [ 106.730047367000054, -6.243634928999934, 0.0 ], [ 106.730087085000036, -6.243632880999938, 0.0 ], [ 106.730185615000039, -6.243627798999963, 0.0 ], [ 106.730188306000073, -6.24362765999996, 0.0 ], [ 106.730341452000062, -6.243619761999972, 0.0 ], [ 106.730512801000089, -6.243604755999969, 0.0 ], [ 106.730555804000062, -6.243595044999942, 0.0 ], [ 106.730595246000064, -6.243593720999973, 0.0 ], [ 106.73061596000008, -6.243594997999937, 0.0 ], [ 106.730616, -6.243595, 0.0 ], [ 106.730637417000082, -6.243825818999938, 0.0 ], [ 106.730685122000068, -6.243823433999978, 0.0 ], [ 106.730689163000079, -6.243855023999968, 0.0 ], [ 106.730692823000098, -6.243883641999952, 0.0 ], [ 106.730695397000034, -6.243903762999933, 0.0 ], [ 106.73072607000006, -6.244106759999966, 0.0 ], [ 106.730732260000082, -6.244147724999955, 0.0 ], [ 106.730737653000062, -6.244183413999971, 0.0 ], [ 106.730740542000049, -6.244202532999964, 0.0 ], [ 106.73074060600004, -6.244202954999927, 0.0 ], [ 106.730842, -6.244874, 0.0 ], [ 106.730647114000078, -6.244911996999978, 0.0 ], [ 106.730524, -6.244936, 0.0 ], [ 106.730551537000068, -6.245052184999955, 0.0 ], [ 106.730602702000056, -6.245155303999979, 0.0 ], [ 106.730637957000056, -6.245257028999966, 0.0 ], [ 106.730642604000082, -6.245270436999936, 0.0 ], [ 106.730649995000078, -6.245337398999939, 0.0 ], [ 106.730645004000053, -6.245425926999926, 0.0 ], [ 106.730645, -6.245426, 0.0 ], [ 106.73052341600004, -6.245438687999973, 0.0 ], [ 106.730461558000059, -6.245445178999936, 0.0 ], [ 106.730371, -6.245453, 0.0 ], [ 106.730358353000057, -6.245468485999943, 0.0 ], [ 106.730348528000036, -6.245534548999962, 0.0 ], [ 106.73034911700006, -6.245576170999915, 0.0 ], [ 106.730349978000049, -6.245636954999958, 0.0 ], [ 106.730350103000035, -6.245645814999937, 0.0 ], [ 106.730350397000052, -6.245666604999932, 0.0 ], [ 106.730369479000046, -6.245798603999948, 0.0 ], [ 106.73040170600008, -6.246002331999925, 0.0 ], [ 106.730432429000075, -6.246184532999967, 0.0 ], [ 106.730473304000043, -6.246401150999925, 0.0 ], [ 106.730483954000078, -6.246478550999938, 0.0 ], [ 106.730486531000054, -6.246497282999944, 0.0 ], [ 106.730486567000071, -6.246497492999942, 0.0 ], [ 106.730515786000069, -6.246669439999942, 0.0 ], [ 106.730526076000046, -6.246745753999951, 0.0 ], [ 106.730538039000066, -6.246834479999956, 0.0 ], [ 106.730552544000034, -6.246942054999979, 0.0 ], [ 106.730561, -6.247012, 0.0 ], [ 106.730561331000047, -6.247011964999954, 0.0 ], [ 106.730740626000056, -6.246993110999946, 0.0 ], [ 106.730876907000038, -6.246983006999924, 0.0 ], [ 106.730877, -6.246983, 0.0 ], [ 106.730888710000045, -6.24709454099997, 0.0 ], [ 106.730899072000057, -6.24719211799993, 0.0 ], [ 106.730902684000057, -6.247267837999964, 0.0 ], [ 106.730905234000033, -6.247321286999971, 0.0 ], [ 106.730909953000037, -6.247371502999949, 0.0 ], [ 106.73091, -6.247372, 0.0 ], [ 106.730945559000077, -6.247369960999951, 0.0 ], [ 106.731587, -6.247435, 0.0 ], [ 106.731578807000062, -6.247573575999971, 0.0 ], [ 106.731564, -6.247824, 0.0 ], [ 106.731564503000072, -6.247824070999969, 0.0 ], [ 106.73156674500008, -6.24782438899996, 0.0 ], [ 106.731685222000067, -6.247837371999926, 0.0 ], [ 106.731731663000062, -6.247842460999948, 0.0 ], [ 106.731803698000078, -6.247850354999968, 0.0 ], [ 106.731804262000082, -6.247947012999933, 0.0 ], [ 106.731804357000044, -6.247963308999944, 0.0 ], [ 106.731806, -6.248209, 0.0 ], [ 106.731905970000071, -6.248215343999955, 0.0 ], [ 106.731954051000059, -6.248218394999973, 0.0 ], [ 106.731998293000061, -6.248222987999953, 0.0 ], [ 106.732036227000037, -6.248226925999973, 0.0 ], [ 106.732081222000033, -6.248231596999978, 0.0 ], [ 106.732086559000038, -6.248232150999971, 0.0 ], [ 106.732091036000057, -6.24823261599993, 0.0 ], [ 106.732114, -6.248235, 0.0 ], [ 106.732145360000061, -6.248577925999939, 0.0 ], [ 106.732170716000041, -6.248855193999923, 0.0 ], [ 106.732174250000071, -6.248893832999953, 0.0 ], [ 106.732176088000074, -6.249063692999933, 0.0 ], [ 106.732176734000063, -6.249123423999947, 0.0 ], [ 106.732177, -6.249148, 0.0 ], [ 106.732147040000086, -6.249149243999968, 0.0 ], [ 106.732144619000053, -6.249149343999924, 0.0 ], [ 106.732138843000087, -6.249149583999949, 0.0 ], [ 106.732135916000061, -6.249149705999971, 0.0 ], [ 106.732117305000088, -6.249152095999938, 0.0 ], [ 106.732101313000044, -6.249151168999962, 0.0 ], [ 106.732033255000033, -6.249147224999951, 0.0 ], [ 106.732000133000042, -6.249145304999962, 0.0 ], [ 106.731988810000075, -6.249145741999931, 0.0 ], [ 106.731897031000074, -6.249149280999966, 0.0 ], [ 106.731870012000059, -6.249150322999979, 0.0 ], [ 106.731770027000039, -6.249154178999955, 0.0 ], [ 106.731753523000066, -6.249154814999944, 0.0 ], [ 106.731645, -6.249159, 0.0 ], [ 106.731645011000069, -6.249159204999958, 0.0 ], [ 106.731656986000075, -6.249376998999929, 0.0 ], [ 106.73166400100007, -6.249504589999954, 0.0 ], [ 106.731664587000068, -6.24951520099995, 0.0 ], [ 106.731665223000064, -6.249527011999929, 0.0 ], [ 106.731667, -6.24956, 0.0 ], [ 106.731585052000071, -6.249564275999944, 0.0 ], [ 106.731552, -6.249566, 0.0 ], [ 106.731543582000086, -6.249603784999985, 0.0 ], [ 106.731529859000034, -6.249665388999965, 0.0 ], [ 106.731510248000063, -6.249753419999936, 0.0 ], [ 106.731507, -6.249768, 0.0 ], [ 106.731626049000056, -6.249804417999946, 0.0 ], [ 106.731625315000088, -6.249865168999976, 0.0 ], [ 106.731624439000086, -6.249937721999966, 0.0 ], [ 106.731618, -6.250471, 0.0 ], [ 106.731680440000048, -6.250473030999957, 0.0 ], [ 106.731740721000051, -6.250474990999974, 0.0 ], [ 106.731741, -6.250475, 0.0 ], [ 106.731742200000042, -6.250520244999961, 0.0 ], [ 106.731743846000086, -6.250570632999939, 0.0 ], [ 106.731743895000079, -6.250572122999926, 0.0 ], [ 106.731747147000078, -6.250754812999959, 0.0 ], [ 106.731748, -6.250814, 0.0 ], [ 106.731678845000033, -6.250815630999957, 0.0 ], [ 106.731656684000086, -6.25094192499994, 0.0 ], [ 106.731606681000073, -6.251226886999966, 0.0 ], [ 106.731599934000087, -6.251265337999947, 0.0 ], [ 106.731543406000085, -6.251523904999934, 0.0 ], [ 106.73152080400007, -6.251921119999963, 0.0 ], [ 106.731493233000037, -6.252260933999937, 0.0 ], [ 106.731495041000073, -6.252302200999962, 0.0 ], [ 106.731503479000082, -6.252494809999976, 0.0 ], [ 106.73151912100009, -6.252851873999932, 0.0 ], [ 106.730867719000074, -6.252890335999949, 0.0 ], [ 106.730137877000061, -6.252933429999924, 0.0 ], [ 106.729359382000055, -6.252949901999963, 0.0 ], [ 106.72917381700006, -6.252953827999939, 0.0 ], [ 106.729053284000088, -6.252950204999931, 0.0 ], [ 106.728717405000054, -6.25294010999994, 0.0 ], [ 106.728445910000062, -6.252931949999942, 0.0 ], [ 106.728140720000056, -6.252922776999988, 0.0 ], [ 106.727548229000035, -6.252846586999958, 0.0 ], [ 106.726573353000049, -6.252721223999968, 0.0 ], [ 106.725585897000101, -6.25262016999994, 0.0 ], [ 106.724941259000047, -6.252554199999964, 0.0 ], [ 106.724570333000088, -6.252101359999933, 0.0 ], [ 106.724398566000048, -6.251891659999951, 0.0 ], [ 106.724320598000077, -6.251796472999947, 0.0 ], [ 106.723937489000036, -6.251395879999968, 0.0 ], [ 106.723884522000063, -6.251340495999961, 0.0 ], [ 106.723717995000072, -6.251166367999931, 0.0 ], [ 106.723666588000071, -6.25111261499996, 0.0 ], [ 106.723582544000067, -6.251024734999922, 0.0 ], [ 106.723538589000043, -6.250978773999972, 0.0 ], [ 106.723445616000049, -6.250881557999939, 0.0 ], [ 106.723066868000046, -6.250893154999975, 0.0 ], [ 106.72196028500008, -6.250927037999927, 0.0 ], [ 106.721328507000067, -6.250946381999931, 0.0 ], [ 106.720834291000074, -6.250961513999917, 0.0 ], [ 106.720555609000087, -6.25097004699995, 0.0 ], [ 106.720506592000049, -6.250971547999934, 0.0 ], [ 106.720493137000076, -6.250971959999954, 0.0 ], [ 106.720471018000083, -6.250899057999966, 0.0 ], [ 106.720471000000103, -6.250899, 0.0 ], [ 106.720567821000088, -6.250858649999948, 0.0 ], [ 106.720610248000071, -6.250840939999939, 0.0 ], [ 106.720677, -6.250813, 0.0 ], [ 106.720618543000057, -6.250726981999947, 0.0 ], [ 106.720604090000052, -6.250693535999972, 0.0 ], [ 106.720600946000047, -6.250684200999962, 0.0 ], [ 106.720588639000084, -6.250647651999949, 0.0 ], [ 106.720575075000056, -6.250594106999927, 0.0 ], [ 106.720550988000085, -6.250539636999966, 0.0 ], [ 106.720516371000087, -6.250481375999924, 0.0 ], [ 106.720486546000075, -6.250426925999933, 0.0 ], [ 106.720447150000041, -6.250369635999953, 0.0 ], [ 106.720433765000053, -6.250353005999947, 0.0 ], [ 106.720412582000051, -6.250326686999922, 0.0 ], [ 106.720312728000067, -6.250205477999938, 0.0 ], [ 106.720282905000033, -6.250151027999944, 0.0 ], [ 106.720247348000044, -6.250098509999932, 0.0 ], [ 106.720184860000074, -6.249998233999981, 0.0 ], [ 106.720149322000069, -6.249951456999946, 0.0 ], [ 106.720049566000057, -6.249859913999952, 0.0 ], [ 106.720047692000037, -6.249858474999939, 0.0 ], [ 106.719995419000043, -6.249818310999962, 0.0 ], [ 106.719977948000064, -6.249804886999932, 0.0 ], [ 106.719914385000038, -6.24975604699995, 0.0 ], [ 106.719903832000057, -6.249745555999941, 0.0 ], [ 106.71989323300005, -6.249721664999988, 0.0 ], [ 106.719887423000046, -6.249699674999939, 0.0 ], [ 106.719857912000066, -6.24960863099995, 0.0 ], [ 106.719854577000035, -6.249598342999946, 0.0 ], [ 106.719843946000083, -6.249563926999937, 0.0 ], [ 106.719826670000089, -6.249544842999969, 0.0 ], [ 106.719799839000075, -6.249528662999969, 0.0 ], [ 106.71977017200004, -6.249522059999941, 0.0 ], [ 106.719750071000078, -6.249516383999942, 0.0 ], [ 106.719730920000075, -6.249508790999926, 0.0 ], [ 106.719728013000065, -6.249497317999957, 0.0 ], [ 106.719726035000065, -6.249477227999929, 0.0 ], [ 106.719722094000076, -6.249441831999944, 0.0 ], [ 106.719720975000087, -6.249392073999963, 0.0 ], [ 106.719718024000088, -6.249367202999965, 0.0 ], [ 106.719687435000083, -6.249367926999973, 0.0 ], [ 106.719572296000081, -6.249370649999951, 0.0 ], [ 106.719537099000036, -6.24937148299995, 0.0 ], [ 106.719489742000064, -6.24936589499992, 0.0 ], [ 106.719470681000089, -6.249361880999968, 0.0 ], [ 106.719460739000056, -6.249359786999947, 0.0 ], [ 106.719457, -6.249359, 0.0 ], [ 106.719456998000055, -6.249358884999936, 0.0 ], [ 106.719452648000072, -6.249072680999977, 0.0 ], [ 106.719452439000065, -6.249058022999973, 0.0 ], [ 106.719452278000077, -6.249046675999982, 0.0 ], [ 106.719451142000082, -6.248966964999964, 0.0 ], [ 106.719450856000037, -6.248879402999926, 0.0 ], [ 106.719453486000077, -6.248806185999974, 0.0 ], [ 106.719476260000079, -6.248751563999978, 0.0 ], [ 106.719486231000076, -6.248729998999968, 0.0 ], [ 106.719493192000073, -6.248665380999969, 0.0 ], [ 106.719502835000071, -6.248543334999962, 0.0 ], [ 106.719513088000042, -6.24844307699993, 0.0 ], [ 106.719523686000059, -6.248339431999963, 0.0 ], [ 106.719530620000057, -6.248266201999972, 0.0 ], [ 106.719514715000059, -6.24822749599997, 0.0 ], [ 106.719496161000052, -6.248199842999951, 0.0 ], [ 106.719486915000061, -6.248186062999928, 0.0 ], [ 106.719485466000037, -6.248143901999977, 0.0 ], [ 106.719485338000084, -6.248140173999963, 0.0 ], [ 106.719483728000057, -6.248093294999929, 0.0 ], [ 106.719483288000049, -6.248080490999934, 0.0 ], [ 106.719487, -6.248056, 0.0 ], [ 106.719344852000063, -6.248045747999978, 0.0 ], [ 106.719150030000037, -6.24804043899996, 0.0 ], [ 106.719144590000042, -6.248040290999935, 0.0 ], [ 106.719140596000045, -6.248040181999947, 0.0 ], [ 106.719134, -6.24804000199992, 0.0 ], [ 106.719133755000087, -6.248039995999928, 0.0 ], [ 106.71913376100008, -6.248039920999938, 0.0 ], [ 106.719133919000058, -6.248037824999916, 0.0 ], [ 106.719134110000084, -6.248035276999922, 0.0 ], [ 106.719134217000033, -6.248033861999946, 0.0 ], [ 106.719134337000071, -6.248032261999986, 0.0 ], [ 106.719135723000079, -6.248013816999956, 0.0 ], [ 106.719137583000077, -6.247989061999926, 0.0 ], [ 106.719143035000059, -6.247916501999958, 0.0 ], [ 106.71914946000004, -6.24782013299995, 0.0 ], [ 106.719133041000077, -6.247697352999975, 0.0 ], [ 106.719103775000065, -6.247685217999965, 0.0 ], [ 106.71907950300006, -6.247685217999958, 0.0 ], [ 106.71901097600005, -6.24769592499996, 0.0 ], [ 106.718923174000068, -6.247720194999949, 0.0 ], [ 106.718841517000044, -6.24772459899997, 0.0 ], [ 106.718777550000098, -6.247728048999932, 0.0 ], [ 106.718526280000063, -6.247739469999945, 0.0 ], [ 106.71839136300008, -6.247747320999968, 0.0 ], [ 106.718343537000067, -6.247700922999963, 0.0 ], [ 106.718227895000041, -6.247548873999953, 0.0 ], [ 106.718137237000064, -6.247503189999971, 0.0 ], [ 106.717988759000036, -6.247461786999957, 0.0 ], [ 106.717910950000032, -6.247423953999933, 0.0 ], [ 106.717882397000039, -6.247393257999924, 0.0 ], [ 106.717875973000048, -6.247361134999946, 0.0 ], [ 106.717901755000071, -6.247299636999966, 0.0 ], [ 106.717953781000062, -6.247175537999966, 0.0 ], [ 106.71800517800007, -6.247076313999977, 0.0 ], [ 106.718034444000068, -6.247053469999976, 0.0 ], [ 106.71806656800004, -6.24702420399995, 0.0 ], [ 106.718111539000063, -6.246947108999955, 0.0 ], [ 106.71825644900008, -6.246692267999946, 0.0 ], [ 106.718281174000083, -6.246673141999961, 0.0 ], [ 106.718288510000036, -6.246667466999948, 0.0 ], [ 106.718294282000045, -6.246663001999941, 0.0 ], [ 106.718316410000057, -6.246641586999941, 0.0 ], [ 106.718315696000047, -6.246610890999931, 0.0 ], [ 106.718302, -6.246472, 0.0 ], [ 106.718292854000083, -6.246380320999949, 0.0 ], [ 106.71829426100004, -6.246343026999966, 0.0 ], [ 106.718295523000052, -6.246309581999981, 0.0 ], [ 106.718297332000077, -6.24626164999995, 0.0 ], [ 106.718298564000065, -6.246228987999933, 0.0 ], [ 106.718337826000038, -6.246065517999972, 0.0 ], [ 106.718349742000044, -6.246031738999936, 0.0 ], [ 106.718415634000067, -6.245844941999953, 0.0 ], [ 106.718497011000068, -6.245625080999957, 0.0 ], [ 106.718530969000085, -6.245523207999956, 0.0 ], [ 106.718558402000042, -6.24544090999995, 0.0 ], [ 106.718584838000083, -6.245345558999922, 0.0 ], [ 106.718621933000065, -6.245211767999932, 0.0 ], [ 106.718626193000034, -6.245201444999958, 0.0 ], [ 106.718659054000057, -6.245121823999961, 0.0 ], [ 106.71866725600006, -6.245104124999946, 0.0 ], [ 106.718707855000048, -6.245016513999925, 0.0 ], [ 106.718726510000067, -6.244976258999938, 0.0 ], [ 106.718753993000064, -6.244916951999928, 0.0 ], [ 106.718860355000061, -6.244689952999973, 0.0 ], [ 106.718997387000059, -6.244402648999937, 0.0 ], [ 106.719000179000034, -6.244403231999973, 0.0 ], [ 106.71929564800007, -6.244464889999956, 0.0 ], [ 106.719454422000069, -6.244498022999941, 0.0 ], [ 106.719702090000055, -6.24454810399993, 0.0 ], [ 106.719972892000044, -6.244602863999935, 0.0 ], [ 106.719984297000053, -6.244580815999936, 0.0 ], [ 106.720037482000066, -6.244594680999965, 0.0 ], [ 106.720103937000033, -6.244612004999968, 0.0 ], [ 106.720132454000066, -6.244559278999925, 0.0 ], [ 106.720204033000073, -6.244599261999954, 0.0 ], [ 106.72020432000005, -6.244599421999957, 0.0 ], [ 106.720224428000051, -6.244610653999932, 0.0 ], [ 106.72028582300004, -6.244502956999948, 0.0 ], [ 106.720291100000054, -6.244493699999971, 0.0 ], [ 106.720323521000068, -6.244499321999964, 0.0 ], [ 106.720396253000047, -6.244515352999946, 0.0 ], [ 106.720421118000047, -6.244523655999953, 0.0 ], [ 106.720475714000088, -6.244541887999951, 0.0 ], [ 106.720577245000072, -6.244591318999934, 0.0 ], [ 106.720606406000059, -6.244597638999946, 0.0 ], [ 106.720625094000084, -6.244601688999974, 0.0 ], [ 106.720635057000038, -6.244602827999934, 0.0 ], [ 106.720655420000071, -6.244605158999947, 0.0 ], [ 106.720690148000074, -6.244609131999936, 0.0 ], [ 106.720827931000088, -6.244631648999934, 0.0 ], [ 106.720968396000046, -6.244654254999952, 0.0 ], [ 106.720990057000051, -6.244657740999975, 0.0 ], [ 106.721020251000098, -6.244662599999975, 0.0 ], [ 106.721065466000098, -6.244671330999944, 0.0 ], [ 106.721129169000051, -6.244683631999978, 0.0 ], [ 106.721243762000086, -6.244705953999932, 0.0 ], [ 106.721244, -6.244706, 0.0 ], [ 106.721234365000043, -6.244741686999923, 0.0 ], [ 106.721253579000063, -6.244746909999951, 0.0 ], [ 106.721638767000059, -6.244851611999937, 0.0 ], [ 106.722073097000077, -6.244974596999952, 0.0 ], [ 106.722249635000082, -6.245013162999951, 0.0 ], [ 106.722347255000045, -6.245036527999958, 0.0 ], [ 106.722418330000039, -6.24505710999994, 0.0 ], [ 106.722515251000061, -6.245086218999963, 0.0 ], [ 106.722630821000052, -6.245115267999955, 0.0 ], [ 106.722666485000047, -6.245120883999958, 0.0 ], [ 106.722711194000055, -6.245127923999971, 0.0 ], [ 106.722832468000036, -6.24514690599995, 0.0 ], [ 106.722972407000043, -6.245170848999981, 0.0 ], [ 106.723040569000034, -6.245178520999949, 0.0 ], [ 106.723122352000075, -6.245183995999973, 0.0 ], [ 106.723206986000037, -6.245183718999953, 0.0 ], [ 106.723248394000052, -6.245182420999988, 0.0 ], [ 106.723283721000087, -6.245181313999976, 0.0 ], [ 106.723366, -6.245168, 0.0 ], [ 106.72335347700006, -6.245039140999954, 0.0 ], [ 106.723348596000051, -6.244989499999967, 0.0 ], [ 106.723347, -6.244971, 0.0 ], [ 106.723779842000056, -6.244935541999954, 0.0 ], [ 106.723845084000061, -6.244927432999931, 0.0 ], [ 106.723874053000088, -6.244922365999972, 0.0 ], [ 106.723895261000052, -6.244918655999926, 0.0 ], [ 106.723944190000054, -6.24491849599997, 0.0 ], [ 106.723947620000047, -6.244918484999974, 0.0 ], [ 106.723981332000051, -6.244919090999934, 0.0 ], [ 106.72411474900008, -6.24492296099993, 0.0 ], [ 106.724198355000055, -6.244927222999939, 0.0 ], [ 106.724215704000073, -6.244928106999956, 0.0 ], [ 106.724233831000049, -6.244929030999971, 0.0 ], [ 106.724234566000064, -6.244934769999924, 0.0 ], [ 106.724385905000076, -6.244936998999946, 0.0 ], [ 106.724386, -6.244937, 0.0 ], [ 106.724384342000064, -6.244896238999955, 0.0 ], [ 106.724423389000037, -6.244897861999958, 0.0 ], [ 106.724438028000066, -6.244898470999946, 0.0 ], [ 106.724457380000047, -6.244765089999923, 0.0 ], [ 106.724438218000046, -6.244754386999944, 0.0 ], [ 106.724401355000055, -6.244718920999959, 0.0 ], [ 106.724401043000057, -6.244718621999934, 0.0 ], [ 106.72433626600008, -6.244649453999957, 0.0 ], [ 106.724288286000046, -6.244599370999934, 0.0 ], [ 106.724284362000063, -6.244596169999964, 0.0 ], [ 106.724252867000075, -6.244570481999965, 0.0 ], [ 106.724241541000097, -6.244561244999942, 0.0 ], [ 106.724238322000076, -6.244559825999939, 0.0 ], [ 106.724187671000038, -6.244537496999957, 0.0 ], [ 106.724155282000083, -6.244523016999944, 0.0 ], [ 106.724103, -6.244499, 0.0 ], [ 106.724131164000084, -6.244438395999961, 0.0 ], [ 106.72413871100008, -6.244423734999944, 0.0 ], [ 106.724163236000052, -6.244376088999955, 0.0 ], [ 106.72417798400005, -6.244363355999953, 0.0 ], [ 106.724190638000039, -6.244352429999939, 0.0 ], [ 106.724246677000053, -6.244304041999961, 0.0 ], [ 106.724265715000058, -6.244277065999944, 0.0 ], [ 106.724284753000063, -6.244250086999957, 0.0 ], [ 106.724318483000062, -6.244214047999945, 0.0 ], [ 106.724340028000086, -6.244197693999983, 0.0 ], [ 106.72437111000005, -6.244174099999958, 0.0 ], [ 106.724404197000069, -6.24416736599995, 0.0 ], [ 106.724406550000083, -6.244167198999948, 0.0 ], [ 106.724642583000048, -6.244150441999978, 0.0 ], [ 106.724658556000065, -6.244156502999939, 0.0 ], [ 106.724746847000063, -6.244190003999967, 0.0 ], [ 106.72489, -6.244199, 0.0 ], [ 106.724875258000054, -6.244074330999983, 0.0 ], [ 106.724856311000053, -6.243914103999948, 0.0 ], [ 106.724855129000062, -6.243904106999927, 0.0 ], [ 106.724853234000079, -6.243888086999959, 0.0 ], [ 106.724851428000079, -6.243872816999947, 0.0 ], [ 106.724846220000074, -6.243828771999971, 0.0 ], [ 106.724844, -6.24381, 0.0 ], [ 106.724856097000043, -6.24380908299998, 0.0 ], [ 106.724858956000048, -6.243808865999945, 0.0 ], [ 106.724870491000047, -6.243807991999972, 0.0 ], [ 106.724874416000034, -6.24380922799997, 0.0 ], [ 106.724891553000077, -6.243814622999937, 0.0 ], [ 106.724917378000043, -6.243816450999933, 0.0 ], [ 106.724951814000065, -6.243819209999971, 0.0 ], [ 106.724990063000078, -6.243818127999927, 0.0 ], [ 106.725034987000072, -6.243811281999967, 0.0 ], [ 106.725079909000044, -6.243803478999946, 0.0 ], [ 106.72517739500006, -6.243785933999953, 0.0 ], [ 106.725257671000065, -6.24376940199994, 0.0 ], [ 106.725336062000068, -6.243761487999959, 0.0 ], [ 106.725353410000082, -6.243760319999978, 0.0 ], [ 106.725455576000058, -6.243753441999958, 0.0 ], [ 106.725569343000075, -6.243743497999954, 0.0 ], [ 106.725624802000084, -6.243741402999941, 0.0 ], [ 106.725668783000074, -6.243738387999937, 0.0 ], [ 106.725711797000088, -6.243732504999969, 0.0 ], [ 106.725747155000079, -6.243724733999951, 0.0 ], [ 106.725768157000061, -6.243713180999968, 0.0 ], [ 106.72577956300006, -6.243692089999965, 0.0 ], [ 106.725784238000074, -6.243659537999981, 0.0 ], [ 106.725793701000043, -6.243628882999925, 0.0 ], [ 106.725804145000041, -6.243605882999926, 0.0 ], [ 106.725823219000063, -6.243589551999944, 0.0 ], [ 106.725831549000077, -6.243583023999968, 0.0 ], [ 106.725836048000076, -6.243579497999976, 0.0 ], [ 106.725840388000051, -6.243576097999956, 0.0 ], [ 106.725869985000088, -6.243561645999939, 0.0 ], [ 106.725913939000066, -6.243550018999937, 0.0 ], [ 106.725935654000068, -6.243546323999969, 0.0 ], [ 106.725988488000041, -6.243537331999965, 0.0 ], [ 106.726106035000043, -6.243513023999976, 0.0 ], [ 106.726214981000055, -6.243490655999947, 0.0 ], [ 106.726257899000075, -6.243490165999963, 0.0 ], [ 106.72633260300006, -6.243489312999943, 0.0 ], [ 106.726380440000071, -6.243495854999931, 0.0 ], [ 106.726540457000056, -6.243481992999926, 0.0 ], [ 106.726798113000086, -6.243424625999969, 0.0 ], [ 106.726818172000037, -6.24342246899993, 0.0 ], [ 106.726866943000061, -6.243417222999941, 0.0 ], [ 106.726922812000055, -6.24341703999994, 0.0 ], [ 106.726936105000064, -6.243416996999933, 0.0 ], [ 106.726960765000058, -6.243416915999938, 0.0 ], [ 106.726975962000054, -6.243416864999967, 0.0 ], [ 106.727129490000038, -6.243429280999983, 0.0 ], [ 106.727234196000055, -6.243426065999918, 0.0 ], [ 106.727365777000045, -6.243421281999932, 0.0 ], [ 106.727372420000052, -6.243421039999929, 0.0 ], [ 106.727407744000061, -6.243419754999938, 0.0 ], [ 106.727635803000055, -6.243413264999963, 0.0 ], [ 106.727730468000061, -6.24341008299996, 0.0 ], [ 106.727967146000083, -6.243407870999925, 0.0 ], [ 106.728071113000055, -6.243412791999952, 0.0 ], [ 106.728174872000068, -6.243412690999942, 0.0 ], [ 106.728380900000047, -6.243393294999973, 0.0 ], [ 106.728540124000062, -6.24337830499996, 0.0 ], [ 106.72857537200008, -6.243403946999934, 0.0 ] ] ] ] } },
{ "type": "Feature", "properties": { "OBJECTID": 83626, "NAMOBJ": "Gaga", "FCODE": "BA03080040", "REMARK": " ", "METADATA": "TASWIL1000020221227_DATA_BATAS_DESAKELURAHAN", "SRS_ID": "SRGI 2013", "KDBBPS": " ", "KDCBPS": " ", "KDCPUM": "36.71.13", "KDEBPS": " ", "KDEPUM": "36.71.13.1006", "KDPBPS": " ", "KDPKAB": "36.71", "KDPPUM": "36", "LUASWH": 0.0, "TIPADM": 2, "WADMKC": "Larangan", "WADMKD": "Gaga", "WADMKK": "Kota Tangerang", "WADMPR": "Banten", "WIADKC": " ", "WIADKK": " ", "WIADPR": " ", "WIADKD": " ", "UUPP": " ", "luas": null, "SHAPE_Length": 0.053451198969240908, "SHAPE_Area": 8.3841829348046346e-05 }, "geometry": { "type": "MultiPolygon", "coordinates": [ [ [ [ 106.730989248000071, -6.234842643999972, 0.0 ], [ 106.731034229000045, -6.234849762999943, 0.0 ], [ 106.731054359000041, -6.234852948999952, 0.0 ], [ 106.731059600000037, -6.234853777999952, 0.0 ], [ 106.731061, -6.234854, 0.0 ], [ 106.731061370000077, -6.234858089999936, 0.0 ], [ 106.731061645000068, -6.23486113499996, 0.0 ], [ 106.731062218000034, -6.234867466999955, 0.0 ], [ 106.731063083000038, -6.23487703699994, 0.0 ], [ 106.731065742000055, -6.234906444999979, 0.0 ], [ 106.73106881700005, -6.234940453999969, 0.0 ], [ 106.731075437000072, -6.235013666999981, 0.0 ], [ 106.731078251000042, -6.235046453999934, 0.0 ], [ 106.731081190000054, -6.235080702999932, 0.0 ], [ 106.731092299000068, -6.235210160999933, 0.0 ], [ 106.731096093000076, -6.235254365999944, 0.0 ], [ 106.731107246000079, -6.235384337999955, 0.0 ], [ 106.731110508000086, -6.235422342999918, 0.0 ], [ 106.731120181000051, -6.235535066999951, 0.0 ], [ 106.731131885000082, -6.235577863999939, 0.0 ], [ 106.731139763000044, -6.235606671999968, 0.0 ], [ 106.73114269000007, -6.235617376999923, 0.0 ], [ 106.731144942000086, -6.235625610999933, 0.0 ], [ 106.731172, -6.235692, 0.0 ], [ 106.731353282000043, -6.235659728999964, 0.0 ], [ 106.731357959000036, -6.235658896999952, 0.0 ], [ 106.731374766000044, -6.235658160999938, 0.0 ], [ 106.731395705000068, -6.235657245999953, 0.0 ], [ 106.731403837000073, -6.235656889999968, 0.0 ], [ 106.731432586000039, -6.235655631999975, 0.0 ], [ 106.731442519000041, -6.235655196999975, 0.0 ], [ 106.731443960000036, -6.235655134999939, 0.0 ], [ 106.731445545000042, -6.235655064999949, 0.0 ], [ 106.731446628000072, -6.235655017999937, 0.0 ], [ 106.731446700000049, -6.235655014999971, 0.0 ], [ 106.731446806000065, -6.235655009999957, 0.0 ], [ 106.731446963000053, -6.235655001999937, 0.0 ], [ 106.731447, -6.235655, 0.0 ], [ 106.731447384000035, -6.235656466999963, 0.0 ], [ 106.731447733000039, -6.235657419999939, 0.0 ], [ 106.731448588000035, -6.235659752999929, 0.0 ], [ 106.731449073000078, -6.23566107399995, 0.0 ], [ 106.731453381000051, -6.235672819999942, 0.0 ], [ 106.731453540000075, -6.235673157999941, 0.0 ], [ 106.731453562000084, -6.235673203999959, 0.0 ], [ 106.731453861000048, -6.23567383899995, 0.0 ], [ 106.73146149500009, -6.235690068999934, 0.0 ], [ 106.731473860000051, -6.235716358999987, 0.0 ], [ 106.731489599000042, -6.235749822999935, 0.0 ], [ 106.731495554000048, -6.235762484999956, 0.0 ], [ 106.731517249000035, -6.235808610999924, 0.0 ], [ 106.731525035000061, -6.235825165999926, 0.0 ], [ 106.731533, -6.235842, 0.0 ], [ 106.731532973000071, -6.235842040999962, 0.0 ], [ 106.731531309000047, -6.235844516999971, 0.0 ], [ 106.73141809100008, -6.23593093099992, 0.0 ], [ 106.731418, -6.235931, 0.0 ], [ 106.73143603300008, -6.235952009999947, 0.0 ], [ 106.73163158400007, -6.236071989999973, 0.0 ], [ 106.731717986000035, -6.236125001999933, 0.0 ], [ 106.731892147000053, -6.236231858999934, 0.0 ], [ 106.731942570000058, -6.23625479099996, 0.0 ], [ 106.731954392000034, -6.236260167999937, 0.0 ], [ 106.732128640000056, -6.236339415999967, 0.0 ], [ 106.732148578000078, -6.236348483999953, 0.0 ], [ 106.732320950000087, -6.236421483999956, 0.0 ], [ 106.732493322000039, -6.236494483999933, 0.0 ], [ 106.732592391000082, -6.236558596999949, 0.0 ], [ 106.73281507300004, -6.236702707999936, 0.0 ], [ 106.732885041000102, -6.236747986999949, 0.0 ], [ 106.733173217000058, -6.236948020999933, 0.0 ], [ 106.733199164000041, -6.236966030999948, 0.0 ], [ 106.733200336000039, -6.236966844999928, 0.0 ], [ 106.733199886000094, -6.236969758999976, 0.0 ], [ 106.733195657000067, -6.236997123999976, 0.0 ], [ 106.733173086000079, -6.237143167999938, 0.0 ], [ 106.733116084000073, -6.237379973999962, 0.0 ], [ 106.733078693000039, -6.237535309999944, 0.0 ], [ 106.733076551000067, -6.237544206999933, 0.0 ], [ 106.733075060000033, -6.237550398999921, 0.0 ], [ 106.73307301400007, -6.23755889999995, 0.0 ], [ 106.733059543000081, -6.237614861999937, 0.0 ], [ 106.733054398000036, -6.237636235999958, 0.0 ], [ 106.733068228000036, -6.23764404199994, 0.0 ], [ 106.733220863000042, -6.237730187999946, 0.0 ], [ 106.733173252000086, -6.237896935999962, 0.0 ], [ 106.733158959000036, -6.237946994999964, 0.0 ], [ 106.733149277000052, -6.237980905999965, 0.0 ], [ 106.733159159000095, -6.23798420899994, 0.0 ], [ 106.733210846000077, -6.237998392999937, 0.0 ], [ 106.733240505000097, -6.238007776999952, 0.0 ], [ 106.733188137000084, -6.238175074999964, 0.0 ], [ 106.733115154000089, -6.238154979999926, 0.0 ], [ 106.733103416000063, -6.238220809999978, 0.0 ], [ 106.733076809000067, -6.23821262999996, 0.0 ], [ 106.733058282000059, -6.238286225999956, 0.0 ], [ 106.733092986000088, -6.238298073999945, 0.0 ], [ 106.733090577000041, -6.23836759499995, 0.0 ], [ 106.733089711000048, -6.238392584999923, 0.0 ], [ 106.732953429000077, -6.238423361999943, 0.0 ], [ 106.732952370000078, -6.238423600999961, 0.0 ], [ 106.732953168000051, -6.238424336999973, 0.0 ], [ 106.732972602000075, -6.238442262999962, 0.0 ], [ 106.732993524000051, -6.238480101999928, 0.0 ], [ 106.733039943000051, -6.238564053999943, 0.0 ], [ 106.73305121900006, -6.238586930999931, 0.0 ], [ 106.733084031000033, -6.23865349499994, 0.0 ], [ 106.73312177400004, -6.23873005899997, 0.0 ], [ 106.733184072000086, -6.238881745999942, 0.0 ], [ 106.73319045900007, -6.238897300999946, 0.0 ], [ 106.733198412000036, -6.238913490999949, 0.0 ], [ 106.733228043000068, -6.238915768999967, 0.0 ], [ 106.733279904000085, -6.238934604999933, 0.0 ], [ 106.733258112000044, -6.239286839999986, 0.0 ], [ 106.733218435000083, -6.239612342999975, 0.0 ], [ 106.733195162000072, -6.239639224999967, 0.0 ], [ 106.732954627000083, -6.239627027999965, 0.0 ], [ 106.732667130000053, -6.239442322999929, 0.0 ], [ 106.732458249000047, -6.239318604999937, 0.0 ], [ 106.732024358000047, -6.239400416999966, 0.0 ], [ 106.731475719000073, -6.239484519999955, 0.0 ], [ 106.731324361000077, -6.239482302999925, 0.0 ], [ 106.731262412000035, -6.239481395999974, 0.0 ], [ 106.731236592000073, -6.239481017999933, 0.0 ], [ 106.731113146000041, -6.239479209999953, 0.0 ], [ 106.731074615000068, -6.239478645999945, 0.0 ], [ 106.730942079000044, -6.239476703999963, 0.0 ], [ 106.730946646000064, -6.239561630999958, 0.0 ], [ 106.73096210500006, -6.239849142999958, 0.0 ], [ 106.730965047000041, -6.23990529899992, 0.0 ], [ 106.730836819000046, -6.239911317999944, 0.0 ], [ 106.730780734000078, -6.23991394999996, 0.0 ], [ 106.730760580000037, -6.239914895999965, 0.0 ], [ 106.730681401000083, -6.23991861299993, 0.0 ], [ 106.730656826000086, -6.239919765999951, 0.0 ], [ 106.730656338000074, -6.239919788999947, 0.0 ], [ 106.730609174000051, -6.239922002999948, 0.0 ], [ 106.730588043000068, -6.239923303999944, 0.0 ], [ 106.730588428000033, -6.239929930999954, 0.0 ], [ 106.730591485000048, -6.239982588999967, 0.0 ], [ 106.730600276000089, -6.24013397799996, 0.0 ], [ 106.73060634400008, -6.240238483999978, 0.0 ], [ 106.730607183000075, -6.24025292399995, 0.0 ], [ 106.73060945900005, -6.240292120999925, 0.0 ], [ 106.730626761000053, -6.240391167999968, 0.0 ], [ 106.730634682000073, -6.240460431999966, 0.0 ], [ 106.730635508000034, -6.240467657999951, 0.0 ], [ 106.730646864000065, -6.240555435999963, 0.0 ], [ 106.730646992000075, -6.240556425999957, 0.0 ], [ 106.730669850000083, -6.240733101999978, 0.0 ], [ 106.730675551000047, -6.240778806999973, 0.0 ], [ 106.730685811000058, -6.240861043999931, 0.0 ], [ 106.730716388000076, -6.241104440999942, 0.0 ], [ 106.730728771000088, -6.241203018999958, 0.0 ], [ 106.730390613000054, -6.241243603999982, 0.0 ], [ 106.730401417000053, -6.241330844999941, 0.0 ], [ 106.730447567000056, -6.241703463999959, 0.0 ], [ 106.730449553000085, -6.241719500999971, 0.0 ], [ 106.730473065000069, -6.241963450999952, 0.0 ], [ 106.730496542000083, -6.242196634999969, 0.0 ], [ 106.730496695000056, -6.242197719999975, 0.0 ], [ 106.730498891000082, -6.242213338999927, 0.0 ], [ 106.730512966000063, -6.242313438999929, 0.0 ], [ 106.730531712000086, -6.242446765999947, 0.0 ], [ 106.730555002000088, -6.242595942999978, 0.0 ], [ 106.730561016000081, -6.242634472999947, 0.0 ], [ 106.730575904000034, -6.24279950199997, 0.0 ], [ 106.730594455000073, -6.242988441999959, 0.0 ], [ 106.730596736000052, -6.243004051999948, 0.0 ], [ 106.730597030000069, -6.24300606699995, 0.0 ], [ 106.730603015000057, -6.243047026999933, 0.0 ], [ 106.730610277000039, -6.243074516999958, 0.0 ], [ 106.730628325000055, -6.243110342999948, 0.0 ], [ 106.730643061000094, -6.243139594999944, 0.0 ], [ 106.730956116000073, -6.243101694999954, 0.0 ], [ 106.731050873000072, -6.243857735999941, 0.0 ], [ 106.730934848000061, -6.243872758999937, 0.0 ], [ 106.730824190000078, -6.243887086999962, 0.0 ], [ 106.730695397000034, -6.243903762999933, 0.0 ], [ 106.730692823000098, -6.243883641999952, 0.0 ], [ 106.730689163000079, -6.243855023999968, 0.0 ], [ 106.730685122000068, -6.243823433999978, 0.0 ], [ 106.730637417000082, -6.243825818999938, 0.0 ], [ 106.730616, -6.243595, 0.0 ], [ 106.73061596000008, -6.243594997999937, 0.0 ], [ 106.730595246000064, -6.243593720999973, 0.0 ], [ 106.730555804000062, -6.243595044999942, 0.0 ], [ 106.730512801000089, -6.243604755999969, 0.0 ], [ 106.730341452000062, -6.243619761999972, 0.0 ], [ 106.730188306000073, -6.24362765999996, 0.0 ], [ 106.730185615000039, -6.243627798999963, 0.0 ], [ 106.730087085000036, -6.243632880999938, 0.0 ], [ 106.730047367000054, -6.243634928999934, 0.0 ], [ 106.729925242000036, -6.243641226999958, 0.0 ], [ 106.729882425000085, -6.243641367999937, 0.0 ], [ 106.729772451000088, -6.243641728999941, 0.0 ], [ 106.729753109000058, -6.243641792999938, 0.0 ], [ 106.729632638000055, -6.243649365999947, 0.0 ], [ 106.729542532000039, -6.243658778999925, 0.0 ], [ 106.729453280000087, -6.243668101999954, 0.0 ], [ 106.729394819000049, -6.24367420899995, 0.0 ], [ 106.72936554100005, -6.243677266999947, 0.0 ], [ 106.729320510000036, -6.243681970999938, 0.0 ], [ 106.729303594000044, -6.243682271999943, 0.0 ], [ 106.729156, -6.243685, 0.0 ], [ 106.729155779000052, -6.243684901999928, 0.0 ], [ 106.729107671000065, -6.243663531999965, 0.0 ], [ 106.729043880000063, -6.243637767999924, 0.0 ], [ 106.729043035000075, -6.243637426999944, 0.0 ], [ 106.729001738000079, -6.243626551999959, 0.0 ], [ 106.728971250000086, -6.243618523999936, 0.0 ], [ 106.728837321000071, -6.243604608999935, 0.0 ], [ 106.728782659000046, -6.243611803999947, 0.0 ], [ 106.728724628000066, -6.243615203999973, 0.0 ], [ 106.728719468000079, -6.243615505999965, 0.0 ], [ 106.728717083000049, -6.243615645999965, 0.0 ], [ 106.728691490000074, -6.243617145999956, 0.0 ], [ 106.72868001900008, -6.243613958999968, 0.0 ], [ 106.728674999000077, -6.24361256499998, 0.0 ], [ 106.728673516000072, -6.243612152999962, 0.0 ], [ 106.728657226000067, -6.243607627999946, 0.0 ], [ 106.728632479000055, -6.243580978999938, 0.0 ], [ 106.728619154000071, -6.243550520999981, 0.0 ], [ 106.728598215000034, -6.243472474999983, 0.0 ], [ 106.72857537200008, -6.243403946999934, 0.0 ], [ 106.728540124000062, -6.24337830499996, 0.0 ], [ 106.728380900000047, -6.243393294999973, 0.0 ], [ 106.728174872000068, -6.243412690999942, 0.0 ], [ 106.728071113000055, -6.243412791999952, 0.0 ], [ 106.727967146000083, -6.243407870999925, 0.0 ], [ 106.727730468000061, -6.24341008299996, 0.0 ], [ 106.727635803000055, -6.243413264999963, 0.0 ], [ 106.727407744000061, -6.243419754999938, 0.0 ], [ 106.727372420000052, -6.243421039999929, 0.0 ], [ 106.727365777000045, -6.243421281999932, 0.0 ], [ 106.727234196000055, -6.243426065999918, 0.0 ], [ 106.727129490000038, -6.243429280999983, 0.0 ], [ 106.726975962000054, -6.243416864999967, 0.0 ], [ 106.726960765000058, -6.243416915999938, 0.0 ], [ 106.726936105000064, -6.243416996999933, 0.0 ], [ 106.726922812000055, -6.24341703999994, 0.0 ], [ 106.726866943000061, -6.243417222999941, 0.0 ], [ 106.726818172000037, -6.24342246899993, 0.0 ], [ 106.726798113000086, -6.243424625999969, 0.0 ], [ 106.726540457000056, -6.243481992999926, 0.0 ], [ 106.726380440000071, -6.243495854999931, 0.0 ], [ 106.72633260300006, -6.243489312999943, 0.0 ], [ 106.726257899000075, -6.243490165999963, 0.0 ], [ 106.726214981000055, -6.243490655999947, 0.0 ], [ 106.726106035000043, -6.243513023999976, 0.0 ], [ 106.725988488000041, -6.243537331999965, 0.0 ], [ 106.725935654000068, -6.243546323999969, 0.0 ], [ 106.725913939000066, -6.243550018999937, 0.0 ], [ 106.725869985000088, -6.243561645999939, 0.0 ], [ 106.725840388000051, -6.243576097999956, 0.0 ], [ 106.725836048000076, -6.243579497999976, 0.0 ], [ 106.725831549000077, -6.243583023999968, 0.0 ], [ 106.725823219000063, -6.243589551999944, 0.0 ], [ 106.725804145000041, -6.243605882999926, 0.0 ], [ 106.725793701000043, -6.243628882999925, 0.0 ], [ 106.725784238000074, -6.243659537999981, 0.0 ], [ 106.72577956300006, -6.243692089999965, 0.0 ], [ 106.725768157000061, -6.243713180999968, 0.0 ], [ 106.725747155000079, -6.243724733999951, 0.0 ], [ 106.725711797000088, -6.243732504999969, 0.0 ], [ 106.725668783000074, -6.243738387999937, 0.0 ], [ 106.725624802000084, -6.243741402999941, 0.0 ], [ 106.725569343000075, -6.243743497999954, 0.0 ], [ 106.725455576000058, -6.243753441999958, 0.0 ], [ 106.725353410000082, -6.243760319999978, 0.0 ], [ 106.725336062000068, -6.243761487999959, 0.0 ], [ 106.725257671000065, -6.24376940199994, 0.0 ], [ 106.72517739500006, -6.243785933999953, 0.0 ], [ 106.725079909000044, -6.243803478999946, 0.0 ], [ 106.725034987000072, -6.243811281999967, 0.0 ], [ 106.724990063000078, -6.243818127999927, 0.0 ], [ 106.724951814000065, -6.243819209999971, 0.0 ], [ 106.724917378000043, -6.243816450999933, 0.0 ], [ 106.724891553000077, -6.243814622999937, 0.0 ], [ 106.724874416000034, -6.24380922799997, 0.0 ], [ 106.724870491000047, -6.243807991999972, 0.0 ], [ 106.724858956000048, -6.243808865999945, 0.0 ], [ 106.724856097000043, -6.24380908299998, 0.0 ], [ 106.724844, -6.24381, 0.0 ], [ 106.724846220000074, -6.243828771999971, 0.0 ], [ 106.724851428000079, -6.243872816999947, 0.0 ], [ 106.724853234000079, -6.243888086999959, 0.0 ], [ 106.724855129000062, -6.243904106999927, 0.0 ], [ 106.724856311000053, -6.243914103999948, 0.0 ], [ 106.724875258000054, -6.244074330999983, 0.0 ], [ 106.72489, -6.244199, 0.0 ], [ 106.724746847000063, -6.244190003999967, 0.0 ], [ 106.724658556000065, -6.244156502999939, 0.0 ], [ 106.724642583000048, -6.244150441999978, 0.0 ], [ 106.724406550000083, -6.244167198999948, 0.0 ], [ 106.724404197000069, -6.24416736599995, 0.0 ], [ 106.72437111000005, -6.244174099999958, 0.0 ], [ 106.724340028000086, -6.244197693999983, 0.0 ], [ 106.724318483000062, -6.244214047999945, 0.0 ], [ 106.724284753000063, -6.244250086999957, 0.0 ], [ 106.724265715000058, -6.244277065999944, 0.0 ], [ 106.724246677000053, -6.244304041999961, 0.0 ], [ 106.724190638000039, -6.244352429999939, 0.0 ], [ 106.72417798400005, -6.244363355999953, 0.0 ], [ 106.724163236000052, -6.244376088999955, 0.0 ], [ 106.72413871100008, -6.244423734999944, 0.0 ], [ 106.724131164000084, -6.244438395999961, 0.0 ], [ 106.724103, -6.244499, 0.0 ], [ 106.724155282000083, -6.244523016999944, 0.0 ], [ 106.724187671000038, -6.244537496999957, 0.0 ], [ 106.724238322000076, -6.244559825999939, 0.0 ], [ 106.724241541000097, -6.244561244999942, 0.0 ], [ 106.724252867000075, -6.244570481999965, 0.0 ], [ 106.724284362000063, -6.244596169999964, 0.0 ], [ 106.724288286000046, -6.244599370999934, 0.0 ], [ 106.72433626600008, -6.244649453999957, 0.0 ], [ 106.724401043000057, -6.244718621999934, 0.0 ], [ 106.724401355000055, -6.244718920999959, 0.0 ], [ 106.724438218000046, -6.244754386999944, 0.0 ], [ 106.724457380000047, -6.244765089999923, 0.0 ], [ 106.724438028000066, -6.244898470999946, 0.0 ], [ 106.724423389000037, -6.244897861999958, 0.0 ], [ 106.724384342000064, -6.244896238999955, 0.0 ], [ 106.724386, -6.244937, 0.0 ], [ 106.724385905000076, -6.244936998999946, 0.0 ], [ 106.724234566000064, -6.244934769999924, 0.0 ], [ 106.724233831000049, -6.244929030999971, 0.0 ], [ 106.724215704000073, -6.244928106999956, 0.0 ], [ 106.724198355000055, -6.244927222999939, 0.0 ], [ 106.72411474900008, -6.24492296099993, 0.0 ], [ 106.723981332000051, -6.244919090999934, 0.0 ], [ 106.723947620000047, -6.244918484999974, 0.0 ], [ 106.723944190000054, -6.24491849599997, 0.0 ], [ 106.723895261000052, -6.244918655999926, 0.0 ], [ 106.723874053000088, -6.244922365999972, 0.0 ], [ 106.723845084000061, -6.244927432999931, 0.0 ], [ 106.723779842000056, -6.244935541999954, 0.0 ], [ 106.723347, -6.244971, 0.0 ], [ 106.723348596000051, -6.244989499999967, 0.0 ], [ 106.72335347700006, -6.245039140999954, 0.0 ], [ 106.723366, -6.245168, 0.0 ], [ 106.723283721000087, -6.245181313999976, 0.0 ], [ 106.723248394000052, -6.245182420999988, 0.0 ], [ 106.723206986000037, -6.245183718999953, 0.0 ], [ 106.723122352000075, -6.245183995999973, 0.0 ], [ 106.723040569000034, -6.245178520999949, 0.0 ], [ 106.722972407000043, -6.245170848999981, 0.0 ], [ 106.722832468000036, -6.24514690599995, 0.0 ], [ 106.722711194000055, -6.245127923999971, 0.0 ], [ 106.722666485000047, -6.245120883999958, 0.0 ], [ 106.722630821000052, -6.245115267999955, 0.0 ], [ 106.722515251000061, -6.245086218999963, 0.0 ], [ 106.722418330000039, -6.24505710999994, 0.0 ], [ 106.722347255000045, -6.245036527999958, 0.0 ], [ 106.722249635000082, -6.245013162999951, 0.0 ], [ 106.722073097000077, -6.244974596999952, 0.0 ], [ 106.721638767000059, -6.244851611999937, 0.0 ], [ 106.721253579000063, -6.244746909999951, 0.0 ], [ 106.721234365000043, -6.244741686999923, 0.0 ], [ 106.721244, -6.244706, 0.0 ], [ 106.721243762000086, -6.244705953999932, 0.0 ], [ 106.721129169000051, -6.244683631999978, 0.0 ], [ 106.721065466000098, -6.244671330999944, 0.0 ], [ 106.721020251000098, -6.244662599999975, 0.0 ], [ 106.720990057000051, -6.244657740999975, 0.0 ], [ 106.720968396000046, -6.244654254999952, 0.0 ], [ 106.720827931000088, -6.244631648999934, 0.0 ], [ 106.720690148000074, -6.244609131999936, 0.0 ], [ 106.720655420000071, -6.244605158999947, 0.0 ], [ 106.720635057000038, -6.244602827999934, 0.0 ], [ 106.720625094000084, -6.244601688999974, 0.0 ], [ 106.720606406000059, -6.244597638999946, 0.0 ], [ 106.720577245000072, -6.244591318999934, 0.0 ], [ 106.720475714000088, -6.244541887999951, 0.0 ], [ 106.720421118000047, -6.244523655999953, 0.0 ], [ 106.720396253000047, -6.244515352999946, 0.0 ], [ 106.720323521000068, -6.244499321999964, 0.0 ], [ 106.720291100000054, -6.244493699999971, 0.0 ], [ 106.72028582300004, -6.244502956999948, 0.0 ], [ 106.720224428000051, -6.244610653999932, 0.0 ], [ 106.72020432000005, -6.244599421999957, 0.0 ], [ 106.720204033000073, -6.244599261999954, 0.0 ], [ 106.720132454000066, -6.244559278999925, 0.0 ], [ 106.720103937000033, -6.244612004999968, 0.0 ], [ 106.720037482000066, -6.244594680999965, 0.0 ], [ 106.719984297000053, -6.244580815999936, 0.0 ], [ 106.719972892000044, -6.244602863999935, 0.0 ], [ 106.719702090000055, -6.24454810399993, 0.0 ], [ 106.719454422000069, -6.244498022999941, 0.0 ], [ 106.71929564800007, -6.244464889999956, 0.0 ], [ 106.719000179000034, -6.244403231999973, 0.0 ], [ 106.718997387000059, -6.244402648999937, 0.0 ], [ 106.71901192200005, -6.244372174999969, 0.0 ], [ 106.719021149000071, -6.244347773999944, 0.0 ], [ 106.719051287000084, -6.244268067999947, 0.0 ], [ 106.719090282000082, -6.244055761999958, 0.0 ], [ 106.719091933000072, -6.244047751999969, 0.0 ], [ 106.719092114000034, -6.244046867999934, 0.0 ], [ 106.719121348000044, -6.243904937999957, 0.0 ], [ 106.719136823000042, -6.243811581999977, 0.0 ], [ 106.71913584400005, -6.24377948899996, 0.0 ], [ 106.719132004000073, -6.243653696999963, 0.0 ], [ 106.719121073000053, -6.243323142999948, 0.0 ], [ 106.719124859000033, -6.243303470999928, 0.0 ], [ 106.719124088000058, -6.243259229999977, 0.0 ], [ 106.719116433000067, -6.242820704999935, 0.0 ], [ 106.719107648000033, -6.242317512999938, 0.0 ], [ 106.719107190000045, -6.242291213999972, 0.0 ], [ 106.719097248000082, -6.24199219399998, 0.0 ], [ 106.719081467000095, -6.241869114999921, 0.0 ], [ 106.719074659000057, -6.241816018999935, 0.0 ], [ 106.719063517000052, -6.241729135999948, 0.0 ], [ 106.719061, -6.241501, 0.0 ], [ 106.719055883000067, -6.241098446999957, 0.0 ], [ 106.719055337000043, -6.241053299999975, 0.0 ], [ 106.71904564800009, -6.240858512999984, 0.0 ], [ 106.719044067000084, -6.240826755999926, 0.0 ], [ 106.719042546000097, -6.240796156999968, 0.0 ], [ 106.718986851000068, -6.240536356999939, 0.0 ], [ 106.718984887000033, -6.240527194999966, 0.0 ], [ 106.71897490300006, -6.240476583999969, 0.0 ], [ 106.71894538500004, -6.240326957999966, 0.0 ], [ 106.718960644000049, -6.240119488999929, 0.0 ], [ 106.718973818000052, -6.240007573999951, 0.0 ], [ 106.719050829000082, -6.23935331699994, 0.0 ], [ 106.719086701000037, -6.238896110999966, 0.0 ], [ 106.719100443000073, -6.238843340999947, 0.0 ], [ 106.719117463000089, -6.238777986999935, 0.0 ], [ 106.719141939000053, -6.238668138999969, 0.0 ], [ 106.719150479000064, -6.238629815999959, 0.0 ], [ 106.719160286000033, -6.238599517999941, 0.0 ], [ 106.719116222000096, -6.238586572999958, 0.0 ], [ 106.719232181000052, -6.23859853599993, 0.0 ], [ 106.719317841000077, -6.238613763999984, 0.0 ], [ 106.719418730000086, -6.238636606999934, 0.0 ], [ 106.719462513000053, -6.238651835999978, 0.0 ], [ 106.719513909000057, -6.238682292999955, 0.0 ], [ 106.719597379000049, -6.238720606999941, 0.0 ], [ 106.719630027000051, -6.238735592999949, 0.0 ], [ 106.719684, -6.238752, 0.0 ], [ 106.71973921700004, -6.238767833999921, 0.0 ], [ 106.719789732000038, -6.238781411999985, 0.0 ], [ 106.719821554000077, -6.238789965999961, 0.0 ], [ 106.720200428000055, -6.238891804999972, 0.0 ], [ 106.720301871000061, -6.238919071999928, 0.0 ], [ 106.720391147000043, -6.238942370999958, 0.0 ], [ 106.720448838000038, -6.238957426999943, 0.0 ], [ 106.720703861000061, -6.239023982999977, 0.0 ], [ 106.720821107000063, -6.239062897999933, 0.0 ], [ 106.721187797000084, -6.239184606999969, 0.0 ], [ 106.721328117000056, -6.239229889999931, 0.0 ], [ 106.72139334700006, -6.239250939999981, 0.0 ], [ 106.721452016000057, -6.239269871999957, 0.0 ], [ 106.721523761000086, -6.239276814999917, 0.0 ], [ 106.721652884000036, -6.239283569999933, 0.0 ], [ 106.72173467500005, -6.239291914999965, 0.0 ], [ 106.72180015000005, -6.23930037999998, 0.0 ], [ 106.721853787000043, -6.239307314999968, 0.0 ], [ 106.721975807000035, -6.239335625999954, 0.0 ], [ 106.722097362000056, -6.239366995999951, 0.0 ], [ 106.722233, -6.239402, 0.0 ], [ 106.722461488000079, -6.239469289999929, 0.0 ], [ 106.722525169000065, -6.239490707999946, 0.0 ], [ 106.722572555000056, -6.239506645999929, 0.0 ], [ 106.722651904000088, -6.239533333999932, 0.0 ], [ 106.722760184000037, -6.239569751999969, 0.0 ], [ 106.722911466000085, -6.239626674999958, 0.0 ], [ 106.72298018400005, -6.239664039999975, 0.0 ], [ 106.722991939000053, -6.239670431999973, 0.0 ], [ 106.723009168000033, -6.239679258999955, 0.0 ], [ 106.723051328000054, -6.239700860999957, 0.0 ], [ 106.72316, -6.23974, 0.0 ], [ 106.723179474000062, -6.239702578999927, 0.0 ], [ 106.723200208000037, -6.239662734999968, 0.0 ], [ 106.72320026000007, -6.239662635999927, 0.0 ], [ 106.72320460800006, -6.239654279999971, 0.0 ], [ 106.723205999000086, -6.239651606999925, 0.0 ], [ 106.723206631000039, -6.239650392999972, 0.0 ], [ 106.723210227000038, -6.239643482999948, 0.0 ], [ 106.723210506000044, -6.239642947999934, 0.0 ], [ 106.723210991000087, -6.239642020999955, 0.0 ], [ 106.723211001000038, -6.239641995999924, 0.0 ], [ 106.723322862000103, -6.239683703999958, 0.0 ], [ 106.723342734000084, -6.239694494999983, 0.0 ], [ 106.723351618000038, -6.239699318999953, 0.0 ], [ 106.723384174000046, -6.23971699699996, 0.0 ], [ 106.723473307000063, -6.239776993999951, 0.0 ], [ 106.723523159000081, -6.239815109999934, 0.0 ], [ 106.723537563000036, -6.239833245999926, 0.0 ], [ 106.723566637000033, -6.239950857999931, 0.0 ], [ 106.723593691000076, -6.240035939999927, 0.0 ], [ 106.72367930200005, -6.240188774999985, 0.0 ], [ 106.723788795000075, -6.240333875999962, 0.0 ], [ 106.723828017000073, -6.240374330999938, 0.0 ], [ 106.723833220000074, -6.240379697999976, 0.0 ], [ 106.723889833000044, -6.240438090999925, 0.0 ], [ 106.723934314000076, -6.240483969999957, 0.0 ], [ 106.723942321000038, -6.240492229999975, 0.0 ], [ 106.724028986000064, -6.24057298699995, 0.0 ], [ 106.724029005000034, -6.240573004999924, 0.0 ], [ 106.724214579000034, -6.240403296999936, 0.0 ], [ 106.724247973000047, -6.240362178999925, 0.0 ], [ 106.72425879900004, -6.24034884899993, 0.0 ], [ 106.724274661000038, -6.240329318999954, 0.0 ], [ 106.724335532000055, -6.240232167999983, 0.0 ], [ 106.724457597000082, -6.240116698999941, 0.0 ], [ 106.72451735900006, -6.240051105999958, 0.0 ], [ 106.724676174000081, -6.239876793999938, 0.0 ], [ 106.724753289000034, -6.239792153999936, 0.0 ], [ 106.724856876000047, -6.239666212999972, 0.0 ], [ 106.724889659000056, -6.23956484899997, 0.0 ], [ 106.724920780000048, -6.239468628999929, 0.0 ], [ 106.724960152000051, -6.23937204699996, 0.0 ], [ 106.725062549000086, -6.239204817999953, 0.0 ], [ 106.725102373000084, -6.239139777999988, 0.0 ], [ 106.725126218000071, -6.239121682999953, 0.0 ], [ 106.725231398000062, -6.239041868999941, 0.0 ], [ 106.725250280000068, -6.239033961999951, 0.0 ], [ 106.725463251000065, -6.23897410899996, 0.0 ], [ 106.725558742000032, -6.238931689999962, 0.0 ], [ 106.725570152000046, -6.238912517999943, 0.0 ], [ 106.725609783000039, -6.238845925999946, 0.0 ], [ 106.725648148000062, -6.238781462999952, 0.0 ], [ 106.725689990000035, -6.238711156999955, 0.0 ], [ 106.725798703000066, -6.238394575999966, 0.0 ], [ 106.725860829000055, -6.238213660999981, 0.0 ], [ 106.725865215000056, -6.23819476199997, 0.0 ], [ 106.725986164000062, -6.237693327999982, 0.0 ], [ 106.726005539000084, -6.237613002999972, 0.0 ], [ 106.726030234000064, -6.237510620999961, 0.0 ], [ 106.726035956000032, -6.237486900999962, 0.0 ], [ 106.726021, -6.237394, 0.0 ], [ 106.726019294000082, -6.237393390999959, 0.0 ], [ 106.725949258000071, -6.237368391999946, 0.0 ], [ 106.725561748000075, -6.237230072999972, 0.0 ], [ 106.725518252000086, -6.237212637999967, 0.0 ], [ 106.725476472000082, -6.237195889999954, 0.0 ], [ 106.725452361000066, -6.237186224999965, 0.0 ], [ 106.725374829000089, -6.23715514699995, 0.0 ], [ 106.725357130000077, -6.237148051999951, 0.0 ], [ 106.725357, -6.237148, 0.0 ], [ 106.725374829000089, -6.237102507999961, 0.0 ], [ 106.725378610000064, -6.237092858999971, 0.0 ], [ 106.725397160000057, -6.237045194999947, 0.0 ], [ 106.725404835000063, -6.237025472999962, 0.0 ], [ 106.725420678000035, -6.236984763999939, 0.0 ], [ 106.725430265000057, -6.236960129999935, 0.0 ], [ 106.725447637000059, -6.236915492999968, 0.0 ], [ 106.725372019000091, -6.23689102799994, 0.0 ], [ 106.725413604000039, -6.236820185999929, 0.0 ], [ 106.72542102500006, -6.236807543999921, 0.0 ], [ 106.725441, -6.236774, 0.0 ], [ 106.725495052000042, -6.236793312999957, 0.0 ], [ 106.725533040000073, -6.236807176999945, 0.0 ], [ 106.72556869400006, -6.236820185999929, 0.0 ], [ 106.725622883000085, -6.236839957999965, 0.0 ], [ 106.725623, -6.23684, 0.0 ], [ 106.7256280000001, -6.236820185999932, 0.0 ], [ 106.725631364000037, -6.236806854999935, 0.0 ], [ 106.725650386000041, -6.236732620999928, 0.0 ], [ 106.725659362000044, -6.236697590999939, 0.0 ], [ 106.725680278000084, -6.236615964999943, 0.0 ], [ 106.725686035000095, -6.236593495999947, 0.0 ], [ 106.725719973000082, -6.236461052999967, 0.0 ], [ 106.725720839000076, -6.236457641999954, 0.0 ], [ 106.725721595000039, -6.236454667999972, 0.0 ], [ 106.725732916000084, -6.236410084999934, 0.0 ], [ 106.725740387000087, -6.236380665999945, 0.0 ], [ 106.725752714000066, -6.236332124999939, 0.0 ], [ 106.725753, -6.236331, 0.0 ], [ 106.725753280000049, -6.236331067999972, 0.0 ], [ 106.725757624000039, -6.236332124999933, 0.0 ], [ 106.725920623000036, -6.236371797999943, 0.0 ], [ 106.725931299000081, -6.23637441299996, 0.0 ], [ 106.725962958000082, -6.236382167999975, 0.0 ], [ 106.726100994000035, -6.236415988999961, 0.0 ], [ 106.726139038000042, -6.236369127999973, 0.0 ], [ 106.726168972000039, -6.236332270999989, 0.0 ], [ 106.726181351000037, -6.236317028999959, 0.0 ], [ 106.726339178000046, -6.236146051999974, 0.0 ], [ 106.726440275000087, -6.236023280999978, 0.0 ], [ 106.726573684000073, -6.235857262999954, 0.0 ], [ 106.726606384000036, -6.235816570999936, 0.0 ], [ 106.726609739000097, -6.235812396999958, 0.0 ], [ 106.726622788000043, -6.235806110999926, 0.0 ], [ 106.726660230000064, -6.235733248999968, 0.0 ], [ 106.72669082200008, -6.235673719999967, 0.0 ], [ 106.726704251000058, -6.235647584999986, 0.0 ], [ 106.726706529000083, -6.235643151999962, 0.0 ], [ 106.726793978000046, -6.235517860999951, 0.0 ], [ 106.726813309000079, -6.23550127299995, 0.0 ], [ 106.726827486000047, -6.235489106999985, 0.0 ], [ 106.726858347000075, -6.235462623999981, 0.0 ], [ 106.726991, -6.235366, 0.0 ], [ 106.727066618000038, -6.235396728999943, 0.0 ], [ 106.727228287000059, -6.235462294999939, 0.0 ], [ 106.727260769000054, -6.235479400999971, 0.0 ], [ 106.727265129000045, -6.235481696999954, 0.0 ], [ 106.727287526000055, -6.235493491999931, 0.0 ], [ 106.727304594000088, -6.235499957999939, 0.0 ], [ 106.727310556000077, -6.235502216999981, 0.0 ], [ 106.727320081000073, -6.235505825999949, 0.0 ], [ 106.727348, -6.235502, 0.0 ], [ 106.727357694000034, -6.235468761999934, 0.0 ], [ 106.727359328000034, -6.235465290999969, 0.0 ], [ 106.72739914400006, -6.235380712999932, 0.0 ], [ 106.727426471000058, -6.235384444999956, 0.0 ], [ 106.727439619000052, -6.235386240999966, 0.0 ], [ 106.72749778900004, -6.235404947999942, 0.0 ], [ 106.727588294000043, -6.235434054999935, 0.0 ], [ 106.727741889000072, -6.235483452999964, 0.0 ], [ 106.727823642000033, -6.235509744999937, 0.0 ], [ 106.72788242300004, -6.235528649999929, 0.0 ], [ 106.727922490000083, -6.235541535999974, 0.0 ], [ 106.727931229000035, -6.23554434699997, 0.0 ], [ 106.727934277000088, -6.235545326999954, 0.0 ], [ 106.727941852000072, -6.23554776299994, 0.0 ], [ 106.72795820000006, -6.235550299999939, 0.0 ], [ 106.727997037000094, -6.235479405999963, 0.0 ], [ 106.728059710000082, -6.235471357999931, 0.0 ], [ 106.728257800000051, -6.235445918999965, 0.0 ], [ 106.728408058000085, -6.235407640999936, 0.0 ], [ 106.728565665000076, -6.23536748999993, 0.0 ], [ 106.728660987000069, -6.235349677999968, 0.0 ], [ 106.728852377000067, -6.235313914999955, 0.0 ], [ 106.729167167000071, -6.235073640999928, 0.0 ], [ 106.72931135500005, -6.234912692999948, 0.0 ], [ 106.729319077000085, -6.234904073999923, 0.0 ], [ 106.729325452000069, -6.234896957999973, 0.0 ], [ 106.729336700000033, -6.23487839999995, 0.0 ], [ 106.729341111000053, -6.234879479999966, 0.0 ], [ 106.729398975000038, -6.234893654999949, 0.0 ], [ 106.72943736600007, -6.234903058999971, 0.0 ], [ 106.729504976000044, -6.234919619999962, 0.0 ], [ 106.729553640000077, -6.234931539999927, 0.0 ], [ 106.729586183000038, -6.234939511999926, 0.0 ], [ 106.729607176000059, -6.234944653999952, 0.0 ], [ 106.729628652000088, -6.234949914999953, 0.0 ], [ 106.729629, -6.23495, 0.0 ], [ 106.729634145000034, -6.234915654999953, 0.0 ], [ 106.72963423200008, -6.23491507299997, 0.0 ], [ 106.729643357000043, -6.234854158999953, 0.0 ], [ 106.729652906000069, -6.234790407999984, 0.0 ], [ 106.729658684000071, -6.234751841999974, 0.0 ], [ 106.72966596100008, -6.234703262999973, 0.0 ], [ 106.729666, -6.234703, 0.0 ], [ 106.729862018000063, -6.234748518999941, 0.0 ], [ 106.730266133000043, -6.234842362999924, 0.0 ], [ 106.730299, -6.234845, 0.0 ], [ 106.730299770000045, -6.234840904999933, 0.0 ], [ 106.730302592000044, -6.234825900999964, 0.0 ], [ 106.730303766000077, -6.234819658999928, 0.0 ], [ 106.730304784000054, -6.234814245999926, 0.0 ], [ 106.730315529000052, -6.234757123999945, 0.0 ], [ 106.730326787000081, -6.234695375999941, 0.0 ], [ 106.730332234000059, -6.234665583999965, 0.0 ], [ 106.73035296200004, -6.234552207999976, 0.0 ], [ 106.730353, -6.234552, 0.0 ], [ 106.730370334000042, -6.234555239999957, 0.0 ], [ 106.730410021000068, -6.23456216599994, 0.0 ], [ 106.730466572000083, -6.234569685999931, 0.0 ], [ 106.730540570000073, -6.234579524999955, 0.0 ], [ 106.730632375000084, -6.23457958299997, 0.0 ], [ 106.73068294400008, -6.234581210999978, 0.0 ], [ 106.730723174000047, -6.234601533999984, 0.0 ], [ 106.730810544000065, -6.234655514999926, 0.0 ], [ 106.730811571000061, -6.234656148999938, 0.0 ], [ 106.730861281000045, -6.234723810999987, 0.0 ], [ 106.73087933000005, -6.234749555999931, 0.0 ], [ 106.730928968000057, -6.234820360999954, 0.0 ], [ 106.730940862000068, -6.234826379999967, 0.0 ], [ 106.730946807000066, -6.234829387999978, 0.0 ], [ 106.730950792000044, -6.23483140499996, 0.0 ], [ 106.730965607000087, -6.234838901999974, 0.0 ], [ 106.730989248000071, -6.234842643999972, 0.0 ] ] ] ] } }
]
}
